x0,y0,z0,x1,y1,z1,x2,y2,z2,x3,y3,z3,x4,y4,z4,x5,y5,z5,x6,y6,z6,x7,y7,z7,x8,y8,z8,x9,y9,z9,x10,y10,z10,x11,y11,z11,x12,y12,z12,x13,y13,z13,x14,y14,z14,x15,y15,z15,x16,y16,z16,x17,y17,z17,x18,y18,z18,x19,y19,z19,x20,y20,z20,label
0.0,0.0,0.0,-0.062793,-0.038993,-0.013028,-0.099761,-0.116161,-0.015294,-0.116771,-0.178008,-0.018931,-0.141165,-0.206064,-0.018528,-0.063595,-0.159183,0.002716,-0.082547,-0.1933,-0.017847,-0.07309,-0.135342,-0.024565,-0.064404,-0.129198,-0.027247,-0.026006,-0.16058,-0.001285,-0.044819,-0.186966,-0.023488,-0.042829,-0.12381,-0.021684,-0.033152,-0.124044,-0.015511,0.011556,-0.15195,-0.010215,-0.005864,-0.179121,-0.033022,-0.008714,-0.119705,-0.01779,7.2e-05,-0.116296,-0.002321,0.048039,-0.138382,-0.02096,0.034487,-0.164071,-0.030586,0.025809,-0.123534,-0.017454,0.031349,-0.113552,-0.005343,A
0.0,0.0,0.0,-0.06356,-0.038665,-0.013493,-0.100024,-0.115653,-0.015806,-0.117246,-0.177471,-0.019215,-0.142255,-0.205544,-0.018578,-0.06541,-0.160036,0.002173,-0.083279,-0.192971,-0.017584,-0.073581,-0.134518,-0.024123,-0.065022,-0.13014,-0.027125,-0.027229,-0.161866,-0.001415,-0.045571,-0.187398,-0.02295,-0.043366,-0.124071,-0.021293,-0.033878,-0.125812,-0.015569,0.010582,-0.153066,-0.009775,-0.006357,-0.179855,-0.032015,-0.009315,-0.120387,-0.0168,-0.001111,-0.118069,-0.001673,0.046575,-0.139222,-0.019961,0.034152,-0.164597,-0.02924,0.02515,-0.123634,-0.015962,0.029795,-0.114196,-0.003926,A
0.0,0.0,0.0,-0.062452,-0.040201,-0.01313,-0.098634,-0.117884,-0.015356,-0.115818,-0.179736,-0.019036,-0.140385,-0.209268,-0.018594,-0.063883,-0.160948,0.003447,-0.082733,-0.194794,-0.017973,-0.073082,-0.137707,-0.025404,-0.064762,-0.13122,-0.028296,-0.026581,-0.16197,-0.000595,-0.044878,-0.187865,-0.022943,-0.042398,-0.124446,-0.021397,-0.033353,-0.125265,-0.01532,0.011129,-0.152967,-0.009742,-0.005875,-0.180957,-0.033107,-0.008619,-0.120972,-0.017943,-0.000359,-0.117335,-0.002275,0.047555,-0.138817,-0.020715,0.034279,-0.164544,-0.030919,0.025151,-0.124231,-0.017882,0.029949,-0.114285,-0.005581,A
0.0,0.0,0.0,-0.062999,-0.039973,-0.012499,-0.098703,-0.117116,-0.014479,-0.115828,-0.178807,-0.017878,-0.140472,-0.207997,-0.017103,-0.065541,-0.16109,0.003241,-0.084004,-0.19535,-0.017326,-0.073292,-0.136962,-0.024284,-0.064617,-0.131022,-0.027147,-0.027593,-0.162139,-0.000678,-0.046243,-0.188684,-0.022444,-0.042836,-0.124699,-0.020764,-0.033718,-0.12562,-0.014807,0.010436,-0.153051,-0.009407,-0.007048,-0.181486,-0.031835,-0.009002,-0.120863,-0.016382,-0.000782,-0.117199,-0.000855,0.046599,-0.138987,-0.019889,0.033208,-0.164491,-0.029215,0.02441,-0.123664,-0.015845,0.029038,-0.114043,-0.003559,A
0.0,0.0,0.0,-0.06285,-0.039299,-0.013211,-0.09882,-0.116956,-0.015329,-0.115069,-0.17837,-0.018636,-0.138424,-0.207817,-0.017457,-0.06312,-0.161599,0.001636,-0.082255,-0.195965,-0.019855,-0.072662,-0.136498,-0.027069,-0.063338,-0.130379,-0.029887,-0.024998,-0.161894,-0.002168,-0.044159,-0.188941,-0.024662,-0.042034,-0.124367,-0.022495,-0.031438,-0.125834,-0.015949,0.012713,-0.152616,-0.010957,-0.005058,-0.17945,-0.033241,-0.007931,-0.119395,-0.017288,0.002331,-0.117695,-0.001441,0.048839,-0.138821,-0.021686,0.035131,-0.16209,-0.030548,0.025926,-0.122964,-0.017229,0.032024,-0.115592,-0.005038,A
0.0,0.0,0.0,-0.062651,-0.038058,-0.013389,-0.098645,-0.116324,-0.015484,-0.115403,-0.178441,-0.018626,-0.139007,-0.207351,-0.017216,-0.063887,-0.161661,0.001145,-0.081869,-0.1962,-0.019884,-0.071549,-0.135613,-0.026682,-0.062499,-0.129602,-0.029471,-0.025786,-0.162144,-0.00244,-0.044164,-0.18999,-0.024751,-0.041373,-0.124321,-0.022548,-0.03172,-0.125789,-0.016078,0.011939,-0.152838,-0.010892,-0.004794,-0.180199,-0.033022,-0.007112,-0.119573,-0.017031,0.001979,-0.117996,-0.001319,0.047831,-0.139037,-0.021261,0.035296,-0.162421,-0.029958,0.026504,-0.122414,-0.016543,0.031709,-0.115046,-0.004456,A
0.0,0.0,0.0,-0.062014,-0.036932,-0.014147,-0.097487,-0.113818,-0.016927,-0.114013,-0.175404,-0.021007,-0.136786,-0.207621,-0.0208,-0.063696,-0.160366,0.002714,-0.081304,-0.195409,-0.019823,-0.072386,-0.137913,-0.028007,-0.06359,-0.127459,-0.030859,-0.026465,-0.161172,-0.001053,-0.043607,-0.189016,-0.023599,-0.041694,-0.125196,-0.022204,-0.032046,-0.123672,-0.01601,0.010817,-0.151723,-0.010144,-0.00434,-0.177972,-0.033408,-0.007255,-0.118198,-0.018393,0.001653,-0.113937,-0.002818,0.046687,-0.136915,-0.021238,0.035315,-0.159113,-0.031165,0.026768,-0.120092,-0.018405,0.03182,-0.111865,-0.006365,A
0.0,0.0,0.0,-0.061777,-0.034817,-0.014538,-0.097961,-0.112614,-0.01733,-0.115378,-0.175274,-0.021262,-0.138396,-0.206763,-0.02061,-0.065104,-0.159156,0.001204,-0.081839,-0.19508,-0.021272,-0.071479,-0.135235,-0.028608,-0.06254,-0.126116,-0.031142,-0.027549,-0.159894,-0.002386,-0.044079,-0.18869,-0.025872,-0.041034,-0.122876,-0.024001,-0.031878,-0.122837,-0.017273,0.009915,-0.15081,-0.011235,-0.004119,-0.176918,-0.035,-0.006134,-0.116205,-0.019452,0.002334,-0.114127,-0.003432,0.045875,-0.136963,-0.022108,0.035829,-0.159602,-0.031931,0.027806,-0.119493,-0.018879,0.032492,-0.111911,-0.006744,A
0.0,0.0,0.0,-0.060639,-0.040052,-0.013705,-0.096168,-0.120493,-0.016273,-0.11294,-0.183351,-0.020495,-0.137408,-0.215261,-0.020675,-0.05973,-0.160616,0.002947,-0.077779,-0.201007,-0.02003,-0.07132,-0.144069,-0.02788,-0.06216,-0.131661,-0.030176,-0.022907,-0.160205,-0.000713,-0.040446,-0.194424,-0.024255,-0.041033,-0.127829,-0.022139,-0.02982,-0.122774,-0.014768,0.014402,-0.150303,-0.009786,-0.00225,-0.184786,-0.033525,-0.007724,-0.122746,-0.017623,0.002361,-0.11331,-0.000763,0.050488,-0.135735,-0.02081,0.037035,-0.166117,-0.030913,0.026576,-0.127468,-0.017893,0.033067,-0.115681,-0.005346,A
0.0,0.0,0.0,-0.061207,-0.041029,-0.011403,-0.096534,-0.120069,-0.01278,-0.113187,-0.18097,-0.015775,-0.137313,-0.210263,-0.014624,-0.063164,-0.163142,0.004888,-0.078879,-0.201055,-0.015771,-0.070246,-0.143064,-0.023461,-0.061449,-0.134191,-0.02678,-0.02635,-0.163524,0.000865,-0.042869,-0.196111,-0.020646,-0.041356,-0.13055,-0.019314,-0.031455,-0.12816,-0.0135,0.01072,-0.155263,-0.007935,-0.004681,-0.186878,-0.029189,-0.008316,-0.124706,-0.013286,0.000677,-0.117408,0.002391,0.046351,-0.142831,-0.018563,0.033384,-0.170361,-0.026957,0.024523,-0.129859,-0.013394,0.030709,-0.119767,-0.001121,A
0.0,0.0,0.0,-0.061186,-0.042593,-0.010776,-0.095911,-0.120971,-0.012281,-0.112485,-0.181732,-0.015714,-0.136306,-0.211358,-0.014812,-0.062054,-0.165138,0.004885,-0.079736,-0.203688,-0.016121,-0.07138,-0.144663,-0.023196,-0.061474,-0.134788,-0.025749,-0.025076,-0.164095,0.000298,-0.042805,-0.197163,-0.022232,-0.042046,-0.129955,-0.020311,-0.031646,-0.126903,-0.013419,0.012073,-0.154719,-0.009049,-0.004286,-0.187792,-0.031195,-0.008849,-0.124625,-0.014704,0.00063,-0.116874,0.002107,0.047996,-0.141037,-0.020169,0.034591,-0.170752,-0.028689,0.024358,-0.130478,-0.014523,0.030056,-0.119631,-0.001359,A
0.0,0.0,0.0,-0.061542,-0.042847,-0.011554,-0.096818,-0.121809,-0.013062,-0.114271,-0.182222,-0.016379,-0.138808,-0.211767,-0.015349,-0.064655,-0.166169,0.006497,-0.079548,-0.202634,-0.014109,-0.071132,-0.145988,-0.021391,-0.06298,-0.137697,-0.024215,-0.027218,-0.166371,0.002484,-0.04334,-0.196403,-0.019638,-0.04179,-0.131641,-0.018481,-0.0329,-0.129673,-0.01235,0.010254,-0.157941,-0.006487,-0.005708,-0.186937,-0.028768,-0.008903,-0.125252,-0.013576,-0.000199,-0.118758,0.002177,0.045809,-0.145631,-0.017243,0.031727,-0.169934,-0.025807,0.023166,-0.130591,-0.012687,0.029672,-0.12258,-0.000502,A
0.0,0.0,0.0,-0.061852,-0.043941,-0.010973,-0.097195,-0.122269,-0.012385,-0.11506,-0.182697,-0.015872,-0.13959,-0.212661,-0.015142,-0.063111,-0.166207,0.007099,-0.080723,-0.201182,-0.01347,-0.071255,-0.144972,-0.020631,-0.061794,-0.137722,-0.023391,-0.026141,-0.165611,0.002512,-0.043746,-0.196413,-0.020013,-0.041917,-0.131513,-0.018988,-0.032563,-0.12987,-0.012731,0.010918,-0.156487,-0.00697,-0.005773,-0.187099,-0.030084,-0.009038,-0.125319,-0.015005,-0.00019,-0.119414,0.0011,0.046364,-0.143057,-0.01814,0.032618,-0.170449,-0.02733,0.02321,-0.130647,-0.013941,0.028982,-0.121119,-0.001267,A
0.0,0.0,0.0,-0.05925,-0.042769,-0.011628,-0.094855,-0.120707,-0.01319,-0.112299,-0.180219,-0.017056,-0.134827,-0.211192,-0.016379,-0.060094,-0.165644,0.008401,-0.078126,-0.201961,-0.013779,-0.070078,-0.145792,-0.022061,-0.06041,-0.137115,-0.025061,-0.024309,-0.165597,0.003782,-0.041138,-0.19435,-0.019178,-0.040619,-0.131325,-0.018498,-0.030772,-0.132512,-0.012502,0.012102,-0.156701,-0.00628,-0.003413,-0.185863,-0.029541,-0.008421,-0.126005,-0.014942,0.000773,-0.122275,0.000718,0.047662,-0.143668,-0.018305,0.035921,-0.16995,-0.028129,0.024779,-0.132017,-0.015858,0.029918,-0.123866,-0.003894,A
0.0,0.0,0.0,-0.058093,-0.042592,-0.011853,-0.093067,-0.120396,-0.013791,-0.11097,-0.180123,-0.017805,-0.133592,-0.210689,-0.017312,-0.0598,-0.165268,0.006991,-0.076606,-0.20157,-0.014676,-0.069131,-0.14503,-0.022368,-0.059716,-0.135768,-0.025122,-0.02378,-0.164706,0.002567,-0.040111,-0.19429,-0.019961,-0.040008,-0.130615,-0.018743,-0.030279,-0.130526,-0.012478,0.012837,-0.155871,-0.00715,-0.0021,-0.185816,-0.030193,-0.007371,-0.125255,-0.015186,0.001545,-0.120175,0.000695,0.048671,-0.142758,-0.0188,0.037024,-0.170193,-0.028657,0.026153,-0.131908,-0.016169,0.031179,-0.122846,-0.004072,A
0.0,0.0,0.0,-0.05832,-0.04243,-0.012034,-0.093431,-0.120564,-0.013947,-0.11141,-0.180315,-0.017837,-0.134167,-0.210648,-0.017153,-0.060111,-0.165384,0.006582,-0.077157,-0.200837,-0.015063,-0.0693,-0.143707,-0.02256,-0.059693,-0.135326,-0.025248,-0.023902,-0.164771,0.002239,-0.04062,-0.194033,-0.020469,-0.040254,-0.129716,-0.019033,-0.030331,-0.130114,-0.012554,0.012746,-0.155941,-0.007397,-0.002598,-0.185463,-0.030623,-0.007707,-0.124503,-0.015453,0.001394,-0.120146,0.000585,0.048506,-0.142915,-0.018961,0.036636,-0.170071,-0.028879,0.025781,-0.131522,-0.0163,0.030833,-0.122748,-0.004118,A
0.0,0.0,0.0,-0.058242,-0.043108,-0.011058,-0.094148,-0.121369,-0.012442,-0.112767,-0.18117,-0.01608,-0.135677,-0.210628,-0.01526,-0.060918,-0.165389,0.008691,-0.077604,-0.201378,-0.013445,-0.06947,-0.145031,-0.021661,-0.060166,-0.136723,-0.024727,-0.025212,-0.165952,0.0038,-0.040612,-0.195265,-0.019183,-0.039714,-0.130978,-0.018504,-0.030595,-0.132375,-0.012425,0.011499,-0.157606,-0.006453,-0.00274,-0.187475,-0.029907,-0.007269,-0.127379,-0.015343,0.001081,-0.124641,0.000311,0.046999,-0.14448,-0.018554,0.035996,-0.171275,-0.028547,0.02564,-0.132038,-0.016112,0.030446,-0.123846,-0.004027,A
0.0,0.0,0.0,-0.058208,-0.043724,-0.01097,-0.093702,-0.122259,-0.012312,-0.112222,-0.181877,-0.015943,-0.135209,-0.210999,-0.015104,-0.060508,-0.16652,0.00891,-0.077543,-0.201894,-0.01293,-0.069452,-0.146059,-0.020898,-0.060111,-0.137758,-0.02381,-0.024763,-0.16696,0.003972,-0.040593,-0.195521,-0.018797,-0.039872,-0.131449,-0.017986,-0.030809,-0.132819,-0.011843,0.01205,-0.158295,-0.006324,-0.002574,-0.187642,-0.029801,-0.0073,-0.127727,-0.015378,0.001108,-0.12483,0.000233,0.047637,-0.144702,-0.018447,0.036225,-0.171104,-0.028532,0.025635,-0.132222,-0.016277,0.030481,-0.123915,-0.004285,A
0.0,0.0,0.0,-0.058976,-0.041622,-0.010756,-0.096649,-0.121739,-0.011758,-0.11553,-0.182882,-0.014663,-0.138912,-0.212187,-0.012789,-0.061236,-0.168143,0.006344,-0.078704,-0.204159,-0.015855,-0.069978,-0.143244,-0.023823,-0.060042,-0.13794,-0.027133,-0.025517,-0.167323,0.001712,-0.041665,-0.198409,-0.021552,-0.041271,-0.130842,-0.019969,-0.031727,-0.134716,-0.013431,0.010648,-0.158519,-0.008004,-0.004344,-0.190397,-0.030734,-0.00914,-0.127391,-0.014528,0.000537,-0.125904,0.001857,0.045389,-0.146489,-0.019585,0.03338,-0.173079,-0.028703,0.023195,-0.131768,-0.015368,0.029805,-0.124267,-0.002862,A
0.0,0.0,0.0,-0.058741,-0.043118,-0.010361,-0.095803,-0.123389,-0.011261,-0.114596,-0.183402,-0.014244,-0.137515,-0.212455,-0.012393,-0.060394,-0.170236,0.006988,-0.079333,-0.205242,-0.015017,-0.070057,-0.144542,-0.022666,-0.059414,-0.138519,-0.02561,-0.024662,-0.169108,0.0021,-0.041899,-0.199014,-0.021077,-0.041153,-0.131617,-0.01927,-0.031469,-0.13499,-0.012473,0.011579,-0.159912,-0.007875,-0.004072,-0.189851,-0.030824,-0.00864,-0.126823,-0.014568,0.001217,-0.125238,0.002053,0.046495,-0.147032,-0.019679,0.034214,-0.174033,-0.028838,0.023962,-0.133046,-0.015268,0.030569,-0.125071,-0.002472,A
0.0,0.0,0.0,-0.060536,-0.042024,-0.011397,-0.09753,-0.122874,-0.012361,-0.115124,-0.182012,-0.014775,-0.138902,-0.210443,-0.012125,-0.064066,-0.169003,0.004618,-0.079318,-0.203968,-0.018458,-0.070241,-0.142978,-0.027555,-0.062087,-0.137539,-0.031643,-0.026943,-0.167553,0.000468,-0.042263,-0.19802,-0.022939,-0.041156,-0.130516,-0.021782,-0.033008,-0.134416,-0.015805,0.009945,-0.158661,-0.008747,-0.005239,-0.188477,-0.030849,-0.009463,-0.126019,-0.014553,-0.000151,-0.125414,0.001444,0.044594,-0.14707,-0.019928,0.032143,-0.170455,-0.028334,0.022347,-0.129627,-0.014937,0.029194,-0.123396,-0.002718,A
0.0,0.0,0.0,-0.061501,-0.040783,-0.01171,-0.099262,-0.121534,-0.012707,-0.117323,-0.182364,-0.015121,-0.141618,-0.210997,-0.012431,-0.065285,-0.169509,0.004816,-0.080932,-0.205271,-0.01756,-0.070817,-0.143398,-0.026357,-0.062281,-0.138186,-0.030484,-0.028018,-0.168956,0.001119,-0.044306,-0.197969,-0.021478,-0.042782,-0.129669,-0.020311,-0.0347,-0.135217,-0.014617,0.008874,-0.160378,-0.007582,-0.007423,-0.190643,-0.029286,-0.011297,-0.126931,-0.013054,-0.001393,-0.12669,0.002749,0.043552,-0.149471,-0.018241,0.030106,-0.171952,-0.026663,0.020306,-0.130524,-0.013413,0.027831,-0.124891,-0.001315,A
0.0,0.0,0.0,-0.060771,-0.041432,-0.01099,-0.098011,-0.121293,-0.011895,-0.11608,-0.181479,-0.014503,-0.13958,-0.21052,-0.012202,-0.063942,-0.168679,0.005656,-0.080219,-0.204376,-0.016356,-0.070376,-0.143731,-0.024494,-0.061298,-0.137704,-0.027911,-0.02696,-0.167912,0.001395,-0.043359,-0.197564,-0.021383,-0.041793,-0.130046,-0.020063,-0.033176,-0.13393,-0.013901,0.009876,-0.159535,-0.007836,-0.006355,-0.190398,-0.030404,-0.009954,-0.127069,-0.01458,-2.5e-05,-0.125745,0.001497,0.044878,-0.14853,-0.018873,0.031412,-0.172868,-0.027722,0.021607,-0.131407,-0.014343,0.0286,-0.124401,-0.00186,A
0.0,0.0,0.0,-0.059646,-0.040579,-0.011268,-0.097618,-0.120402,-0.012662,-0.117268,-0.179998,-0.015898,-0.141168,-0.208055,-0.01428,-0.064765,-0.168618,0.006257,-0.082225,-0.204482,-0.015605,-0.072222,-0.144832,-0.023383,-0.063397,-0.138383,-0.026516,-0.028502,-0.169592,0.001847,-0.04566,-0.197043,-0.020568,-0.043693,-0.130568,-0.019003,-0.035437,-0.134655,-0.012775,0.008541,-0.161674,-0.007694,-0.008026,-0.190059,-0.029985,-0.011262,-0.127202,-0.014145,-0.002021,-0.125971,0.001684,0.044093,-0.150397,-0.019116,0.029381,-0.170746,-0.028202,0.020785,-0.130243,-0.015358,0.028121,-0.125122,-0.003381,A
0.0,0.0,0.0,-0.059778,-0.041007,-0.010633,-0.097049,-0.119774,-0.011927,-0.116338,-0.179243,-0.015326,-0.140033,-0.208438,-0.014155,-0.063307,-0.168686,0.006712,-0.082053,-0.203761,-0.015518,-0.072418,-0.145019,-0.023533,-0.062291,-0.137222,-0.026527,-0.027232,-0.168923,0.001749,-0.045154,-0.196362,-0.020975,-0.0436,-0.130537,-0.019702,-0.034102,-0.133261,-0.013493,0.009612,-0.16081,-0.008342,-0.007709,-0.188998,-0.031579,-0.011533,-0.126353,-0.016273,-0.001679,-0.124262,-0.000353,0.045244,-0.149214,-0.020205,0.029936,-0.171436,-0.030013,0.020575,-0.130593,-0.017132,0.027613,-0.1237,-0.004793,A
0.0,0.0,0.0,-0.060471,-0.039894,-0.009773,-0.09977,-0.114774,-0.011442,-0.120364,-0.171641,-0.015323,-0.143364,-0.200268,-0.014968,-0.069372,-0.165114,0.007472,-0.087947,-0.199336,-0.013184,-0.076444,-0.141675,-0.021436,-0.066611,-0.131755,-0.024995,-0.034595,-0.168225,0.002374,-0.052543,-0.194195,-0.018094,-0.047996,-0.130886,-0.017147,-0.039539,-0.129991,-0.01201,0.002135,-0.162677,-0.007576,-0.015598,-0.191388,-0.028236,-0.016118,-0.130269,-0.013257,-0.00755,-0.124375,0.001397,0.038406,-0.151844,-0.019295,0.022232,-0.174038,-0.028162,0.015696,-0.133148,-0.015574,0.022346,-0.12481,-0.003971,A
0.0,0.0,0.0,-0.060625,-0.039111,-0.009316,-0.099656,-0.113713,-0.01067,-0.11943,-0.169906,-0.014327,-0.14244,-0.198865,-0.014221,-0.067602,-0.162815,0.006105,-0.087324,-0.197402,-0.013726,-0.075838,-0.140779,-0.02112,-0.065434,-0.129546,-0.024049,-0.032162,-0.166184,0.000923,-0.051358,-0.192933,-0.0193,-0.046942,-0.130321,-0.018127,-0.03695,-0.127573,-0.012691,0.00463,-0.160468,-0.008773,-0.014585,-0.188053,-0.02914,-0.015236,-0.127503,-0.014296,-0.005507,-0.120243,0.0004,0.040571,-0.149845,-0.020095,0.022217,-0.170943,-0.028566,0.015521,-0.130219,-0.015729,0.022953,-0.120985,-0.003928,A
0.0,0.0,0.0,-0.063552,-0.035024,-0.010038,-0.104638,-0.109721,-0.011171,-0.124691,-0.165865,-0.014141,-0.14929,-0.192306,-0.012641,-0.076489,-0.158361,0.005728,-0.093418,-0.195936,-0.014683,-0.080753,-0.136766,-0.022826,-0.071697,-0.127805,-0.026809,-0.039893,-0.163525,0.001306,-0.057658,-0.193398,-0.018827,-0.051917,-0.126987,-0.017335,-0.043501,-0.126955,-0.012056,-0.002298,-0.159961,-0.007797,-0.020381,-0.191274,-0.026782,-0.020144,-0.127975,-0.010664,-0.011263,-0.121864,0.004117,0.034019,-0.152302,-0.018788,0.017796,-0.173644,-0.026364,0.0116,-0.132884,-0.013619,0.018429,-0.126187,-0.002405,A
0.0,0.0,0.0,-0.063163,-0.037597,-0.00926,-0.102569,-0.112122,-0.010201,-0.122733,-0.168557,-0.013707,-0.148156,-0.193412,-0.013466,-0.072418,-0.159532,0.008322,-0.091623,-0.194794,-0.01173,-0.080751,-0.139901,-0.01926,-0.070012,-0.128749,-0.022143,-0.036638,-0.164081,0.002955,-0.056266,-0.193479,-0.017787,-0.052135,-0.129075,-0.016653,-0.040791,-0.126149,-0.010731,0.000815,-0.159689,-0.007179,-0.01864,-0.191178,-0.028506,-0.020268,-0.12859,-0.013661,-0.009873,-0.119475,0.001751,0.037589,-0.150651,-0.018993,0.019563,-0.175449,-0.027724,0.010898,-0.134314,-0.014742,0.017614,-0.123206,-0.002527,A
0.0,0.0,0.0,-0.063296,-0.036068,-0.010416,-0.103359,-0.110729,-0.011757,-0.12369,-0.166517,-0.015205,-0.148678,-0.192051,-0.014472,-0.074143,-0.157989,0.006734,-0.092246,-0.194471,-0.013465,-0.080566,-0.137439,-0.021132,-0.070754,-0.127293,-0.024444,-0.038161,-0.163288,0.002232,-0.056775,-0.192487,-0.018517,-0.052076,-0.126924,-0.017153,-0.042074,-0.125335,-0.011364,-0.00086,-0.15954,-0.007099,-0.019475,-0.190235,-0.027348,-0.020635,-0.127538,-0.011951,-0.010944,-0.11982,0.003213,0.035411,-0.151358,-0.018311,0.018553,-0.17331,-0.026451,0.010776,-0.133648,-0.013917,0.017529,-0.125392,-0.002406,A
0.0,0.0,0.0,-0.064612,-0.033551,-0.009842,-0.106028,-0.105688,-0.010552,-0.126449,-0.161933,-0.013568,-0.151573,-0.187807,-0.012374,-0.075952,-0.156452,0.010343,-0.093442,-0.191287,-0.010795,-0.082429,-0.134781,-0.019735,-0.073449,-0.126284,-0.023643,-0.040566,-0.162034,0.005614,-0.059142,-0.189068,-0.016294,-0.054636,-0.125064,-0.016615,-0.045674,-0.126434,-0.01166,-0.003959,-0.160286,-0.004202,-0.023661,-0.188688,-0.025773,-0.023702,-0.126272,-0.01157,-0.013764,-0.122418,0.003208,0.031991,-0.15489,-0.015826,0.013434,-0.173579,-0.024312,0.007709,-0.131898,-0.011904,0.01619,-0.125736,-0.000254,A
0.0,0.0,0.0,-0.06447,-0.033611,-0.009534,-0.105405,-0.105047,-0.010244,-0.126033,-0.161094,-0.01321,-0.151055,-0.18735,-0.012138,-0.075349,-0.155777,0.009368,-0.093762,-0.189147,-0.011179,-0.082437,-0.133187,-0.019487,-0.072718,-0.125342,-0.023057,-0.039683,-0.160935,0.004495,-0.059362,-0.188488,-0.017252,-0.055044,-0.124448,-0.017369,-0.045219,-0.125019,-0.012229,-0.002942,-0.158683,-0.005226,-0.023758,-0.188166,-0.027152,-0.024271,-0.125241,-0.013038,-0.013891,-0.120277,0.001927,0.032869,-0.15277,-0.016615,0.013313,-0.172405,-0.025567,0.006931,-0.13053,-0.01321,0.015246,-0.123404,-0.001426,A
0.0,0.0,0.0,-0.064721,-0.035797,-0.009213,-0.10366,-0.111051,-0.009702,-0.121471,-0.166331,-0.012314,-0.146155,-0.189721,-0.010644,-0.073518,-0.158338,0.00718,-0.092699,-0.190194,-0.013664,-0.08017,-0.13243,-0.021594,-0.070819,-0.124838,-0.024747,-0.037559,-0.16287,0.002245,-0.058214,-0.18668,-0.019009,-0.052418,-0.123314,-0.017486,-0.04183,-0.125855,-0.011332,-0.000704,-0.158943,-0.00748,-0.022581,-0.182831,-0.027555,-0.021837,-0.123064,-0.01238,-0.010329,-0.121701,0.002608,0.034628,-0.151549,-0.019008,0.014783,-0.167748,-0.026234,0.008496,-0.128551,-0.013574,0.017517,-0.124078,-0.002043,A
0.0,0.0,0.0,-0.065656,-0.038745,-0.007947,-0.101135,-0.114172,-0.008008,-0.116296,-0.169752,-0.010827,-0.140044,-0.192664,-0.00988,-0.067988,-0.157467,0.009633,-0.088831,-0.192323,-0.010366,-0.079232,-0.136873,-0.018074,-0.069174,-0.124178,-0.020626,-0.033687,-0.160492,0.004282,-0.055801,-0.186245,-0.015715,-0.051846,-0.125804,-0.014272,-0.039566,-0.12413,-0.008231,0.001644,-0.154314,-0.005831,-0.020511,-0.181321,-0.02529,-0.021018,-0.124676,-0.010791,-0.009059,-0.118873,0.003817,0.036156,-0.143782,-0.017689,0.016976,-0.165561,-0.024838,0.008566,-0.127382,-0.012217,0.016018,-0.117526,-0.000617,A
0.0,0.0,0.0,-0.066105,-0.039297,-0.008054,-0.101673,-0.114492,-0.008189,-0.116928,-0.170181,-0.010919,-0.140348,-0.194692,-0.009793,-0.069005,-0.15809,0.008925,-0.08928,-0.191463,-0.01078,-0.07887,-0.135397,-0.018405,-0.068677,-0.124842,-0.021244,-0.034386,-0.161248,0.003655,-0.056209,-0.186518,-0.016037,-0.051869,-0.125853,-0.014383,-0.039876,-0.125482,-0.008465,0.001218,-0.155309,-0.006285,-0.020776,-0.181697,-0.025516,-0.021006,-0.124571,-0.010814,-0.009151,-0.119974,0.003694,0.035806,-0.144959,-0.017969,0.016846,-0.165471,-0.025045,0.008592,-0.127219,-0.012402,0.015961,-0.118518,-0.000911,A
0.0,0.0,0.0,-0.059088,-0.044456,-0.006887,-0.089019,-0.117342,-0.007604,-0.101616,-0.17139,-0.011554,-0.123799,-0.197662,-0.012597,-0.05134,-0.157109,0.009252,-0.074322,-0.193411,-0.0106,-0.070889,-0.14332,-0.0197,-0.059552,-0.127323,-0.023447,-0.019529,-0.15583,0.002705,-0.045431,-0.184042,-0.017344,-0.04634,-0.131007,-0.018093,-0.031544,-0.124196,-0.014067,0.013516,-0.145784,-0.008334,-0.011344,-0.177174,-0.02755,-0.017231,-0.127198,-0.015421,-0.005064,-0.116536,-0.002754,0.047855,-0.131785,-0.021025,0.025752,-0.155758,-0.029364,0.013345,-0.12055,-0.018451,0.019141,-0.106403,-0.008082,A
0.0,0.0,0.0,-0.054643,-0.039262,-0.008256,-0.084923,-0.112074,-0.009349,-0.097412,-0.164866,-0.013128,-0.117012,-0.195089,-0.013701,-0.049035,-0.155856,0.006287,-0.071105,-0.190387,-0.013358,-0.068746,-0.140692,-0.02133,-0.058182,-0.127966,-0.024491,-0.017108,-0.153742,0.000256,-0.041028,-0.179956,-0.019058,-0.043144,-0.128393,-0.018071,-0.029611,-0.124694,-0.013241,0.015753,-0.143496,-0.010419,-0.006804,-0.172831,-0.030272,-0.014135,-0.122843,-0.017664,-0.003738,-0.114524,-0.004834,0.049803,-0.12907,-0.022785,0.030751,-0.155785,-0.032313,0.017465,-0.120614,-0.021669,0.020674,-0.106482,-0.011422,A
0.0,0.0,0.0,-0.048561,-0.045739,-0.00508,-0.071735,-0.118749,-0.005085,-0.080876,-0.171007,-0.00862,-0.099929,-0.201838,-0.00963,-0.034357,-0.157662,0.011939,-0.052554,-0.195857,-0.00733,-0.05656,-0.151286,-0.017156,-0.04795,-0.129117,-0.020922,-0.005846,-0.152954,0.005248,-0.026409,-0.182526,-0.0125,-0.033053,-0.133308,-0.013875,-0.020008,-0.121212,-0.010517,0.024516,-0.140342,-0.005905,0.005248,-0.172631,-0.023009,-0.005476,-0.126601,-0.012387,0.004173,-0.11288,-0.001076,0.056705,-0.122268,-0.018548,0.04116,-0.15313,-0.025846,0.02578,-0.121673,-0.015644,0.02829,-0.105323,-0.00585,A
0.0,0.0,0.0,-0.048351,-0.044646,-0.006833,-0.072408,-0.117096,-0.00798,-0.08283,-0.16844,-0.01228,-0.100986,-0.200725,-0.013679,-0.035196,-0.160524,0.010858,-0.055736,-0.19435,-0.008778,-0.057503,-0.148365,-0.018636,-0.048557,-0.13015,-0.022768,-0.006558,-0.156762,0.004511,-0.030114,-0.182551,-0.014427,-0.034363,-0.133586,-0.015624,-0.021037,-0.124102,-0.012056,0.023794,-0.145381,-0.006539,0.000922,-0.17209,-0.024956,-0.007229,-0.125644,-0.014432,0.003907,-0.11489,-0.003227,0.055553,-0.128295,-0.019263,0.035886,-0.15306,-0.028024,0.023579,-0.120474,-0.018537,0.029697,-0.106772,-0.009124,A
0.0,0.0,0.0,-0.049452,-0.042054,-0.007261,-0.072867,-0.11666,-0.008229,-0.081264,-0.169375,-0.011939,-0.0977,-0.203415,-0.012254,-0.032854,-0.166461,0.009025,-0.057535,-0.191871,-0.010499,-0.055265,-0.142299,-0.018856,-0.04326,-0.133117,-0.02266,-0.004756,-0.163583,0.002362,-0.032475,-0.181164,-0.017684,-0.03337,-0.128842,-0.017177,-0.018621,-0.127108,-0.012497,0.024192,-0.152233,-0.009046,-0.003712,-0.171015,-0.030216,-0.008694,-0.119284,-0.018276,0.004239,-0.113972,-0.005802,0.053179,-0.135328,-0.022115,0.028467,-0.150089,-0.033892,0.017885,-0.113981,-0.025056,0.025639,-0.104556,-0.015724,A
0.0,0.0,0.0,-0.051601,-0.044571,-0.007259,-0.074733,-0.118631,-0.008536,-0.082646,-0.171698,-0.012463,-0.099141,-0.206343,-0.012887,-0.036649,-0.164491,0.007915,-0.060329,-0.190844,-0.011395,-0.056649,-0.139785,-0.019462,-0.043108,-0.133561,-0.023384,-0.008006,-0.161183,0.001411,-0.034541,-0.181835,-0.019253,-0.035247,-0.128064,-0.018475,-0.019527,-0.127293,-0.01343,0.02155,-0.149731,-0.009637,-0.004931,-0.172215,-0.030039,-0.010038,-0.119861,-0.017059,0.003584,-0.11507,-0.004024,0.051178,-0.133205,-0.022416,0.028339,-0.150183,-0.032797,0.017712,-0.115839,-0.023198,0.026381,-0.107927,-0.013592,A
0.0,0.0,0.0,-0.048339,-0.048313,-0.004548,-0.068801,-0.119586,-0.004289,-0.075746,-0.170917,-0.00771,-0.090212,-0.206843,-0.008507,-0.032781,-0.159755,0.014881,-0.053377,-0.191071,-0.003513,-0.055902,-0.148852,-0.01281,-0.046761,-0.132799,-0.016485,-0.006407,-0.154097,0.008037,-0.030253,-0.178421,-0.01041,-0.035074,-0.131784,-0.012442,-0.022805,-0.121708,-0.009174,0.021737,-0.141226,-0.003326,-0.002557,-0.165731,-0.022508,-0.010427,-0.121092,-0.013865,-0.00044,-0.109115,-0.003096,0.051039,-0.123216,-0.015953,0.029106,-0.147956,-0.025292,0.016688,-0.116252,-0.016793,0.021898,-0.10142,-0.007618,A
0.0,0.0,0.0,-0.047924,-0.045163,-0.005369,-0.069094,-0.116907,-0.005282,-0.07554,-0.169808,-0.008634,-0.09074,-0.205079,-0.009334,-0.034255,-0.157714,0.013241,-0.053614,-0.191136,-0.005549,-0.056877,-0.149132,-0.015095,-0.048947,-0.130112,-0.018654,-0.007174,-0.15238,0.007017,-0.02993,-0.177998,-0.011036,-0.035717,-0.131181,-0.012753,-0.024452,-0.118928,-0.009403,0.021148,-0.139653,-0.003723,-0.00152,-0.165773,-0.022729,-0.010225,-0.120463,-0.013766,-0.000892,-0.105696,-0.002841,0.050582,-0.121868,-0.015786,0.031319,-0.147331,-0.025229,0.018857,-0.116555,-0.016647,0.023267,-0.10062,-0.007397,A
0.0,0.0,0.0,-0.046596,-0.051475,-0.004995,-0.064402,-0.125741,-0.004849,-0.069607,-0.178024,-0.008187,-0.083601,-0.215855,-0.008703,-0.022939,-0.167448,0.014156,-0.048006,-0.194278,-0.004261,-0.048346,-0.147649,-0.013192,-0.036655,-0.131955,-0.016923,0.002718,-0.161581,0.007582,-0.026935,-0.179802,-0.011256,-0.029231,-0.131453,-0.012562,-0.015053,-0.123304,-0.009099,0.029113,-0.148262,-0.003596,-0.002184,-0.166747,-0.023655,-0.006855,-0.119236,-0.014353,0.006358,-0.108373,-0.003324,0.055335,-0.129786,-0.016095,0.026016,-0.145041,-0.027076,0.016848,-0.110668,-0.019393,0.026053,-0.097732,-0.010645,A
0.0,0.0,0.0,-0.047408,-0.051313,-0.004258,-0.066071,-0.125298,-0.004311,-0.071708,-0.17623,-0.008009,-0.084764,-0.214513,-0.008725,-0.024183,-0.171725,0.015151,-0.052496,-0.194838,-0.003712,-0.050893,-0.148547,-0.013694,-0.037525,-0.135516,-0.018375,0.001771,-0.16667,0.007853,-0.030811,-0.181537,-0.011529,-0.031265,-0.13345,-0.013423,-0.016162,-0.126921,-0.010354,0.028599,-0.154071,-0.003986,-0.005772,-0.167904,-0.023423,-0.008955,-0.12021,-0.013822,0.004737,-0.111728,-0.003054,0.054974,-0.134763,-0.017329,0.024003,-0.146882,-0.027532,0.016046,-0.112943,-0.019533,0.02643,-0.101974,-0.01077,A
0.0,0.0,0.0,-0.04912,-0.055145,-0.003543,-0.064793,-0.128897,-0.003785,-0.068789,-0.179429,-0.007389,-0.082233,-0.218132,-0.0079,-0.016847,-0.180748,0.012979,-0.052198,-0.196469,-0.004663,-0.051665,-0.146158,-0.013495,-0.036457,-0.137009,-0.018304,0.009725,-0.174178,0.005297,-0.032337,-0.182743,-0.014083,-0.033463,-0.131714,-0.014682,-0.015387,-0.126882,-0.01112,0.034889,-0.15872,-0.006539,-0.008142,-0.167407,-0.025487,-0.011466,-0.119039,-0.014825,0.005026,-0.112616,-0.003788,0.057242,-0.136605,-0.019857,0.019549,-0.142777,-0.030214,0.012165,-0.11081,-0.022703,0.025052,-0.102898,-0.014373,A
0.0,0.0,0.0,-0.048415,-0.052817,-0.005149,-0.064821,-0.128334,-0.005588,-0.069466,-0.179788,-0.00904,-0.083275,-0.218149,-0.009164,-0.016288,-0.179742,0.012941,-0.051072,-0.197354,-0.005547,-0.049518,-0.147472,-0.01532,-0.033878,-0.136835,-0.020544,0.009876,-0.173552,0.006101,-0.031041,-0.183124,-0.013302,-0.030944,-0.13236,-0.014211,-0.012952,-0.127517,-0.010908,0.034906,-0.158758,-0.00521,-0.006935,-0.167951,-0.024279,-0.009728,-0.119028,-0.013804,0.006402,-0.112394,-0.00292,0.057358,-0.137005,-0.018237,0.020699,-0.143877,-0.028581,0.013618,-0.11164,-0.021151,0.026114,-0.103474,-0.012907,A
0.0,0.0,0.0,-0.045707,-0.054219,-0.004012,-0.05918,-0.12996,-0.004127,-0.062743,-0.180718,-0.007289,-0.077135,-0.218273,-0.007307,-0.008708,-0.18008,0.013128,-0.042459,-0.197549,-0.004363,-0.045579,-0.145229,-0.012966,-0.03224,-0.132928,-0.017525,0.017344,-0.172601,0.006128,-0.023873,-0.184071,-0.013152,-0.028432,-0.129974,-0.013077,-0.011527,-0.121947,-0.008839,0.041267,-0.156329,-0.005085,-0.000836,-0.167967,-0.024032,-0.006864,-0.116556,-0.012704,0.008815,-0.107392,-0.001136,0.062414,-0.134117,-0.017756,0.025043,-0.142632,-0.028017,0.016125,-0.108714,-0.020063,0.028427,-0.099214,-0.011429,A
0.0,0.0,0.0,-0.0455,-0.053827,-0.004592,-0.058847,-0.128874,-0.005106,-0.062583,-0.179192,-0.008583,-0.076577,-0.216839,-0.008791,-0.009485,-0.179,0.013317,-0.042081,-0.198533,-0.005387,-0.044561,-0.147278,-0.015271,-0.031929,-0.133615,-0.020434,0.016686,-0.172392,0.006506,-0.024199,-0.184694,-0.012652,-0.027924,-0.130781,-0.012929,-0.011565,-0.122953,-0.00907,0.041223,-0.156678,-0.004741,-0.001141,-0.168645,-0.023336,-0.006852,-0.116809,-0.012077,0.007978,-0.107799,-0.000844,0.063098,-0.133951,-0.01759,0.025397,-0.142484,-0.027775,0.016931,-0.108684,-0.019911,0.028984,-0.099546,-0.011422,A
0.0,0.0,0.0,-0.045498,-0.053388,-0.004892,-0.060428,-0.126599,-0.005715,-0.063722,-0.177555,-0.009624,-0.076004,-0.215666,-0.010546,-0.016665,-0.175313,0.014614,-0.044761,-0.197127,-0.004116,-0.046405,-0.149374,-0.014392,-0.034786,-0.134474,-0.019459,0.009695,-0.168907,0.007699,-0.024434,-0.182832,-0.010964,-0.027867,-0.132063,-0.012281,-0.013452,-0.123422,-0.008993,0.035914,-0.154139,-0.003814,0.000719,-0.167431,-0.02311,-0.006108,-0.117401,-0.013141,0.006275,-0.107318,-0.002282,0.061069,-0.132223,-0.016846,0.028783,-0.144098,-0.027421,0.01741,-0.108336,-0.019311,0.026179,-0.096258,-0.010434,A
0.0,0.0,0.0,-0.044137,-0.052337,-0.005039,-0.060256,-0.126145,-0.005307,-0.063847,-0.177785,-0.008557,-0.076011,-0.216203,-0.00877,-0.012761,-0.177605,0.01445,-0.042982,-0.196772,-0.00326,-0.045013,-0.148535,-0.012904,-0.03385,-0.133431,-0.017826,0.013553,-0.171171,0.00785,-0.023101,-0.181384,-0.010265,-0.026303,-0.131598,-0.011627,-0.012983,-0.122242,-0.008624,0.038774,-0.156447,-0.003252,0.000956,-0.165932,-0.022378,-0.004694,-0.116867,-0.013027,0.006975,-0.106029,-0.002648,0.062244,-0.134525,-0.015845,0.027722,-0.14261,-0.027056,0.018401,-0.107458,-0.019959,0.027384,-0.095813,-0.011651,A
0.0,0.0,0.0,-0.046473,-0.049599,-0.006223,-0.063407,-0.120356,-0.007317,-0.068476,-0.170943,-0.011295,-0.083153,-0.205589,-0.012257,-0.027862,-0.164894,0.012591,-0.047873,-0.192567,-0.00555,-0.049228,-0.146709,-0.015467,-0.039096,-0.132817,-0.020316,0.000795,-0.160252,0.006514,-0.022965,-0.181855,-0.011236,-0.028037,-0.13302,-0.012381,-0.015191,-0.124465,-0.009052,0.030448,-0.146274,-0.004063,0.008227,-0.170504,-0.021248,-0.003018,-0.123859,-0.010581,0.005428,-0.112867,0.000361,0.06049,-0.125792,-0.016382,0.042209,-0.146325,-0.024312,0.025489,-0.114732,-0.014932,0.027601,-0.101516,-0.005697,A
0.0,0.0,0.0,-0.046215,-0.045316,-0.005968,-0.064142,-0.118021,-0.006449,-0.068558,-0.169777,-0.009799,-0.082403,-0.204886,-0.010147,-0.026865,-0.162827,0.010547,-0.046255,-0.191543,-0.008048,-0.049483,-0.14412,-0.016599,-0.039066,-0.130323,-0.020375,0.001266,-0.158035,0.003895,-0.02214,-0.181157,-0.015038,-0.028817,-0.130502,-0.014974,-0.014474,-0.122831,-0.010354,0.030194,-0.1443,-0.007251,0.00721,-0.168134,-0.026085,-0.003776,-0.119594,-0.014459,0.007266,-0.110041,-0.002333,0.059811,-0.124792,-0.020007,0.039378,-0.145437,-0.029049,0.023912,-0.112242,-0.019334,0.028502,-0.099369,-0.00962,A
0.0,0.0,0.0,-0.049041,-0.044316,-0.006566,-0.071299,-0.113994,-0.007157,-0.077653,-0.165659,-0.010723,-0.090965,-0.199609,-0.010998,-0.0364,-0.156925,0.01066,-0.053192,-0.190465,-0.007592,-0.053973,-0.139704,-0.01531,-0.044725,-0.125618,-0.018181,-0.006925,-0.153267,0.004586,-0.025604,-0.178877,-0.013439,-0.030486,-0.125828,-0.012742,-0.017538,-0.120118,-0.007616,0.023603,-0.141538,-0.006019,0.005641,-0.170316,-0.024725,-0.003764,-0.119564,-0.012638,0.006532,-0.110227,8.4e-05,0.054716,-0.124143,-0.018167,0.038768,-0.150779,-0.026745,0.024704,-0.117109,-0.015982,0.029156,-0.103754,-0.00535,A
0.0,0.0,0.0,-0.049543,-0.04495,-0.00581,-0.071442,-0.114107,-0.006199,-0.076292,-0.164679,-0.009737,-0.088316,-0.197699,-0.010153,-0.03586,-0.156459,0.011028,-0.053241,-0.18989,-0.007715,-0.054551,-0.140665,-0.015606,-0.045588,-0.125648,-0.018255,-0.006873,-0.152965,0.004485,-0.025593,-0.178462,-0.013591,-0.030603,-0.127781,-0.013055,-0.017878,-0.122,-0.007927,0.023153,-0.141101,-0.006567,0.004873,-0.168806,-0.025291,-0.004398,-0.119757,-0.013375,0.005274,-0.110618,-0.000619,0.053936,-0.123267,-0.019092,0.036615,-0.148942,-0.027553,0.022857,-0.114907,-0.016744,0.026834,-0.101097,-0.005986,A
0.0,0.0,0.0,-0.052645,-0.037204,-0.007431,-0.080317,-0.106751,-0.008143,-0.089482,-0.160097,-0.011428,-0.104883,-0.190055,-0.010835,-0.050924,-0.152831,0.009248,-0.064429,-0.189861,-0.010351,-0.06293,-0.136965,-0.017549,-0.05493,-0.121897,-0.019709,-0.019645,-0.153364,0.003476,-0.034552,-0.179259,-0.015535,-0.036873,-0.123102,-0.01378,-0.026012,-0.119724,-0.00748,0.013011,-0.145232,-0.007064,-0.002534,-0.169592,-0.02598,-0.008426,-0.116243,-0.012649,0.000584,-0.110876,0.000914,0.046106,-0.131464,-0.019248,0.030264,-0.150283,-0.027396,0.020862,-0.114631,-0.016395,0.026608,-0.10694,-0.005768,A
0.0,0.0,0.0,-0.05348,-0.038646,-0.005673,-0.081831,-0.109853,-0.005415,-0.0914,-0.161812,-0.008161,-0.106956,-0.191663,-0.007322,-0.048358,-0.153926,0.008625,-0.065259,-0.191707,-0.011017,-0.064391,-0.138984,-0.018091,-0.055037,-0.122796,-0.020036,-0.018,-0.152491,0.001855,-0.035498,-0.180681,-0.017246,-0.038722,-0.123531,-0.014974,-0.02536,-0.119223,-0.008262,0.013818,-0.142809,-0.009436,-0.002921,-0.171431,-0.028712,-0.00999,-0.11739,-0.014685,0.000883,-0.10982,-0.000265,0.046997,-0.127884,-0.022233,0.031403,-0.153166,-0.030905,0.018672,-0.117077,-0.019216,0.022536,-0.104395,-0.007782,A
0.0,0.0,0.0,-0.055863,-0.038224,-0.007513,-0.089313,-0.111671,-0.007757,-0.104921,-0.166165,-0.010356,-0.12558,-0.192295,-0.008987,-0.059665,-0.154167,0.0081,-0.075626,-0.188483,-0.010435,-0.068911,-0.135125,-0.017568,-0.059927,-0.123319,-0.020518,-0.027006,-0.155963,0.002309,-0.043189,-0.183097,-0.015667,-0.04166,-0.125086,-0.013767,-0.031088,-0.122103,-0.008058,0.006763,-0.149687,-0.008026,-0.008848,-0.177735,-0.026392,-0.011842,-0.122295,-0.012518,-0.002282,-0.115993,0.001185,0.040424,-0.138199,-0.020001,0.026215,-0.160295,-0.027745,0.017455,-0.124313,-0.016082,0.022628,-0.115543,-0.00525,A
0.0,0.0,0.0,-0.05689,-0.039109,-0.007898,-0.090753,-0.113184,-0.008067,-0.106411,-0.166312,-0.01058,-0.12669,-0.192186,-0.009211,-0.059322,-0.152871,0.007762,-0.074438,-0.186862,-0.011138,-0.067781,-0.133943,-0.018279,-0.059618,-0.121783,-0.02094,-0.026814,-0.154549,0.002109,-0.041908,-0.182302,-0.016988,-0.039819,-0.124477,-0.01564,-0.029201,-0.121807,-0.009841,0.007404,-0.148029,-0.008035,-0.00758,-0.176815,-0.026489,-0.010284,-0.122357,-0.012597,-0.001187,-0.11668,0.001302,0.041362,-0.13692,-0.019887,0.02722,-0.158325,-0.02696,0.018641,-0.123077,-0.015098,0.024242,-0.115323,-0.004165,A
0.0,0.0,0.0,-0.060107,-0.033646,-0.01051,-0.096668,-0.106117,-0.011431,-0.114922,-0.160313,-0.013785,-0.137448,-0.18619,-0.011675,-0.068085,-0.152101,0.005759,-0.083554,-0.185557,-0.013469,-0.072619,-0.129914,-0.021205,-0.063577,-0.12248,-0.024882,-0.033612,-0.155263,0.002116,-0.049577,-0.18192,-0.017067,-0.045706,-0.121294,-0.01613,-0.036563,-0.123453,-0.011285,0.001136,-0.150071,-0.006081,-0.01479,-0.178335,-0.024093,-0.016397,-0.120939,-0.009928,-0.007224,-0.118454,0.003496,0.0341,-0.141302,-0.016174,0.020373,-0.157905,-0.022817,0.012857,-0.120738,-0.011337,0.018827,-0.116214,-0.001122,A
0.0,0.0,0.0,-0.060413,-0.034934,-0.010216,-0.097228,-0.107438,-0.011485,-0.115341,-0.160843,-0.01468,-0.138298,-0.185523,-0.013827,-0.067391,-0.151529,0.006289,-0.084306,-0.185945,-0.013185,-0.073599,-0.131746,-0.020794,-0.064281,-0.122219,-0.024042,-0.033601,-0.155489,0.001902,-0.049702,-0.181624,-0.017779,-0.045408,-0.121835,-0.01684,-0.035672,-0.122734,-0.011689,0.001177,-0.150367,-0.007111,-0.014972,-0.178087,-0.025631,-0.016001,-0.121582,-0.011269,-0.006633,-0.11785,0.002575,0.034701,-0.14121,-0.018051,0.020078,-0.159167,-0.025021,0.012926,-0.122031,-0.013064,0.019188,-0.115939,-0.002299,A
0.0,0.0,0.0,-0.059497,-0.031576,-0.009352,-0.098528,-0.100497,-0.010617,-0.118053,-0.154819,-0.01429,-0.140941,-0.180293,-0.014306,-0.068101,-0.144727,0.008527,-0.085248,-0.181319,-0.011693,-0.075147,-0.130995,-0.019911,-0.065671,-0.117038,-0.022918,-0.035338,-0.150007,0.003235,-0.050886,-0.178837,-0.016275,-0.045783,-0.123009,-0.015978,-0.03667,-0.120307,-0.011177,-0.001088,-0.146839,-0.006914,-0.016191,-0.177347,-0.026816,-0.015787,-0.123155,-0.013871,-0.008288,-0.116861,-0.000585,0.033212,-0.138819,-0.018772,0.019643,-0.160833,-0.027575,0.014221,-0.123947,-0.016365,0.019492,-0.115668,-0.00582,A
0.0,0.0,0.0,-0.059115,-0.029963,-0.009978,-0.098352,-0.09938,-0.01114,-0.117838,-0.15466,-0.014534,-0.140745,-0.179891,-0.014302,-0.067092,-0.143545,0.008182,-0.084547,-0.17961,-0.011876,-0.074568,-0.129061,-0.019816,-0.065153,-0.115428,-0.022636,-0.034296,-0.148905,0.003222,-0.050118,-0.177587,-0.016437,-0.045405,-0.121262,-0.016039,-0.036138,-0.118779,-0.010958,-0.000274,-0.145744,-0.00666,-0.015429,-0.176066,-0.026789,-0.015501,-0.121603,-0.013917,-0.007997,-0.115705,-0.000484,0.03387,-0.138037,-0.018284,0.020466,-0.160187,-0.027269,0.01471,-0.122831,-0.016155,0.019872,-0.114424,-0.005565,A
0.0,0.0,0.0,-0.05903,-0.028819,-0.012066,-0.099829,-0.098317,-0.013707,-0.121585,-0.153118,-0.017125,-0.145366,-0.177694,-0.016577,-0.071831,-0.140666,0.007966,-0.086746,-0.17758,-0.012068,-0.075676,-0.128043,-0.019974,-0.068618,-0.118116,-0.02307,-0.039114,-0.147054,0.003997,-0.051957,-0.178213,-0.016481,-0.047158,-0.120665,-0.016961,-0.041768,-0.119308,-0.012273,-0.004992,-0.145719,-0.005027,-0.016081,-0.17786,-0.026251,-0.015912,-0.122521,-0.013755,-0.011317,-0.117672,-0.00015,0.028947,-0.139812,-0.015871,0.019474,-0.165415,-0.025007,0.014785,-0.127867,-0.013514,0.018699,-0.119643,-0.002526,A
0.0,0.0,0.0,-0.058994,-0.027568,-0.011631,-0.100044,-0.097151,-0.013071,-0.121614,-0.152219,-0.016478,-0.145563,-0.176676,-0.015968,-0.072725,-0.140603,0.008725,-0.087537,-0.177274,-0.011793,-0.075776,-0.128793,-0.01999,-0.068762,-0.11763,-0.022989,-0.03959,-0.14767,0.004387,-0.052587,-0.177787,-0.015965,-0.047036,-0.120641,-0.016395,-0.041785,-0.119455,-0.011642,-0.004821,-0.146532,-0.005112,-0.016491,-0.177873,-0.026287,-0.015827,-0.122618,-0.01387,-0.011328,-0.117547,-0.00034,0.029619,-0.140875,-0.016422,0.019826,-0.164674,-0.025528,0.014841,-0.126546,-0.014089,0.018145,-0.117972,-0.003122,A
0.0,0.0,0.0,-0.06289,-0.027571,-0.011029,-0.105224,-0.096572,-0.012149,-0.128405,-0.151072,-0.01522,-0.154192,-0.172309,-0.014484,-0.077811,-0.141933,0.009886,-0.093235,-0.173424,-0.009383,-0.079195,-0.126028,-0.017315,-0.072049,-0.119374,-0.020702,-0.045061,-0.150987,0.005493,-0.059434,-0.177232,-0.014881,-0.050367,-0.121572,-0.015418,-0.044173,-0.121863,-0.010657,-0.01053,-0.151279,-0.003881,-0.024909,-0.177153,-0.024289,-0.020634,-0.124547,-0.011883,-0.014939,-0.122267,0.001397,0.023314,-0.146044,-0.014998,0.010575,-0.16469,-0.02284,0.008609,-0.12792,-0.011076,0.014187,-0.122697,-0.000151,A
0.0,0.0,0.0,-0.063024,-0.028749,-0.010072,-0.106607,-0.097635,-0.010734,-0.130434,-0.15114,-0.013571,-0.155766,-0.173025,-0.012667,-0.075648,-0.143681,0.009939,-0.094874,-0.172447,-0.009493,-0.079911,-0.124391,-0.017371,-0.070684,-0.117763,-0.020431,-0.043018,-0.151724,0.005094,-0.060241,-0.176852,-0.014433,-0.051055,-0.121152,-0.014177,-0.043164,-0.122356,-0.009094,-0.008442,-0.151177,-0.004723,-0.024815,-0.17704,-0.024587,-0.020863,-0.123911,-0.011705,-0.01341,-0.121553,0.001819,0.025082,-0.145339,-0.016256,0.011243,-0.1652,-0.023691,0.008217,-0.127458,-0.011579,0.014571,-0.12046,-0.000427,A
0.0,0.0,0.0,-0.060225,-0.021303,-0.012573,-0.10593,-0.087609,-0.014061,-0.130787,-0.143559,-0.017008,-0.156067,-0.166752,-0.01544,-0.08029,-0.135743,0.007651,-0.096725,-0.168966,-0.014195,-0.079103,-0.121399,-0.022682,-0.071419,-0.113806,-0.02535,-0.047869,-0.144372,0.004085,-0.061152,-0.173019,-0.018204,-0.048619,-0.116253,-0.018502,-0.044743,-0.116702,-0.012847,-0.014249,-0.145782,-0.004799,-0.024035,-0.173437,-0.028023,-0.017381,-0.119582,-0.015901,-0.014482,-0.117795,-0.001736,0.018634,-0.143139,-0.015319,0.011155,-0.167059,-0.024926,0.011319,-0.12881,-0.01315,0.014611,-0.12207,-0.001504,A
0.0,0.0,0.0,-0.061373,-0.024051,-0.010311,-0.10634,-0.089125,-0.011395,-0.129773,-0.144165,-0.014672,-0.154574,-0.167726,-0.014051,-0.078613,-0.134421,0.008383,-0.098083,-0.169815,-0.012178,-0.079777,-0.122951,-0.020437,-0.070184,-0.110643,-0.023046,-0.045718,-0.143311,0.003751,-0.061551,-0.173414,-0.015849,-0.04841,-0.117528,-0.015418,-0.042194,-0.113067,-0.010146,-0.011483,-0.144483,-0.005899,-0.024435,-0.176102,-0.026591,-0.017556,-0.121681,-0.013607,-0.012123,-0.113175,0.000341,0.022643,-0.14107,-0.017166,0.012477,-0.168162,-0.025838,0.010871,-0.128591,-0.013548,0.013988,-0.115989,-0.001923,A
0.0,0.0,0.0,-0.060983,-0.021265,-0.012395,-0.105654,-0.087803,-0.014133,-0.128106,-0.143387,-0.017387,-0.153376,-0.164527,-0.016742,-0.07848,-0.136028,0.005489,-0.096033,-0.169607,-0.015055,-0.079919,-0.12008,-0.022551,-0.071084,-0.111461,-0.024916,-0.046298,-0.145512,0.001896,-0.060746,-0.17457,-0.019015,-0.049922,-0.116436,-0.018252,-0.043712,-0.115806,-0.012363,-0.012608,-0.146745,-0.006665,-0.024657,-0.176177,-0.028205,-0.019198,-0.121662,-0.014842,-0.01351,-0.117473,-0.000506,0.020829,-0.143763,-0.016972,0.01049,-0.168381,-0.025863,0.008874,-0.128425,-0.013453,0.013274,-0.118801,-0.001674,A
0.0,0.0,0.0,-0.062289,-0.023003,-0.011582,-0.10688,-0.088626,-0.013034,-0.129849,-0.142904,-0.016137,-0.155769,-0.16314,-0.015371,-0.078621,-0.135136,0.006685,-0.097396,-0.167881,-0.012782,-0.080071,-0.117517,-0.020226,-0.069858,-0.108004,-0.022994,-0.045798,-0.145682,0.002894,-0.061631,-0.174482,-0.016837,-0.049669,-0.115554,-0.016006,-0.041996,-0.113608,-0.010576,-0.01174,-0.147736,-0.005762,-0.025277,-0.17802,-0.026007,-0.019385,-0.12209,-0.012583,-0.012742,-0.116048,0.001346,0.021489,-0.144972,-0.016189,0.011371,-0.169635,-0.024507,0.009367,-0.129615,-0.012313,0.013909,-0.11942,-0.001005,A
0.0,0.0,0.0,-0.060179,-0.021085,-0.014963,-0.10491,-0.086035,-0.017238,-0.130084,-0.138469,-0.020047,-0.156685,-0.159001,-0.018397,-0.080291,-0.137737,0.004119,-0.095597,-0.164939,-0.015,-0.077325,-0.115537,-0.021967,-0.070211,-0.114115,-0.025132,-0.047056,-0.147774,0.002177,-0.060292,-0.171917,-0.018403,-0.048301,-0.112925,-0.017885,-0.044588,-0.117665,-0.012833,-0.013083,-0.149286,-0.004713,-0.023772,-0.174888,-0.026441,-0.017682,-0.119597,-0.013086,-0.013548,-0.120704,0.0008,0.019311,-0.146613,-0.013486,0.0111,-0.167018,-0.023033,0.009945,-0.126565,-0.011183,0.01362,-0.120733,-4.4e-05,A
0.0,0.0,0.0,-0.060147,-0.021859,-0.014621,-0.104741,-0.085842,-0.016945,-0.129788,-0.138109,-0.019971,-0.1562,-0.15897,-0.018511,-0.079703,-0.136726,0.004765,-0.096266,-0.162752,-0.014631,-0.077677,-0.114147,-0.021957,-0.070497,-0.113979,-0.025399,-0.046315,-0.146804,0.002564,-0.060588,-0.170191,-0.018077,-0.04838,-0.112207,-0.017649,-0.04418,-0.118199,-0.012727,-0.012219,-0.148242,-0.00465,-0.023777,-0.173684,-0.026129,-0.017922,-0.118763,-0.01264,-0.013471,-0.119918,0.001288,0.020126,-0.145381,-0.013809,0.011895,-0.165441,-0.023224,0.010048,-0.125808,-0.011565,0.013732,-0.120158,-0.000592,A
0.0,0.0,0.0,-0.060079,-0.014314,-0.015069,-0.106087,-0.075746,-0.018228,-0.131613,-0.126678,-0.02145,-0.159482,-0.144441,-0.020215,-0.08397,-0.12737,-0.001578,-0.099776,-0.155726,-0.020606,-0.080171,-0.10439,-0.027125,-0.073458,-0.102529,-0.030399,-0.050438,-0.140651,-0.003051,-0.065357,-0.165025,-0.0227,-0.051397,-0.105359,-0.020646,-0.046771,-0.109929,-0.015284,-0.016209,-0.144558,-0.009036,-0.029788,-0.171142,-0.02864,-0.021964,-0.115229,-0.013888,-0.016704,-0.115369,-0.000172,0.015332,-0.144228,-0.016981,0.006319,-0.161343,-0.025395,0.006077,-0.122225,-0.013893,0.01032,-0.118586,-0.003762,A
0.0,0.0,0.0,-0.057798,-0.015409,-0.014736,-0.104613,-0.075309,-0.017161,-0.13212,-0.125056,-0.020117,-0.158676,-0.144031,-0.018784,-0.08182,-0.126567,0.002815,-0.098518,-0.153852,-0.016177,-0.078584,-0.106109,-0.022934,-0.071182,-0.104037,-0.025965,-0.049586,-0.139624,0.000833,-0.063872,-0.163773,-0.019164,-0.049679,-0.106967,-0.018208,-0.045461,-0.111065,-0.013103,-0.016317,-0.143793,-0.005992,-0.028586,-0.168915,-0.02676,-0.020468,-0.114992,-0.013161,-0.015804,-0.115148,0.000583,0.015368,-0.143389,-0.014733,0.006602,-0.163421,-0.023685,0.006943,-0.124349,-0.012022,0.010843,-0.118554,-0.001261,A
0.0,0.0,0.0,-0.060422,-0.008651,-0.013811,-0.108045,-0.065226,-0.01676,-0.135081,-0.114257,-0.0205,-0.161683,-0.132458,-0.020168,-0.088649,-0.116306,0.000832,-0.108009,-0.149171,-0.018411,-0.088642,-0.10192,-0.024529,-0.080138,-0.09462,-0.026446,-0.056649,-0.131684,-0.001621,-0.072958,-0.157932,-0.020328,-0.057407,-0.102508,-0.018007,-0.051254,-0.104799,-0.012007,-0.022625,-0.138168,-0.008797,-0.037922,-0.164438,-0.028008,-0.028209,-0.112583,-0.014167,-0.022132,-0.111409,-0.000609,0.009943,-0.139793,-0.017826,-0.002682,-0.159078,-0.025798,-0.001358,-0.122526,-0.014199,0.003609,-0.116671,-0.003659,A
0.0,0.0,0.0,-0.059397,-0.009433,-0.013306,-0.108008,-0.063392,-0.016023,-0.135698,-0.111782,-0.019856,-0.161908,-0.132807,-0.019837,-0.08824,-0.116129,0.002039,-0.108062,-0.147514,-0.017781,-0.086733,-0.101832,-0.024965,-0.076878,-0.093376,-0.027629,-0.055874,-0.131874,-0.001192,-0.072849,-0.157932,-0.020586,-0.055906,-0.103371,-0.019436,-0.049392,-0.10296,-0.014257,-0.021828,-0.138468,-0.00917,-0.037381,-0.164847,-0.029488,-0.026331,-0.112568,-0.015916,-0.020064,-0.108977,-0.002319,0.011356,-0.13968,-0.018941,-0.001369,-0.159841,-0.028159,0.00102,-0.121739,-0.016376,0.005754,-0.113636,-0.00549,A
0.0,0.0,0.0,-0.058502,-0.005351,-0.015854,-0.109939,-0.059771,-0.019144,-0.140799,-0.109857,-0.022922,-0.168668,-0.129626,-0.022138,-0.094239,-0.115253,0.002758,-0.112013,-0.146555,-0.017821,-0.088961,-0.099377,-0.025047,-0.081463,-0.094537,-0.027812,-0.061974,-0.131302,0.001085,-0.077548,-0.157766,-0.019525,-0.059459,-0.100433,-0.018777,-0.05677,-0.104382,-0.013489,-0.028111,-0.138946,-0.005749,-0.04209,-0.166483,-0.027034,-0.030052,-0.111952,-0.013068,-0.02633,-0.111991,0.001147,0.004058,-0.142178,-0.01461,-0.006214,-0.162418,-0.023934,-0.002932,-0.122709,-0.012002,0.00088,-0.116742,-0.000843,A
0.0,0.0,0.0,-0.059627,-0.006126,-0.014754,-0.111387,-0.060205,-0.017119,-0.142007,-0.109581,-0.02037,-0.16971,-0.129068,-0.019055,-0.095406,-0.115829,0.004484,-0.114531,-0.145809,-0.016336,-0.089945,-0.100184,-0.023808,-0.081329,-0.09525,-0.02651,-0.062965,-0.131778,0.002068,-0.079236,-0.156953,-0.018873,-0.059929,-0.100794,-0.018294,-0.056527,-0.103981,-0.012871,-0.028968,-0.139682,-0.005574,-0.043396,-0.165633,-0.027226,-0.03048,-0.11141,-0.013462,-0.026329,-0.111132,0.000871,0.003907,-0.143346,-0.015194,-0.006813,-0.163106,-0.024752,-0.003088,-0.12338,-0.012812,0.001065,-0.117188,-0.00143,A
0.0,0.0,0.0,-0.059693,-0.006645,-0.014561,-0.112223,-0.060338,-0.016679,-0.142939,-0.109658,-0.019607,-0.170479,-0.127237,-0.01777,-0.094706,-0.114076,0.003768,-0.114745,-0.144856,-0.017674,-0.090168,-0.098055,-0.025104,-0.081475,-0.093404,-0.027604,-0.061939,-0.129491,0.001554,-0.078812,-0.155758,-0.019989,-0.059499,-0.098412,-0.018864,-0.056148,-0.101891,-0.012965,-0.028271,-0.13753,-0.005936,-0.042762,-0.165095,-0.028601,-0.030031,-0.109031,-0.0144,-0.025846,-0.108435,0.000606,0.004236,-0.141879,-0.015315,-0.006505,-0.164557,-0.025374,-0.003171,-0.12354,-0.013299,0.000524,-0.116258,-0.001669,A
0.0,0.0,0.0,-0.059104,-0.006985,-0.014421,-0.111418,-0.0598,-0.016415,-0.141872,-0.108784,-0.019198,-0.169118,-0.12748,-0.017102,-0.094346,-0.114827,0.003605,-0.114244,-0.143684,-0.017777,-0.089553,-0.097227,-0.025162,-0.08101,-0.093757,-0.027706,-0.06158,-0.129775,0.001332,-0.078168,-0.15482,-0.020411,-0.05867,-0.097347,-0.019357,-0.055609,-0.10139,-0.0135,-0.028039,-0.137982,-0.00616,-0.042478,-0.164991,-0.028945,-0.029623,-0.109076,-0.014714,-0.025411,-0.108915,0.000356,0.0042,-0.142574,-0.015548,-0.006254,-0.165473,-0.025747,-0.002944,-0.12458,-0.013672,0.000662,-0.117296,-0.001945,A
0.0,0.0,0.0,-0.058238,-0.009143,-0.014066,-0.109577,-0.06342,-0.015634,-0.139599,-0.112549,-0.017926,-0.166502,-0.129453,-0.015223,-0.091841,-0.116358,0.003994,-0.111303,-0.146425,-0.017244,-0.086781,-0.0996,-0.024573,-0.079587,-0.096417,-0.027016,-0.059002,-0.130041,0.001998,-0.075077,-0.156744,-0.019388,-0.056868,-0.098859,-0.018084,-0.054989,-0.103244,-0.01209,-0.025617,-0.137207,-0.005158,-0.039153,-0.166576,-0.027837,-0.027562,-0.10941,-0.013526,-0.023859,-0.108468,0.001693,0.006643,-0.141504,-0.014118,-0.003069,-0.166217,-0.024313,-0.000253,-0.124372,-0.012249,0.003466,-0.116644,-0.000442,A
0.0,0.0,0.0,-0.056688,-0.00812,-0.014628,-0.108272,-0.061651,-0.016737,-0.138898,-0.112008,-0.019336,-0.165978,-0.13071,-0.016877,-0.090836,-0.116898,0.002322,-0.109967,-0.145681,-0.019014,-0.086445,-0.098475,-0.026111,-0.079187,-0.096236,-0.028619,-0.057988,-0.130176,0.000386,-0.073681,-0.156472,-0.02152,-0.056438,-0.098529,-0.020358,-0.054443,-0.103634,-0.014543,-0.024605,-0.137475,-0.006647,-0.037731,-0.166827,-0.029753,-0.027039,-0.109832,-0.015621,-0.023571,-0.109939,-0.000615,0.007596,-0.142094,-0.015524,-0.001413,-0.166131,-0.02618,0.00095,-0.124612,-0.01452,0.004428,-0.117901,-0.003064,A
0.0,0.0,0.0,-0.057893,-0.011436,-0.015073,-0.107058,-0.066083,-0.017258,-0.135648,-0.117296,-0.020055,-0.162606,-0.139569,-0.017712,-0.08752,-0.123943,0.004703,-0.107337,-0.150349,-0.016474,-0.084163,-0.103589,-0.02438,-0.077609,-0.104246,-0.027534,-0.054761,-0.135513,0.003349,-0.071857,-0.159723,-0.018183,-0.054982,-0.101731,-0.017451,-0.053175,-0.110026,-0.011926,-0.021392,-0.140606,-0.003327,-0.036155,-0.168007,-0.025899,-0.025987,-0.111644,-0.011756,-0.021615,-0.114425,0.003333,0.010462,-0.143125,-0.011949,0.000431,-0.166707,-0.021854,0.001043,-0.125813,-0.009963,0.00512,-0.120231,0.001726,A
0.0,0.0,0.0,-0.058728,-0.011627,-0.015584,-0.108142,-0.067524,-0.018433,-0.137459,-0.118812,-0.021671,-0.165232,-0.140467,-0.019888,-0.088142,-0.124181,0.003057,-0.107464,-0.151832,-0.018322,-0.085335,-0.103682,-0.026725,-0.079148,-0.103223,-0.030458,-0.05523,-0.13605,0.001951,-0.071827,-0.161573,-0.019329,-0.055259,-0.10279,-0.018962,-0.053325,-0.110704,-0.014084,-0.021544,-0.141144,-0.00432,-0.036102,-0.169497,-0.026257,-0.026457,-0.113046,-0.012127,-0.022303,-0.115747,0.002426,0.010011,-0.143378,-0.012576,0.000418,-0.166037,-0.022103,0.000819,-0.125665,-0.010204,0.004762,-0.120784,0.001121,A
0.0,0.0,0.0,-0.060143,-0.013402,-0.01346,-0.108791,-0.070642,-0.015394,-0.136393,-0.122079,-0.018442,-0.16159,-0.145512,-0.016588,-0.08695,-0.122688,0.005397,-0.107658,-0.158255,-0.015718,-0.085883,-0.1087,-0.023262,-0.077922,-0.100812,-0.025585,-0.053882,-0.135386,0.003104,-0.071894,-0.165297,-0.017592,-0.055354,-0.107582,-0.016739,-0.051041,-0.110538,-0.010986,-0.019346,-0.140565,-0.004361,-0.035084,-0.169735,-0.024745,-0.025078,-0.115037,-0.01068,-0.019812,-0.115724,0.003819,0.013781,-0.142343,-0.013723,0.001757,-0.163674,-0.021181,0.002997,-0.125617,-0.008776,0.008264,-0.121519,0.002629,A
0.0,0.0,0.0,-0.060325,-0.015982,-0.012581,-0.108206,-0.073242,-0.014322,-0.136058,-0.124744,-0.017622,-0.162017,-0.147777,-0.016349,-0.086099,-0.124343,0.006942,-0.107728,-0.158992,-0.013548,-0.086604,-0.111089,-0.020946,-0.077548,-0.105119,-0.023482,-0.053693,-0.136994,0.003904,-0.072174,-0.166311,-0.016829,-0.056352,-0.110037,-0.016192,-0.051179,-0.113115,-0.010758,-0.019649,-0.142172,-0.004274,-0.036036,-0.171945,-0.025132,-0.026272,-0.118103,-0.011101,-0.020303,-0.118099,0.003388,0.013613,-0.143774,-0.014331,0.000631,-0.167096,-0.022381,0.001723,-0.128899,-0.009909,0.007308,-0.123378,0.001568,A
0.0,0.0,0.0,-0.05804,-0.018299,-0.012606,-0.104273,-0.079466,-0.013441,-0.128814,-0.133172,-0.015642,-0.152933,-0.156316,-0.013149,-0.080643,-0.1281,0.007872,-0.098473,-0.167276,-0.012899,-0.080895,-0.119106,-0.02059,-0.074433,-0.109646,-0.023073,-0.047061,-0.138428,0.00497,-0.061796,-0.169971,-0.015675,-0.049344,-0.111718,-0.015794,-0.047128,-0.112976,-0.010731,-0.012241,-0.141799,-0.003176,-0.025197,-0.174688,-0.024749,-0.017947,-0.117855,-0.011753,-0.014791,-0.115467,0.002357,0.021802,-0.141885,-0.01309,0.012118,-0.167703,-0.022352,0.012095,-0.126859,-0.010577,0.015556,-0.118878,0.000739,A
0.0,0.0,0.0,-0.057568,-0.020808,-0.012363,-0.103247,-0.081565,-0.013802,-0.128697,-0.135377,-0.016594,-0.153776,-0.158768,-0.014765,-0.079485,-0.130849,0.007721,-0.097161,-0.166774,-0.012488,-0.079556,-0.119094,-0.020119,-0.072378,-0.112952,-0.022874,-0.046419,-0.140511,0.00471,-0.061074,-0.171073,-0.015445,-0.048814,-0.114327,-0.015445,-0.045818,-0.116305,-0.010587,-0.012335,-0.143563,-0.003356,-0.025181,-0.176102,-0.024638,-0.018232,-0.120796,-0.011479,-0.014308,-0.118735,0.002572,0.020648,-0.14319,-0.013134,0.01064,-0.169249,-0.022158,0.010604,-0.129325,-0.01008,0.014743,-0.121793,0.001392,A
0.0,0.0,0.0,-0.055323,-0.023234,-0.014435,-0.097079,-0.089109,-0.016468,-0.118526,-0.142963,-0.019402,-0.140621,-0.168386,-0.017267,-0.071172,-0.136891,0.003789,-0.088362,-0.173471,-0.017128,-0.071133,-0.121732,-0.023738,-0.063747,-0.113558,-0.025453,-0.037845,-0.143367,0.001621,-0.051278,-0.174417,-0.019109,-0.040934,-0.113609,-0.017168,-0.037545,-0.116204,-0.010681,-0.003802,-0.141532,-0.005861,-0.01356,-0.173298,-0.02727,-0.009391,-0.115625,-0.012734,-0.005371,-0.113941,0.002286,0.029156,-0.136366,-0.015336,0.022567,-0.161708,-0.02461,0.01927,-0.121816,-0.012685,0.022104,-0.114003,-0.001265,A
0.0,0.0,0.0,-0.056329,-0.024582,-0.013506,-0.097478,-0.090062,-0.015364,-0.119337,-0.1449,-0.018228,-0.14171,-0.171957,-0.016316,-0.072466,-0.138647,0.005303,-0.088382,-0.172462,-0.014917,-0.071994,-0.121217,-0.022136,-0.064897,-0.115185,-0.024799,-0.03947,-0.14465,0.002567,-0.052525,-0.17564,-0.017961,-0.04248,-0.116197,-0.017253,-0.038615,-0.118562,-0.01187,-0.005383,-0.143222,-0.005206,-0.015473,-0.175914,-0.026798,-0.011254,-0.118855,-0.012849,-0.007047,-0.116767,0.001724,0.027572,-0.137765,-0.014837,0.020752,-0.163575,-0.024473,0.018041,-0.123788,-0.012429,0.021248,-0.116252,-0.000871,A
0.0,0.0,0.0,-0.048356,-0.027775,-0.01228,-0.084712,-0.095933,-0.014648,-0.101919,-0.151016,-0.018198,-0.122394,-0.182028,-0.018104,-0.057835,-0.144671,0.001435,-0.070911,-0.179216,-0.019169,-0.061205,-0.131545,-0.026833,-0.054274,-0.118302,-0.029087,-0.024612,-0.147208,-0.002259,-0.036221,-0.17632,-0.021556,-0.032344,-0.122524,-0.02096,-0.027401,-0.11863,-0.016149,0.009061,-0.141477,-0.010575,-9.4e-05,-0.171139,-0.031315,0.000107,-0.119743,-0.019033,0.003901,-0.112555,-0.006209,0.042013,-0.131679,-0.020452,0.034229,-0.15598,-0.030435,0.029931,-0.118296,-0.019475,0.032158,-0.107778,-0.008947,A
0.0,0.0,0.0,-0.051224,-0.028072,-0.01266,-0.087928,-0.097861,-0.015269,-0.105882,-0.153233,-0.018941,-0.125211,-0.184891,-0.018652,-0.060039,-0.147628,0.002239,-0.074108,-0.18174,-0.016276,-0.06362,-0.128906,-0.022384,-0.056659,-0.118184,-0.024416,-0.026793,-0.15088,-0.000936,-0.039055,-0.178867,-0.018674,-0.035231,-0.121059,-0.016727,-0.029752,-0.119413,-0.011291,0.007092,-0.144935,-0.008687,-0.002948,-0.174419,-0.027869,-0.003459,-0.119109,-0.014128,0.001439,-0.11309,-0.00077,0.039517,-0.134244,-0.018168,0.031806,-0.156879,-0.02746,0.026378,-0.117478,-0.015978,0.029114,-0.107942,-0.005245,A
0.0,0.0,0.0,-0.05187,-0.034802,-0.012496,-0.084547,-0.109729,-0.014635,-0.098328,-0.166989,-0.017812,-0.118874,-0.196366,-0.017433,-0.051696,-0.150256,0.000557,-0.066068,-0.186274,-0.01906,-0.059179,-0.133198,-0.025702,-0.051343,-0.121527,-0.027487,-0.017682,-0.148573,-0.002857,-0.030703,-0.182323,-0.02166,-0.031705,-0.124793,-0.019885,-0.024163,-0.119818,-0.014021,0.016473,-0.138573,-0.010699,0.005701,-0.174757,-0.030549,0.000376,-0.120146,-0.016512,0.006384,-0.110063,-0.002296,0.049588,-0.1255,-0.020153,0.039592,-0.15416,-0.028671,0.030632,-0.116235,-0.015888,0.033915,-0.103622,-0.003974,A
0.0,0.0,0.0,-0.054271,-0.034086,-0.01308,-0.087211,-0.108561,-0.015849,-0.102081,-0.16634,-0.019435,-0.122579,-0.196417,-0.019004,-0.05474,-0.149788,0.000312,-0.067072,-0.187868,-0.01947,-0.059537,-0.133224,-0.026078,-0.05291,-0.121408,-0.02804,-0.02071,-0.149577,-0.002426,-0.032307,-0.182189,-0.020587,-0.031764,-0.123217,-0.017807,-0.024957,-0.120426,-0.011735,0.013701,-0.140973,-0.009793,0.003656,-0.175855,-0.028679,-0.000374,-0.120351,-0.013619,0.005732,-0.11222,0.000687,0.04612,-0.128475,-0.018997,0.037205,-0.153979,-0.027212,0.029397,-0.116109,-0.014739,0.033195,-0.105604,-0.003367,A
0.0,0.0,0.0,-0.047145,-0.03788,-0.006722,-0.077298,-0.110336,-0.007725,-0.087137,-0.168431,-0.011314,-0.103667,-0.207407,-0.013129,-0.046624,-0.154833,0.006834,-0.056804,-0.191467,-0.012233,-0.056025,-0.153211,-0.024508,-0.054639,-0.126467,-0.029795,-0.014276,-0.151522,0.001256,-0.026027,-0.180901,-0.015184,-0.024807,-0.137952,-0.020665,-0.023029,-0.114849,-0.021116,0.018772,-0.141514,-0.007841,0.006243,-0.17039,-0.025281,0.005569,-0.127282,-0.018446,0.005975,-0.102455,-0.010071,0.0511,-0.124848,-0.017818,0.038115,-0.15741,-0.027171,0.033514,-0.123835,-0.017849,0.033444,-0.102151,-0.008487,A
0.0,0.0,0.0,-0.049613,-0.040403,-0.006427,-0.079301,-0.111777,-0.00762,-0.088318,-0.168748,-0.011641,-0.104504,-0.207053,-0.013788,-0.048994,-0.156438,0.008806,-0.057573,-0.190781,-0.011132,-0.056355,-0.150527,-0.023838,-0.055914,-0.124154,-0.029003,-0.016281,-0.153942,0.002776,-0.025979,-0.182623,-0.015014,-0.024647,-0.136307,-0.02091,-0.022806,-0.11277,-0.020735,0.017708,-0.144311,-0.006957,0.007076,-0.172722,-0.025431,0.006008,-0.127039,-0.018563,0.006087,-0.102332,-0.009429,0.050618,-0.12709,-0.017561,0.039996,-0.158953,-0.027249,0.034581,-0.12358,-0.017398,0.033685,-0.101794,-0.007108,A
0.0,0.0,0.0,-0.049323,-0.040815,-0.011496,-0.074346,-0.122092,-0.012122,-0.080382,-0.182346,-0.013646,-0.096451,-0.21663,-0.011345,-0.041516,-0.154079,0.003347,-0.043932,-0.197729,-0.015993,-0.042642,-0.14577,-0.023285,-0.040562,-0.125441,-0.024995,-0.007187,-0.147236,-0.000311,-0.009304,-0.184152,-0.018232,-0.013204,-0.127046,-0.017774,-0.010807,-0.113697,-0.01285,0.025046,-0.132424,-0.008377,0.022326,-0.168972,-0.026852,0.01575,-0.116301,-0.014338,0.016609,-0.102006,-0.001611,0.054827,-0.113733,-0.017932,0.052422,-0.14194,-0.025328,0.042755,-0.103721,-0.012808,0.041558,-0.089167,-0.00155,A
0.0,0.0,0.0,-0.048498,-0.045403,-0.011047,-0.072888,-0.125277,-0.012111,-0.080527,-0.183634,-0.014623,-0.09617,-0.218992,-0.013606,-0.040725,-0.157712,0.005836,-0.043567,-0.200349,-0.014375,-0.042198,-0.148259,-0.023086,-0.03918,-0.124868,-0.025602,-0.006602,-0.151867,0.001792,-0.008181,-0.187097,-0.016484,-0.012304,-0.1294,-0.016778,-0.009917,-0.114699,-0.012276,0.026211,-0.137097,-0.006875,0.026375,-0.173015,-0.026205,0.018511,-0.118892,-0.013917,0.018071,-0.102061,-0.001068,0.05603,-0.117112,-0.017078,0.056471,-0.143876,-0.025884,0.045623,-0.10436,-0.013883,0.042719,-0.088636,-0.002617,A
0.0,0.0,0.0,-0.048556,-0.048111,-0.010642,-0.065886,-0.12676,-0.012058,-0.067897,-0.187279,-0.014456,-0.083958,-0.220132,-0.013885,-0.0304,-0.157132,0.001492,-0.030833,-0.196183,-0.016572,-0.035204,-0.147135,-0.023519,-0.031858,-0.131298,-0.026214,0.00478,-0.147135,-0.002641,0.002686,-0.183693,-0.019643,-0.0098,-0.128583,-0.01926,-0.004998,-0.117699,-0.015368,0.037069,-0.128062,-0.010616,0.035345,-0.168189,-0.029013,0.018686,-0.115765,-0.016217,0.020576,-0.101054,-0.003778,0.06585,-0.105342,-0.019948,0.061905,-0.132569,-0.027661,0.045231,-0.09691,-0.01554,0.045208,-0.083024,-0.004915,A
0.0,0.0,0.0,-0.049894,-0.046254,-0.012394,-0.069569,-0.124371,-0.01474,-0.073336,-0.184413,-0.017824,-0.087689,-0.219284,-0.017369,-0.034451,-0.154955,0.001308,-0.034825,-0.196215,-0.016663,-0.037646,-0.14262,-0.023058,-0.034975,-0.126997,-0.025431,0.000467,-0.146671,-0.001605,-0.001464,-0.182698,-0.019206,-0.011737,-0.125285,-0.018416,-0.007845,-0.116623,-0.013897,0.03261,-0.129183,-0.008665,0.032152,-0.168179,-0.027702,0.017949,-0.113982,-0.014492,0.019249,-0.101798,-0.001478,0.060753,-0.107766,-0.017277,0.060591,-0.133884,-0.025924,0.045463,-0.097524,-0.01423,0.043686,-0.085233,-0.003657,A
0.0,0.0,0.0,-0.04665,-0.050004,-0.013655,-0.063146,-0.129838,-0.017054,-0.065105,-0.191607,-0.021063,-0.080548,-0.227444,-0.021386,-0.02624,-0.162179,-0.000144,-0.028496,-0.198408,-0.019196,-0.031282,-0.145942,-0.026345,-0.027198,-0.135062,-0.029513,0.007835,-0.150142,-0.003287,0.005458,-0.18383,-0.021549,-0.006351,-0.126786,-0.020588,-0.001362,-0.12219,-0.016163,0.039424,-0.129703,-0.010754,0.038864,-0.166504,-0.030447,0.022728,-0.1133,-0.016396,0.025655,-0.103293,-0.002754,0.067818,-0.106144,-0.019999,0.066681,-0.132672,-0.028916,0.050011,-0.097771,-0.016502,0.049695,-0.085393,-0.005223,A
0.0,0.0,0.0,-0.047004,-0.050849,-0.012622,-0.065338,-0.131031,-0.015122,-0.068264,-0.191234,-0.018469,-0.082029,-0.226449,-0.017809,-0.027177,-0.161434,0.001546,-0.030229,-0.199392,-0.017874,-0.034011,-0.144484,-0.025292,-0.030338,-0.132136,-0.028362,0.006837,-0.149895,-0.001474,0.003332,-0.183849,-0.020197,-0.008318,-0.126268,-0.019366,-0.003186,-0.120932,-0.014638,0.038261,-0.13007,-0.008895,0.035897,-0.166429,-0.02809,0.020224,-0.112963,-0.014222,0.023932,-0.103171,-0.00061,0.06623,-0.107053,-0.018067,0.063606,-0.132595,-0.02632,0.04742,-0.09867,-0.014456,0.047969,-0.087563,-0.003578,A
0.0,0.0,0.0,-0.046534,-0.054762,-0.011793,-0.062931,-0.136687,-0.013612,-0.064944,-0.196337,-0.016604,-0.080009,-0.231093,-0.015617,-0.022743,-0.166022,0.004655,-0.028067,-0.198551,-0.01356,-0.031499,-0.146024,-0.021197,-0.026723,-0.140167,-0.025429,0.011058,-0.154077,0.000896,0.004175,-0.185373,-0.01756,-0.007614,-0.129534,-0.017497,-0.000278,-0.128668,-0.013748,0.042332,-0.132769,-0.007244,0.037331,-0.168747,-0.026518,0.021509,-0.11649,-0.012969,0.027095,-0.110139,0.000121,0.069987,-0.108481,-0.017189,0.067162,-0.132561,-0.026133,0.049699,-0.099963,-0.014743,0.050945,-0.090878,-0.004327,A
0.0,0.0,0.0,-0.045933,-0.05257,-0.012332,-0.062293,-0.132907,-0.014621,-0.064072,-0.193418,-0.017974,-0.077031,-0.229417,-0.01746,-0.027066,-0.162408,0.004059,-0.026424,-0.197089,-0.015023,-0.031659,-0.148644,-0.022897,-0.030221,-0.139909,-0.026664,0.007334,-0.151647,0.000346,0.006158,-0.183819,-0.018967,-0.006151,-0.129992,-0.019467,-0.002166,-0.126898,-0.015474,0.039829,-0.131974,-0.007916,0.038745,-0.166245,-0.027257,0.023614,-0.117471,-0.015083,0.02638,-0.112159,-0.002719,0.068808,-0.108162,-0.017985,0.0662,-0.129999,-0.026391,0.051042,-0.100514,-0.015894,0.052108,-0.094567,-0.006218,A
0.0,0.0,0.0,-0.043741,-0.053486,-0.012445,-0.06087,-0.135424,-0.014471,-0.064428,-0.194755,-0.017779,-0.078531,-0.228523,-0.017274,-0.024267,-0.161777,0.005493,-0.025185,-0.197405,-0.014437,-0.030617,-0.149599,-0.022967,-0.029806,-0.139218,-0.026753,0.008901,-0.15127,0.001702,0.00731,-0.183425,-0.017899,-0.005169,-0.131008,-0.018807,-0.001484,-0.127878,-0.014871,0.040561,-0.131371,-0.006914,0.03948,-0.165281,-0.026399,0.023709,-0.117746,-0.01469,0.026089,-0.112281,-0.002411,0.069312,-0.107191,-0.017397,0.066751,-0.12946,-0.025939,0.051262,-0.100448,-0.01569,0.052109,-0.093645,-0.006006,A
0.0,0.0,0.0,-0.045672,-0.05215,-0.013235,-0.062601,-0.134302,-0.015513,-0.064337,-0.195582,-0.018388,-0.078158,-0.23159,-0.016799,-0.025324,-0.166166,0.002026,-0.029424,-0.200149,-0.017425,-0.033226,-0.146283,-0.02506,-0.02973,-0.140191,-0.028826,0.008824,-0.153994,-0.000565,0.003966,-0.1835,-0.019392,-0.008101,-0.127002,-0.018657,-0.002005,-0.128439,-0.014327,0.04058,-0.133182,-0.0078,0.03783,-0.167284,-0.026562,0.021675,-0.116997,-0.013008,0.026549,-0.113398,-8.8e-05,0.069331,-0.110052,-0.016988,0.067044,-0.132903,-0.025255,0.050303,-0.102116,-0.014455,0.051773,-0.095703,-0.004593,A
0.0,0.0,0.0,-0.044163,-0.053802,-0.013305,-0.061024,-0.137191,-0.015459,-0.063609,-0.197578,-0.018419,-0.077822,-0.232886,-0.016947,-0.024073,-0.167199,0.003555,-0.027667,-0.20089,-0.016416,-0.031884,-0.14825,-0.024225,-0.028761,-0.141834,-0.027816,0.009589,-0.154869,0.00064,0.005592,-0.184173,-0.018871,-0.006814,-0.128776,-0.01832,-0.001058,-0.130234,-0.01371,0.041178,-0.133851,-0.007173,0.038965,-0.167514,-0.026882,0.022611,-0.118113,-0.013576,0.027171,-0.114861,-0.000376,0.069702,-0.11014,-0.016957,0.067685,-0.133722,-0.025975,0.051057,-0.103164,-0.015263,0.052555,-0.096145,-0.005141,A
0.0,0.0,0.0,-0.04444,-0.053618,-0.014009,-0.061366,-0.136862,-0.016397,-0.063834,-0.197478,-0.019558,-0.077986,-0.232905,-0.01827,-0.024757,-0.166308,0.003807,-0.027134,-0.200165,-0.016419,-0.031902,-0.148811,-0.024414,-0.029276,-0.143454,-0.028153,0.009082,-0.154072,0.001036,0.006319,-0.183529,-0.018903,-0.006508,-0.128853,-0.018667,-0.00111,-0.131444,-0.014158,0.04088,-0.133322,-0.006787,0.039787,-0.167284,-0.027138,0.023294,-0.118372,-0.01406,0.027576,-0.116016,-0.000829,0.069857,-0.109733,-0.016649,0.068841,-0.133694,-0.026204,0.052075,-0.103351,-0.015675,0.053133,-0.096581,-0.005579,A
0.0,0.0,0.0,-0.046853,-0.055295,-0.011563,-0.063863,-0.13829,-0.012444,-0.065632,-0.198459,-0.014464,-0.078822,-0.23325,-0.012335,-0.028022,-0.166247,0.006159,-0.030624,-0.201689,-0.012858,-0.03401,-0.150278,-0.020904,-0.030742,-0.142165,-0.024863,0.006193,-0.155305,0.002692,0.002424,-0.184903,-0.015919,-0.00873,-0.131053,-0.016379,-0.003599,-0.130691,-0.012757,0.038494,-0.135424,-0.005456,0.035838,-0.168949,-0.024535,0.020621,-0.119695,-0.012381,0.024267,-0.11511,-0.000191,0.068193,-0.111905,-0.015397,0.065551,-0.13528,-0.024338,0.049173,-0.103927,-0.014125,0.049618,-0.096217,-0.004491,A
0.0,0.0,0.0,-0.046358,-0.056996,-0.011619,-0.063489,-0.141249,-0.012047,-0.065476,-0.200865,-0.013791,-0.079359,-0.23445,-0.011132,-0.027076,-0.16811,0.008069,-0.029717,-0.202735,-0.011156,-0.033268,-0.150481,-0.019223,-0.030452,-0.142947,-0.023061,0.006827,-0.156887,0.004533,0.002897,-0.185968,-0.014856,-0.008738,-0.13147,-0.015503,-0.003653,-0.132358,-0.011607,0.038922,-0.136792,-0.003904,0.036216,-0.16959,-0.023547,0.020391,-0.119838,-0.011362,0.024028,-0.116016,0.001218,0.068455,-0.113301,-0.014208,0.065914,-0.136278,-0.02309,0.049336,-0.104672,-0.012719,0.050332,-0.096939,-0.002788,A
0.0,0.0,0.0,-0.047987,-0.05342,-0.014107,-0.066188,-0.136254,-0.016023,-0.068173,-0.196777,-0.018401,-0.081269,-0.233482,-0.016293,-0.030887,-0.166512,0.002853,-0.031442,-0.201354,-0.016756,-0.035412,-0.148381,-0.024271,-0.033227,-0.142822,-0.027941,0.004232,-0.155016,0.000519,0.001617,-0.184828,-0.018982,-0.010854,-0.129179,-0.018804,-0.00642,-0.131389,-0.014687,0.036759,-0.134705,-0.006645,0.035054,-0.168396,-0.02669,0.018691,-0.117148,-0.01382,0.022081,-0.114211,-0.00113,0.066173,-0.111946,-0.015747,0.063712,-0.133309,-0.025549,0.04751,-0.100952,-0.01544,0.048893,-0.094683,-0.005841,A
0.0,0.0,0.0,-0.047263,-0.05306,-0.014276,-0.065494,-0.136083,-0.01618,-0.067425,-0.196985,-0.018761,-0.079974,-0.233987,-0.016794,-0.028007,-0.167064,0.003801,-0.030491,-0.201555,-0.01625,-0.034828,-0.147554,-0.023666,-0.032597,-0.141629,-0.026929,0.006612,-0.155602,0.001358,0.0022,-0.184823,-0.018586,-0.010669,-0.127982,-0.018125,-0.005393,-0.13126,-0.013416,0.038732,-0.135524,-0.006123,0.035287,-0.168661,-0.026751,0.018459,-0.11635,-0.013488,0.022887,-0.113661,-9.4e-05,0.06813,-0.113165,-0.015607,0.064182,-0.13477,-0.025422,0.047406,-0.101571,-0.014828,0.049563,-0.094456,-0.004601,A
0.0,0.0,0.0,-0.047885,-0.053391,-0.013573,-0.066681,-0.13685,-0.015145,-0.069321,-0.197872,-0.01722,-0.082983,-0.233002,-0.014572,-0.028829,-0.167777,0.002971,-0.033299,-0.20253,-0.017063,-0.03612,-0.147505,-0.024822,-0.032497,-0.142695,-0.028487,0.005374,-0.156008,0.000698,0.000334,-0.18537,-0.019166,-0.011047,-0.127888,-0.018619,-0.004802,-0.131779,-0.013995,0.037175,-0.135987,-0.006402,0.033657,-0.168607,-0.026173,0.018434,-0.117221,-0.012695,0.024875,-0.116051,0.000551,0.06595,-0.114173,-0.015465,0.06217,-0.134656,-0.024342,0.046677,-0.102393,-0.013677,0.050639,-0.097075,-0.003635,A
0.0,0.0,0.0,-0.047697,-0.055236,-0.013727,-0.065852,-0.139436,-0.015249,-0.068267,-0.200468,-0.017487,-0.081463,-0.236314,-0.01493,-0.027982,-0.169647,0.004571,-0.032622,-0.203483,-0.015798,-0.035635,-0.148318,-0.02368,-0.032422,-0.144127,-0.027237,0.006198,-0.157834,0.002144,0.00049,-0.186571,-0.018321,-0.010845,-0.128964,-0.017974,-0.004417,-0.133853,-0.013133,0.038167,-0.137715,-0.005315,0.033529,-0.169425,-0.025542,0.018369,-0.117922,-0.012065,0.024867,-0.117698,0.001483,0.066974,-0.115734,-0.014811,0.062308,-0.135489,-0.023434,0.04673,-0.1033,-0.012517,0.051073,-0.098158,-0.002196,A
0.0,0.0,0.0,-0.046863,-0.054074,-0.012969,-0.065463,-0.137538,-0.014803,-0.06842,-0.198686,-0.017541,-0.083,-0.233424,-0.015881,-0.026813,-0.166198,0.003654,-0.031947,-0.201589,-0.015775,-0.035207,-0.147697,-0.023014,-0.031507,-0.140832,-0.026311,0.00705,-0.155232,0.00065,0.001456,-0.183987,-0.018838,-0.010022,-0.127945,-0.017967,-0.003712,-0.129452,-0.013142,0.03853,-0.135083,-0.007151,0.034697,-0.167608,-0.02679,0.019565,-0.116985,-0.013119,0.025283,-0.114039,0.000255,0.067226,-0.112134,-0.016882,0.063734,-0.133954,-0.025709,0.048323,-0.10222,-0.014681,0.051625,-0.095722,-0.004403,A
0.0,0.0,0.0,-0.047124,-0.054239,-0.012183,-0.065456,-0.135276,-0.013738,-0.068031,-0.194643,-0.016397,-0.080695,-0.230774,-0.014866,-0.028349,-0.165096,0.004585,-0.032932,-0.200459,-0.014738,-0.03627,-0.148403,-0.02254,-0.033074,-0.140783,-0.026187,0.005708,-0.155003,0.001348,0.000256,-0.182431,-0.017543,-0.010802,-0.127854,-0.017377,-0.005324,-0.129277,-0.013268,0.038068,-0.135773,-0.006601,0.034021,-0.16899,-0.026049,0.019556,-0.118863,-0.013173,0.024775,-0.114977,-0.000391,0.067577,-0.11293,-0.016382,0.063143,-0.135575,-0.025701,0.048204,-0.104034,-0.015195,0.051449,-0.096938,-0.005149,A
0.0,0.0,0.0,-0.046862,-0.053289,-0.012209,-0.0657,-0.134131,-0.013567,-0.068448,-0.194045,-0.016066,-0.080852,-0.230388,-0.01432,-0.027418,-0.164515,0.005169,-0.032046,-0.199495,-0.014291,-0.036031,-0.146785,-0.021972,-0.032829,-0.139427,-0.025484,0.006267,-0.154166,0.001925,0.000593,-0.182182,-0.017607,-0.010963,-0.127064,-0.017428,-0.004762,-0.1287,-0.013002,0.038177,-0.134997,-0.00612,0.033649,-0.168131,-0.026207,0.018756,-0.117691,-0.013352,0.02467,-0.114384,-0.000251,0.067612,-0.11254,-0.015979,0.062719,-0.135503,-0.025423,0.047402,-0.103292,-0.01482,0.051101,-0.095911,-0.004565,A
0.0,0.0,0.0,-0.048603,-0.052505,-0.012205,-0.06615,-0.133593,-0.013729,-0.068923,-0.192864,-0.016091,-0.083164,-0.227411,-0.014331,-0.028791,-0.163762,0.002472,-0.033684,-0.198965,-0.016746,-0.037551,-0.145758,-0.024122,-0.03331,-0.13845,-0.027561,0.005333,-0.153273,-0.000642,-0.000642,-0.182246,-0.019902,-0.011969,-0.126918,-0.01934,-0.004613,-0.127552,-0.014764,0.037679,-0.134202,-0.00825,0.032781,-0.16874,-0.027696,0.017906,-0.118157,-0.014458,0.024668,-0.113968,-0.001331,0.067298,-0.112055,-0.017665,0.061679,-0.135307,-0.026564,0.045935,-0.103664,-0.015771,0.049565,-0.096314,-0.005566,A
0.0,0.0,0.0,-0.048763,-0.052432,-0.011849,-0.06616,-0.133381,-0.01315,-0.068979,-0.192775,-0.015432,-0.082906,-0.227765,-0.013663,-0.029048,-0.163716,0.003265,-0.03392,-0.198866,-0.015891,-0.037424,-0.146126,-0.023183,-0.03295,-0.138405,-0.026476,0.005045,-0.153226,-0.000119,-0.000894,-0.182604,-0.01952,-0.011951,-0.127558,-0.019026,-0.004456,-0.127736,-0.014336,0.037432,-0.134145,-0.008017,0.032351,-0.168511,-0.027679,0.017712,-0.118198,-0.01456,0.024282,-0.113938,-0.00134,0.067046,-0.111817,-0.017694,0.06156,-0.135628,-0.026551,0.045982,-0.103794,-0.015611,0.049506,-0.095951,-0.005237,A
0.0,0.0,0.0,-0.049522,-0.052677,-0.012086,-0.067252,-0.134348,-0.013155,-0.069848,-0.194564,-0.015052,-0.085021,-0.228952,-0.012637,-0.029603,-0.164327,0.003551,-0.034189,-0.199328,-0.015969,-0.037236,-0.145588,-0.023801,-0.03275,-0.139809,-0.027588,0.004469,-0.153338,0.000632,-0.001365,-0.182695,-0.018656,-0.012806,-0.126666,-0.018256,-0.005541,-0.129249,-0.013857,0.036615,-0.13448,-0.006884,0.031924,-0.170032,-0.026515,0.016437,-0.11868,-0.013333,0.023102,-0.114999,-0.00016,0.066064,-0.113306,-0.016215,0.061231,-0.137394,-0.025352,0.045094,-0.10528,-0.014706,0.048826,-0.097677,-0.004511,A
0.0,0.0,0.0,-0.049263,-0.052951,-0.012141,-0.06691,-0.134652,-0.013256,-0.06967,-0.194692,-0.015295,-0.08491,-0.228988,-0.013067,-0.028642,-0.164232,0.004053,-0.033457,-0.199538,-0.0154,-0.036526,-0.145816,-0.023183,-0.03201,-0.139781,-0.026923,0.005228,-0.153325,0.001095,-0.000717,-0.182891,-0.018283,-0.012383,-0.126758,-0.017981,-0.005196,-0.129216,-0.013582,0.037172,-0.134284,-0.006504,0.032388,-0.169904,-0.026283,0.016654,-0.118487,-0.013133,0.023222,-0.114749,9.9e-05,0.066463,-0.112847,-0.015922,0.061656,-0.137373,-0.025089,0.045359,-0.105221,-0.01436,0.049087,-0.097363,-0.004072,A
0.0,0.0,0.0,-0.048972,-0.053948,-0.011335,-0.066686,-0.136653,-0.012021,-0.069531,-0.197386,-0.014012,-0.084359,-0.231928,-0.011694,-0.027107,-0.165802,0.006079,-0.032326,-0.200886,-0.013452,-0.035915,-0.14661,-0.021379,-0.031444,-0.139501,-0.025074,0.006069,-0.155025,0.002617,0.000268,-0.184041,-0.016585,-0.011781,-0.127457,-0.016158,-0.004153,-0.129365,-0.011564,0.037458,-0.135844,-0.005627,0.033276,-0.171089,-0.025176,0.017074,-0.120118,-0.012054,0.023688,-0.116116,0.001253,0.066477,-0.11416,-0.015703,0.062397,-0.138755,-0.024401,0.045585,-0.107287,-0.013549,0.049001,-0.099334,-0.003151,A
0.0,0.0,0.0,-0.049361,-0.05437,-0.011861,-0.066924,-0.137104,-0.012636,-0.069411,-0.197615,-0.014573,-0.084351,-0.231576,-0.012114,-0.027629,-0.165944,0.005755,-0.032131,-0.201285,-0.013784,-0.035736,-0.146712,-0.021675,-0.031315,-0.139843,-0.025369,0.005898,-0.155171,0.002609,0.000485,-0.184251,-0.016457,-0.011549,-0.127304,-0.015904,-0.00418,-0.12982,-0.011266,0.037534,-0.136076,-0.005365,0.033494,-0.171581,-0.024871,0.017364,-0.120072,-0.011597,0.024006,-0.116344,0.001753,0.06677,-0.114493,-0.015221,0.062428,-0.13867,-0.024055,0.045445,-0.106855,-0.013235,0.048658,-0.099086,-0.002863,A
0.0,0.0,0.0,-0.049762,-0.054384,-0.011853,-0.06734,-0.136997,-0.012744,-0.069786,-0.197744,-0.014826,-0.084833,-0.231647,-0.012522,-0.028353,-0.166183,0.00584,-0.033092,-0.201537,-0.013542,-0.036386,-0.147189,-0.021331,-0.031683,-0.140373,-0.025008,0.005269,-0.155676,0.002665,-0.000399,-0.18481,-0.016325,-0.012314,-0.127882,-0.015742,-0.004818,-0.130393,-0.011116,0.036933,-0.136613,-0.005329,0.032827,-0.17205,-0.02476,0.016754,-0.120564,-0.011481,0.023423,-0.116816,0.001835,0.066151,-0.11494,-0.015213,0.061764,-0.138903,-0.023968,0.044789,-0.107338,-0.013189,0.047974,-0.099758,-0.002895,A
0.0,0.0,0.0,-0.049089,-0.05441,-0.012865,-0.06669,-0.13792,-0.013975,-0.06911,-0.198271,-0.01582,-0.083802,-0.232397,-0.013109,-0.02893,-0.167633,0.004305,-0.033535,-0.200678,-0.015127,-0.036282,-0.146856,-0.022827,-0.031831,-0.14281,-0.02664,0.005278,-0.156453,0.001653,-0.000772,-0.184506,-0.018003,-0.012326,-0.127985,-0.017587,-0.005009,-0.131883,-0.013035,0.037431,-0.137002,-0.005788,0.03286,-0.170688,-0.025753,0.017134,-0.119626,-0.012551,0.023731,-0.117477,0.000733,0.066704,-0.115391,-0.015156,0.062561,-0.137668,-0.024307,0.046184,-0.106081,-0.013774,0.049824,-0.09981,-0.003674,A
0.0,0.0,0.0,-0.049022,-0.054056,-0.012781,-0.066588,-0.13738,-0.013865,-0.068941,-0.197662,-0.01569,-0.08355,-0.232065,-0.013002,-0.029415,-0.166701,0.004353,-0.033331,-0.200426,-0.015002,-0.036341,-0.147104,-0.022731,-0.032329,-0.142707,-0.026569,0.004791,-0.155708,0.001703,-0.000832,-0.183829,-0.0178,-0.012412,-0.127984,-0.017491,-0.00533,-0.131785,-0.01307,0.037003,-0.136344,-0.005718,0.032586,-0.170224,-0.02544,0.017004,-0.119766,-0.012412,0.023489,-0.117586,0.000659,0.066354,-0.114804,-0.015056,0.062121,-0.137032,-0.024099,0.046017,-0.105761,-0.013697,0.049796,-0.099459,-0.003747,A
0.0,0.0,0.0,-0.048583,-0.053764,-0.012631,-0.0664,-0.13672,-0.013551,-0.069037,-0.197359,-0.015193,-0.083043,-0.231666,-0.012366,-0.029482,-0.165766,0.004073,-0.032794,-0.201048,-0.014482,-0.035852,-0.146221,-0.021338,-0.031709,-0.140934,-0.024653,0.004796,-0.15514,0.001538,0.000676,-0.184718,-0.017315,-0.011449,-0.12762,-0.016541,-0.005061,-0.130141,-0.011873,0.036934,-0.13591,-0.005631,0.033852,-0.170435,-0.024791,0.017824,-0.118896,-0.011587,0.02372,-0.115602,0.001499,0.06629,-0.114413,-0.014651,0.062223,-0.137393,-0.023163,0.045939,-0.105557,-0.012513,0.049338,-0.098611,-0.002482,A
0.0,0.0,0.0,-0.048063,-0.0489,-0.010726,-0.066855,-0.129262,-0.01201,-0.069095,-0.188846,-0.014754,-0.081264,-0.224571,-0.014042,-0.03132,-0.162639,0.005243,-0.033974,-0.198841,-0.013834,-0.03666,-0.1484,-0.021098,-0.033376,-0.134995,-0.023686,0.002305,-0.154563,0.000741,-0.000625,-0.182057,-0.017457,-0.009699,-0.128048,-0.016652,-0.004951,-0.12331,-0.011712,0.034874,-0.13684,-0.008386,0.032041,-0.165803,-0.027581,0.020033,-0.115295,-0.014802,0.023405,-0.108315,-0.001976,0.065396,-0.113905,-0.019148,0.060539,-0.135281,-0.027991,0.048035,-0.100753,-0.016603,0.049872,-0.09164,-0.005945,A
0.0,0.0,0.0,-0.048638,-0.049179,-0.01113,-0.066478,-0.12945,-0.012333,-0.068629,-0.189356,-0.014971,-0.080997,-0.22633,-0.013995,-0.030537,-0.163998,0.005017,-0.033834,-0.199096,-0.014205,-0.036489,-0.14731,-0.021159,-0.032876,-0.134837,-0.023413,0.003093,-0.15572,0.000879,-0.00096,-0.183087,-0.017745,-0.010604,-0.128002,-0.016734,-0.004903,-0.124321,-0.011382,0.035578,-0.137482,-0.007922,0.03181,-0.166404,-0.027483,0.019022,-0.115485,-0.014636,0.023123,-0.10925,-0.001477,0.065766,-0.114554,-0.018401,0.061539,-0.13593,-0.026925,0.047567,-0.101813,-0.015448,0.049162,-0.092861,-0.004647,A
0.0,0.0,0.0,-0.042902,-0.048763,-0.010796,-0.060782,-0.125104,-0.013376,-0.063566,-0.183473,-0.017513,-0.075658,-0.220565,-0.018639,-0.023321,-0.15802,0.003597,-0.029535,-0.194735,-0.016938,-0.035371,-0.148364,-0.025601,-0.032518,-0.132671,-0.028929,0.008529,-0.148285,-0.001099,0.001161,-0.179877,-0.020337,-0.010161,-0.128868,-0.020388,-0.004103,-0.120328,-0.016104,0.039855,-0.129412,-0.010392,0.034977,-0.166282,-0.03109,0.019764,-0.117768,-0.018923,0.022565,-0.105987,-0.006097,0.070384,-0.105025,-0.02119,0.062774,-0.133688,-0.03234,0.047987,-0.101037,-0.021928,0.048837,-0.088627,-0.011463,A
0.0,0.0,0.0,-0.043637,-0.047082,-0.011178,-0.061909,-0.124919,-0.013433,-0.065217,-0.184346,-0.01706,-0.077519,-0.221426,-0.017468,-0.02539,-0.157413,0.002894,-0.029989,-0.193599,-0.016571,-0.034955,-0.144194,-0.024255,-0.031992,-0.130082,-0.027312,0.007026,-0.148086,-0.001463,0.001681,-0.17831,-0.020015,-0.008856,-0.125873,-0.019509,-0.003575,-0.119042,-0.015066,0.038879,-0.129437,-0.010311,0.034978,-0.163924,-0.030389,0.020732,-0.114552,-0.017975,0.023473,-0.104783,-0.005305,0.069311,-0.105367,-0.020688,0.063736,-0.132713,-0.031238,0.0495,-0.099631,-0.020605,0.050132,-0.088579,-0.010272,A
0.0,0.0,0.0,-0.041324,-0.041202,-0.012022,-0.061028,-0.117441,-0.01548,-0.064923,-0.175351,-0.020081,-0.078066,-0.21306,-0.021588,-0.021922,-0.154412,0.000811,-0.030525,-0.189851,-0.019931,-0.034795,-0.140466,-0.028657,-0.031088,-0.122473,-0.031834,0.010186,-0.144293,-0.003512,0.000341,-0.174206,-0.02271,-0.008451,-0.121752,-0.022527,-0.004105,-0.111505,-0.018203,0.041744,-0.125388,-0.012393,0.034087,-0.158994,-0.032828,0.021573,-0.109131,-0.020422,0.022844,-0.097472,-0.007819,0.072565,-0.10133,-0.022784,0.064565,-0.129355,-0.034065,0.051631,-0.094364,-0.023402,0.050927,-0.08202,-0.012837,A
0.0,0.0,0.0,-0.042844,-0.039825,-0.011807,-0.062567,-0.115682,-0.015147,-0.065713,-0.172829,-0.019439,-0.078266,-0.210822,-0.020777,-0.025909,-0.15428,-0.000444,-0.032571,-0.189001,-0.019666,-0.036017,-0.139682,-0.027643,-0.032996,-0.12209,-0.030729,0.007371,-0.144862,-0.004498,-0.001183,-0.173959,-0.022027,-0.009018,-0.121323,-0.021438,-0.005014,-0.110599,-0.017417,0.039832,-0.126522,-0.012753,0.032231,-0.158323,-0.032395,0.020883,-0.10754,-0.020358,0.022647,-0.095135,-0.008426,0.071013,-0.102732,-0.022389,0.063057,-0.129588,-0.033392,0.050311,-0.093763,-0.022772,0.049607,-0.081092,-0.012487,A
0.0,0.0,0.0,-0.047714,-0.042769,-0.013147,-0.071586,-0.117312,-0.017631,-0.07969,-0.172699,-0.023082,-0.096454,-0.209534,-0.025074,-0.033239,-0.158738,-0.000219,-0.051862,-0.189975,-0.020895,-0.051152,-0.138688,-0.029621,-0.043261,-0.124152,-0.032758,4e-06,-0.151459,-0.00355,-0.018892,-0.176083,-0.022639,-0.021951,-0.123744,-0.021975,-0.013095,-0.115849,-0.017623,0.032065,-0.135075,-0.011462,0.01416,-0.162467,-0.031303,0.00753,-0.113867,-0.019356,0.013782,-0.102108,-0.007233,0.061924,-0.113578,-0.021048,0.046914,-0.139487,-0.031168,0.036765,-0.106695,-0.020819,0.039567,-0.093882,-0.010409,A
0.0,0.0,0.0,-0.048503,-0.043456,-0.01164,-0.071793,-0.119217,-0.014371,-0.078871,-0.173795,-0.018306,-0.09517,-0.209422,-0.019098,-0.033177,-0.161384,0.001989,-0.049187,-0.189483,-0.016688,-0.049339,-0.138613,-0.024829,-0.042622,-0.123686,-0.027972,-0.000291,-0.153894,-0.001625,-0.016842,-0.175457,-0.018811,-0.020319,-0.124219,-0.018179,-0.011878,-0.115704,-0.014108,0.031724,-0.13765,-0.009595,0.015353,-0.161185,-0.027323,0.008822,-0.113704,-0.015439,0.01548,-0.102962,-0.00386,0.061687,-0.116528,-0.019234,0.046578,-0.138541,-0.027468,0.036578,-0.105726,-0.016695,0.039864,-0.09379,-0.006462,A
0.0,0.0,0.0,-0.051824,-0.036296,-0.013459,-0.079584,-0.109637,-0.017211,-0.091173,-0.169065,-0.02164,-0.109576,-0.202113,-0.021566,-0.051053,-0.150924,0.000864,-0.061201,-0.187815,-0.018765,-0.055922,-0.131845,-0.025086,-0.050163,-0.121794,-0.027358,-0.018264,-0.150697,-0.001729,-0.029573,-0.178064,-0.020787,-0.029733,-0.117172,-0.018025,-0.024356,-0.116922,-0.011898,0.014582,-0.141235,-0.009026,0.004033,-0.167863,-0.028194,0.000321,-0.111814,-0.013493,0.005396,-0.108395,0.000204,0.045349,-0.127719,-0.018204,0.034344,-0.143555,-0.026796,0.028098,-0.106803,-0.01558,0.032768,-0.102499,-0.005363,A
0.0,0.0,0.0,-0.053524,-0.040066,-0.011255,-0.082367,-0.114881,-0.012851,-0.094311,-0.171677,-0.015967,-0.112897,-0.201145,-0.015121,-0.051233,-0.15346,0.004974,-0.062872,-0.189183,-0.013201,-0.056831,-0.133817,-0.018905,-0.05056,-0.123445,-0.020825,-0.018142,-0.152919,0.001325,-0.030516,-0.180733,-0.0175,-0.030962,-0.120928,-0.015263,-0.023844,-0.118757,-0.009045,0.014881,-0.142403,-0.006906,0.002663,-0.168969,-0.025163,-0.000996,-0.114169,-0.010635,0.005844,-0.109527,0.003275,0.04618,-0.127963,-0.016975,0.034287,-0.143901,-0.023788,0.026925,-0.108088,-0.011744,0.03212,-0.102796,-0.001004,A
0.0,0.0,0.0,-0.05361,-0.03792,-0.008877,-0.084124,-0.11039,-0.009946,-0.097111,-0.166419,-0.012911,-0.114003,-0.197501,-0.012485,-0.053406,-0.152064,0.006615,-0.067704,-0.185034,-0.011559,-0.061627,-0.134099,-0.018367,-0.054144,-0.120786,-0.020754,-0.021381,-0.152589,0.0018,-0.03462,-0.17996,-0.01599,-0.034153,-0.122584,-0.014585,-0.026436,-0.116594,-0.009166,0.011612,-0.143819,-0.007416,-0.000114,-0.173132,-0.026133,-0.004145,-0.118867,-0.012816,0.001708,-0.110257,0.000577,0.04357,-0.129619,-0.018143,0.032753,-0.151548,-0.026232,0.024092,-0.114512,-0.014649,0.027272,-0.104372,-0.003895,A
0.0,0.0,0.0,-0.052113,-0.037664,-0.008841,-0.083002,-0.109783,-0.009862,-0.096513,-0.16527,-0.012994,-0.113544,-0.19659,-0.012769,-0.052159,-0.15064,0.00686,-0.066543,-0.185029,-0.011649,-0.060819,-0.134052,-0.018622,-0.052906,-0.118768,-0.020923,-0.019932,-0.150837,0.001934,-0.033237,-0.179445,-0.016103,-0.033246,-0.122369,-0.01475,-0.02444,-0.115677,-0.009184,0.013214,-0.141627,-0.007458,0.001588,-0.172426,-0.026259,-0.002914,-0.11894,-0.012997,0.003943,-0.109991,0.000525,0.045542,-0.127294,-0.018372,0.035408,-0.151393,-0.026486,0.025639,-0.115085,-0.014862,0.028631,-0.103913,-0.003965,A
0.0,0.0,0.0,-0.054772,-0.036058,-0.009475,-0.089305,-0.109534,-0.010151,-0.106308,-0.164634,-0.01268,-0.126303,-0.192787,-0.011294,-0.061407,-0.151751,0.008748,-0.074253,-0.18576,-0.009538,-0.067015,-0.134887,-0.017064,-0.061173,-0.124513,-0.020123,-0.02929,-0.153277,0.004423,-0.041819,-0.181005,-0.013061,-0.039608,-0.124128,-0.012513,-0.033483,-0.12297,-0.007905,0.004622,-0.146515,-0.004491,-0.007388,-0.17781,-0.022803,-0.009385,-0.12366,-0.009864,-0.003858,-0.117904,0.003109,0.037623,-0.134835,-0.01502,0.027854,-0.160095,-0.022727,0.019961,-0.122814,-0.011056,0.022895,-0.112424,-0.0003,A
0.0,0.0,0.0,-0.054964,-0.037183,-0.009848,-0.089575,-0.110309,-0.010561,-0.106002,-0.166958,-0.013349,-0.125968,-0.194247,-0.012102,-0.060043,-0.151153,0.008437,-0.074836,-0.187517,-0.010755,-0.065696,-0.135077,-0.017835,-0.058126,-0.122797,-0.020153,-0.027247,-0.152926,0.004055,-0.04172,-0.18191,-0.014369,-0.038697,-0.123349,-0.012901,-0.031598,-0.121911,-0.007272,0.00647,-0.146018,-0.005158,-0.006774,-0.178359,-0.024603,-0.008779,-0.122152,-0.010395,-0.002522,-0.11542,0.00394,0.039256,-0.134608,-0.016094,0.028323,-0.160811,-0.024298,0.019862,-0.122482,-0.011939,0.023033,-0.111543,-0.000377,A
0.0,0.0,0.0,-0.057124,-0.032211,-0.010117,-0.094326,-0.101821,-0.011647,-0.114159,-0.156169,-0.014658,-0.135952,-0.183853,-0.013341,-0.068245,-0.149234,0.005634,-0.083208,-0.182177,-0.013993,-0.073743,-0.129256,-0.021572,-0.066057,-0.120402,-0.024782,-0.034914,-0.152852,0.001534,-0.050391,-0.178007,-0.017865,-0.046462,-0.11939,-0.016842,-0.038582,-0.120797,-0.011777,-0.000313,-0.148278,-0.007161,-0.01501,-0.175331,-0.026407,-0.015189,-0.119787,-0.012395,-0.006836,-0.117507,0.001289,0.033251,-0.139705,-0.017577,0.019067,-0.156866,-0.025575,0.013605,-0.119436,-0.01419,0.020469,-0.115136,-0.003722,A
0.0,0.0,0.0,-0.057063,-0.032523,-0.009842,-0.093533,-0.100763,-0.010804,-0.112535,-0.155138,-0.013925,-0.133187,-0.183689,-0.01313,-0.066561,-0.146796,0.009058,-0.083708,-0.180144,-0.010159,-0.0736,-0.130693,-0.017266,-0.06439,-0.120382,-0.019624,-0.033759,-0.151755,0.00456,-0.050323,-0.176724,-0.014786,-0.045742,-0.120097,-0.013927,-0.036421,-0.120757,-0.008424,0.0006,-0.147294,-0.004813,-0.014949,-0.17501,-0.024763,-0.01508,-0.121212,-0.011466,-0.006438,-0.118372,0.002398,0.034423,-0.138002,-0.015899,0.020147,-0.15765,-0.024374,0.013856,-0.120803,-0.012956,0.020144,-0.114624,-0.00202,A
0.0,0.0,0.0,-0.057781,-0.028611,-0.009812,-0.095609,-0.095622,-0.011133,-0.114786,-0.14919,-0.01435,-0.13668,-0.175031,-0.013724,-0.070491,-0.141071,0.006369,-0.086399,-0.175217,-0.013161,-0.076715,-0.125824,-0.020372,-0.067914,-0.115259,-0.023053,-0.037728,-0.147752,0.001567,-0.053072,-0.173104,-0.017777,-0.048404,-0.117212,-0.01681,-0.039357,-0.117711,-0.011554,-0.003208,-0.146015,-0.007939,-0.018717,-0.172404,-0.027641,-0.018477,-0.118226,-0.014339,-0.010062,-0.115503,-0.000846,0.031201,-0.139469,-0.019176,0.016532,-0.156787,-0.027915,0.01141,-0.120618,-0.016965,0.017935,-0.115743,-0.006583,A
0.0,0.0,0.0,-0.05898,-0.028061,-0.01036,-0.096847,-0.096654,-0.011336,-0.115367,-0.150492,-0.013998,-0.137739,-0.174542,-0.012722,-0.071973,-0.140386,0.006387,-0.088083,-0.174252,-0.012893,-0.077261,-0.124408,-0.019766,-0.068625,-0.114697,-0.022253,-0.038591,-0.147768,0.002096,-0.054361,-0.172104,-0.017215,-0.048885,-0.115054,-0.016,-0.03985,-0.116365,-0.010501,-0.003808,-0.145943,-0.00697,-0.019867,-0.171281,-0.02658,-0.019213,-0.116475,-0.013287,-0.01073,-0.114312,0.000221,0.030353,-0.139726,-0.017802,0.015544,-0.155434,-0.02632,0.01028,-0.118594,-0.015485,0.016623,-0.113843,-0.005241,A
0.0,0.0,0.0,-0.062811,-0.030004,-0.009932,-0.101758,-0.097584,-0.010426,-0.121342,-0.150558,-0.012481,-0.14467,-0.173807,-0.010126,-0.076511,-0.143026,0.007847,-0.092177,-0.172196,-0.011059,-0.079102,-0.121602,-0.018723,-0.071172,-0.116472,-0.022185,-0.042701,-0.148877,0.003775,-0.058967,-0.171508,-0.015635,-0.051924,-0.11519,-0.015377,-0.043617,-0.119847,-0.010727,-0.007853,-0.14691,-0.004897,-0.024284,-0.171316,-0.023789,-0.022504,-0.117366,-0.010527,-0.014138,-0.117758,0.002772,0.025686,-0.141113,-0.01537,0.012238,-0.157808,-0.022491,0.007376,-0.121356,-0.01104,0.014167,-0.117986,-0.000541,A
0.0,0.0,0.0,-0.064062,-0.029042,-0.010492,-0.102914,-0.096301,-0.01147,-0.121768,-0.149653,-0.01408,-0.145511,-0.173093,-0.012502,-0.077236,-0.141061,0.007723,-0.093038,-0.170468,-0.011362,-0.080362,-0.120847,-0.01917,-0.072787,-0.114772,-0.022569,-0.043481,-0.147747,0.00378,-0.059626,-0.170022,-0.015369,-0.0525,-0.114894,-0.015036,-0.044146,-0.119268,-0.010445,-0.008554,-0.146181,-0.004882,-0.025646,-0.170552,-0.023647,-0.023385,-0.117663,-0.010209,-0.014794,-0.117444,0.003102,0.024956,-0.140809,-0.015437,0.010354,-0.156573,-0.022529,0.005848,-0.120922,-0.011011,0.013074,-0.11775,-0.000508,A
0.0,0.0,0.0,-0.061198,-0.028629,-0.01116,-0.100576,-0.094382,-0.01208,-0.121235,-0.147342,-0.014407,-0.144994,-0.170558,-0.012384,-0.073394,-0.138694,0.006071,-0.091406,-0.166811,-0.0131,-0.076424,-0.11644,-0.020238,-0.067114,-0.11222,-0.023126,-0.039842,-0.144154,0.002717,-0.05747,-0.166198,-0.017439,-0.049387,-0.109936,-0.01685,-0.040917,-0.114069,-0.011786,-0.005752,-0.142285,-0.005307,-0.022997,-0.16693,-0.025787,-0.020039,-0.113043,-0.012742,-0.010867,-0.113587,0.000968,0.026995,-0.137342,-0.015066,0.013617,-0.155549,-0.023328,0.00929,-0.118674,-0.012059,0.016328,-0.11422,-0.001376,A
0.0,0.0,0.0,-0.060085,-0.027805,-0.010089,-0.099953,-0.092113,-0.01062,-0.120426,-0.143893,-0.012618,-0.143004,-0.168212,-0.010294,-0.072735,-0.135926,0.006058,-0.090668,-0.166842,-0.01271,-0.076374,-0.115737,-0.01995,-0.067832,-0.110354,-0.023072,-0.039187,-0.141933,0.002591,-0.056369,-0.165907,-0.016591,-0.04861,-0.10956,-0.016117,-0.040656,-0.114084,-0.011495,-0.005077,-0.140369,-0.005314,-0.022181,-0.167355,-0.024399,-0.01968,-0.113501,-0.011442,-0.011036,-0.113876,0.001702,0.02743,-0.135582,-0.014844,0.014243,-0.154917,-0.022532,0.009427,-0.118157,-0.011501,0.015953,-0.113607,-0.001201,A
0.0,0.0,0.0,-0.059283,-0.025754,-0.008663,-0.098183,-0.088648,-0.009139,-0.118917,-0.141525,-0.012021,-0.141363,-0.164986,-0.01125,-0.070278,-0.131181,0.00832,-0.089457,-0.165522,-0.011059,-0.077007,-0.117906,-0.018133,-0.066197,-0.110031,-0.02053,-0.038612,-0.136835,0.003149,-0.055289,-0.164381,-0.016368,-0.048678,-0.109718,-0.015428,-0.038696,-0.111517,-0.009977,-0.005651,-0.135653,-0.006733,-0.021126,-0.164627,-0.026966,-0.019474,-0.111762,-0.013812,-0.010519,-0.109753,0.000161,0.02769,-0.130071,-0.018249,0.015752,-0.157462,-0.026572,0.010286,-0.120206,-0.014653,0.016088,-0.110078,-0.00337,A
0.0,0.0,0.0,-0.058319,-0.025825,-0.010113,-0.097202,-0.0883,-0.011184,-0.117835,-0.140115,-0.014341,-0.140095,-0.164379,-0.013677,-0.069882,-0.130419,0.007168,-0.088638,-0.163324,-0.012081,-0.075881,-0.115344,-0.018928,-0.065817,-0.108105,-0.021189,-0.037518,-0.135979,0.002904,-0.053863,-0.162115,-0.016584,-0.047278,-0.108083,-0.015385,-0.038093,-0.110864,-0.009851,-0.004183,-0.134298,-0.006172,-0.019648,-0.162595,-0.026224,-0.018332,-0.110445,-0.013015,-0.010016,-0.108471,0.000873,0.028891,-0.128539,-0.01698,0.016922,-0.154824,-0.02532,0.011249,-0.118646,-0.01381,0.016692,-0.109425,-0.00289,A
0.0,0.0,0.0,-0.058519,-0.023172,-0.007776,-0.098334,-0.084703,-0.007621,-0.118591,-0.138778,-0.009632,-0.140205,-0.163108,-0.00794,-0.075454,-0.124621,0.007846,-0.091367,-0.160533,-0.010433,-0.078769,-0.114279,-0.017157,-0.070083,-0.104308,-0.01951,-0.042627,-0.132254,0.00263,-0.058141,-0.16041,-0.014967,-0.050819,-0.108003,-0.013801,-0.043101,-0.106872,-0.008931,-0.008814,-0.132888,-0.007,-0.023271,-0.161872,-0.025806,-0.019936,-0.110361,-0.013131,-0.013032,-0.105363,-0.000209,0.024974,-0.128639,-0.018104,0.01475,-0.155543,-0.0261,0.011324,-0.118471,-0.014683,0.015315,-0.107418,-0.004188,A
0.0,0.0,0.0,-0.057986,-0.023092,-0.009598,-0.098806,-0.084787,-0.010163,-0.119296,-0.138421,-0.012921,-0.141489,-0.164081,-0.012153,-0.072166,-0.124466,0.007376,-0.090531,-0.160168,-0.012282,-0.078207,-0.113316,-0.019618,-0.068853,-0.100889,-0.021889,-0.040063,-0.131926,0.002668,-0.056411,-0.159906,-0.016599,-0.049599,-0.106763,-0.015786,-0.041641,-0.104315,-0.010652,-0.006764,-0.131303,-0.00686,-0.021586,-0.161559,-0.027565,-0.019264,-0.109664,-0.015169,-0.012645,-0.102938,-0.001763,0.027275,-0.126184,-0.017947,0.016471,-0.154719,-0.027646,0.011848,-0.116942,-0.016744,0.015261,-0.103956,-0.006122,A
0.0,0.0,0.0,-0.059245,-0.023819,-0.010572,-0.097999,-0.087656,-0.011745,-0.117534,-0.142157,-0.014395,-0.140919,-0.166753,-0.013202,-0.071744,-0.133226,0.003601,-0.08898,-0.157109,-0.015426,-0.075736,-0.107181,-0.021597,-0.067353,-0.105306,-0.02418,-0.038245,-0.13947,-0.001135,-0.056471,-0.159331,-0.021471,-0.0496,-0.102397,-0.019679,-0.040606,-0.10584,-0.013949,-0.004258,-0.137489,-0.010372,-0.021941,-0.158951,-0.032081,-0.019165,-0.103329,-0.018139,-0.010688,-0.102392,-0.003821,0.02855,-0.131037,-0.021268,0.015633,-0.148797,-0.031337,0.011095,-0.109822,-0.020007,0.016693,-0.103245,-0.009204,A
0.0,0.0,0.0,-0.058033,-0.024294,-0.010941,-0.096787,-0.087273,-0.012532,-0.116169,-0.140608,-0.0156,-0.139102,-0.165745,-0.014768,-0.068767,-0.128929,0.003009,-0.087495,-0.158347,-0.016549,-0.075787,-0.107698,-0.022939,-0.067818,-0.103256,-0.025232,-0.035429,-0.134591,-0.001016,-0.053768,-0.158258,-0.021369,-0.048207,-0.101614,-0.019307,-0.039564,-0.103791,-0.01323,-0.001585,-0.131778,-0.009647,-0.01908,-0.159803,-0.030731,-0.017647,-0.105669,-0.016764,-0.009546,-0.103214,-0.002348,0.031371,-0.124767,-0.019899,0.019979,-0.149507,-0.029425,0.013798,-0.112817,-0.018203,0.017748,-0.104395,-0.007418,A
0.0,0.0,0.0,-0.059659,-0.02467,-0.010605,-0.095891,-0.085557,-0.01279,-0.113428,-0.137232,-0.016422,-0.136283,-0.162921,-0.016301,-0.06507,-0.146212,0.003933,-0.08828,-0.151614,-0.015653,-0.073559,-0.103515,-0.023745,-0.063576,-0.106747,-0.028005,-0.031816,-0.151453,-0.001397,-0.05601,-0.15349,-0.022226,-0.047111,-0.099004,-0.021316,-0.035943,-0.106698,-0.016454,0.001176,-0.145731,-0.0113,-0.02111,-0.150532,-0.033006,-0.018474,-0.098344,-0.01952,-0.00859,-0.103188,-0.005915,0.032117,-0.133425,-0.023021,0.016684,-0.141383,-0.034277,0.011101,-0.104383,-0.023935,0.017589,-0.101213,-0.013547,A
0.0,0.0,0.0,-0.06116,-0.025987,-0.01114,-0.097684,-0.086836,-0.013788,-0.115948,-0.139004,-0.017998,-0.138562,-0.165957,-0.018442,-0.06549,-0.145142,0.005153,-0.088763,-0.152226,-0.014654,-0.074966,-0.10505,-0.023502,-0.064363,-0.109209,-0.028249,-0.033092,-0.150752,6.9e-05,-0.055874,-0.153629,-0.020559,-0.047495,-0.100345,-0.020038,-0.036013,-0.109095,-0.015429,-0.000443,-0.145719,-0.009838,-0.021425,-0.152322,-0.031464,-0.019692,-0.101206,-0.018466,-0.009755,-0.105795,-0.005129,0.030542,-0.133524,-0.021651,0.016079,-0.143912,-0.032822,0.009386,-0.107708,-0.022677,0.015383,-0.103196,-0.012361,A
0.0,0.0,0.0,-0.055002,-0.023572,-0.009931,-0.092895,-0.08386,-0.012162,-0.111167,-0.13294,-0.016135,-0.133526,-0.159255,-0.01661,-0.058341,-0.148623,0.005151,-0.080803,-0.15422,-0.015002,-0.073963,-0.105845,-0.024717,-0.064875,-0.098663,-0.029477,-0.027652,-0.151937,-0.000503,-0.05022,-0.151553,-0.019868,-0.047584,-0.096481,-0.019927,-0.036658,-0.096794,-0.015983,0.004104,-0.143514,-0.010785,-0.015471,-0.148293,-0.031978,-0.018928,-0.095775,-0.02013,-0.01117,-0.092852,-0.007664,0.035956,-0.12762,-0.022738,0.021846,-0.142302,-0.03489,0.010792,-0.104575,-0.024922,0.012427,-0.092476,-0.014368,A
0.0,0.0,0.0,-0.059147,-0.027172,-0.010252,-0.095668,-0.088835,-0.012656,-0.113617,-0.138864,-0.01668,-0.137207,-0.164013,-0.01717,-0.063617,-0.156522,0.006569,-0.085041,-0.155629,-0.012691,-0.075201,-0.108891,-0.02289,-0.06509,-0.107572,-0.028737,-0.031997,-0.160514,0.001059,-0.052462,-0.15669,-0.018168,-0.048529,-0.103289,-0.018993,-0.03798,-0.105147,-0.01584,0.000602,-0.152035,-0.009025,-0.017223,-0.152862,-0.029975,-0.020403,-0.101383,-0.01839,-0.013022,-0.099949,-0.006322,0.032679,-0.135646,-0.020929,0.020193,-0.14778,-0.032296,0.009432,-0.111517,-0.022251,0.011288,-0.101724,-0.01193,A
0.0,0.0,0.0,-0.053768,-0.02232,-0.010877,-0.093814,-0.078997,-0.014521,-0.114226,-0.126269,-0.019639,-0.137441,-0.152322,-0.021792,-0.064152,-0.141696,0.004216,-0.080634,-0.158601,-0.017644,-0.078022,-0.114276,-0.030039,-0.071898,-0.097404,-0.036013,-0.033239,-0.14446,-0.001105,-0.050556,-0.158472,-0.021358,-0.052093,-0.107587,-0.024089,-0.045005,-0.096771,-0.021827,-0.002297,-0.13636,-0.01112,-0.016552,-0.153174,-0.031876,-0.022888,-0.105614,-0.022888,-0.019405,-0.094539,-0.012522,0.028483,-0.120636,-0.022759,0.016219,-0.137979,-0.034457,0.005895,-0.102456,-0.025967,0.006,-0.088697,-0.016906,A
0.0,0.0,0.0,-0.053089,-0.020242,-0.010322,-0.092991,-0.076118,-0.013352,-0.113086,-0.122794,-0.017931,-0.135208,-0.14971,-0.019835,-0.06455,-0.13617,0.00319,-0.079825,-0.154983,-0.018387,-0.077438,-0.11376,-0.030144,-0.072257,-0.09803,-0.035614,-0.033285,-0.139794,-0.002373,-0.049117,-0.157969,-0.02327,-0.050643,-0.109056,-0.026431,-0.04404,-0.098204,-0.023969,-0.001471,-0.132887,-0.012356,-0.015082,-0.151188,-0.033658,-0.021269,-0.104164,-0.025685,-0.018162,-0.093937,-0.015671,0.03125,-0.118878,-0.023749,0.020258,-0.138119,-0.035568,0.009684,-0.102618,-0.02752,0.009387,-0.088822,-0.018694,A
0.0,0.0,0.0,-0.054239,-0.01987,-0.014517,-0.094913,-0.078016,-0.018837,-0.117669,-0.125024,-0.022864,-0.142967,-0.149715,-0.022877,-0.06334,-0.160043,-0.000378,-0.088524,-0.138639,-0.020191,-0.074687,-0.095821,-0.031988,-0.062578,-0.098291,-0.039141,-0.03218,-0.165558,-0.003648,-0.056592,-0.132033,-0.021568,-0.047575,-0.086528,-0.023513,-0.03667,-0.094173,-0.022143,-0.000185,-0.154573,-0.011321,-0.022192,-0.12717,-0.030633,-0.020395,-0.084069,-0.020709,-0.011293,-0.090779,-0.010757,0.030592,-0.135694,-0.021227,0.014834,-0.124685,-0.033112,0.008351,-0.092251,-0.025342,0.012529,-0.089651,-0.016634,A
0.0,0.0,0.0,-0.058072,-0.021449,-0.013368,-0.097993,-0.080664,-0.017989,-0.11949,-0.128732,-0.022456,-0.145018,-0.155263,-0.023087,-0.069275,-0.165278,-0.000511,-0.093581,-0.140582,-0.020961,-0.080232,-0.098627,-0.033421,-0.068419,-0.101812,-0.041226,-0.037139,-0.173656,-0.004747,-0.060684,-0.137198,-0.023285,-0.051708,-0.09196,-0.025672,-0.041408,-0.099416,-0.024799,-0.004147,-0.164331,-0.013253,-0.025617,-0.131512,-0.032415,-0.023295,-0.088223,-0.022562,-0.014543,-0.096456,-0.013319,0.027423,-0.146127,-0.024044,0.010796,-0.12438,-0.035341,0.005597,-0.091329,-0.027934,0.010541,-0.092766,-0.020116,A
0.0,0.0,0.0,-0.058098,-0.023107,-0.010901,-0.096563,-0.082418,-0.01414,-0.116911,-0.129841,-0.017933,-0.141278,-0.154939,-0.017915,-0.065576,-0.164481,0.002026,-0.091401,-0.141842,-0.01647,-0.078415,-0.098643,-0.027404,-0.066878,-0.101349,-0.034422,-0.034304,-0.170631,-0.003064,-0.060613,-0.135027,-0.020741,-0.050781,-0.089447,-0.022375,-0.039096,-0.098096,-0.020979,-0.002193,-0.160453,-0.012127,-0.026535,-0.132265,-0.030764,-0.023785,-0.087334,-0.020014,-0.013983,-0.094995,-0.010026,0.028792,-0.141772,-0.023233,0.010955,-0.129645,-0.034606,0.005135,-0.09581,-0.026379,0.011172,-0.094801,-0.017722,A
0.0,0.0,0.0,-0.058825,-0.02159,-0.012032,-0.097399,-0.080804,-0.015708,-0.117374,-0.128409,-0.019638,-0.141513,-0.153484,-0.019532,-0.067108,-0.163902,0.001339,-0.09173,-0.142086,-0.017757,-0.079137,-0.097818,-0.028901,-0.068127,-0.101086,-0.036045,-0.035432,-0.17055,-0.003411,-0.060835,-0.135909,-0.021783,-0.051488,-0.088963,-0.023344,-0.039945,-0.098601,-0.021597,-0.003108,-0.160413,-0.012331,-0.026878,-0.131748,-0.031441,-0.024603,-0.086042,-0.020488,-0.014584,-0.09497,-0.010225,0.027865,-0.14204,-0.023414,0.009517,-0.127153,-0.03516,0.003826,-0.093389,-0.027158,0.010439,-0.094181,-0.018613,A
0.0,0.0,0.0,-0.060032,-0.025582,-0.009788,-0.095524,-0.085313,-0.012197,-0.113965,-0.13208,-0.015712,-0.135273,-0.160971,-0.015307,-0.060105,-0.168965,0.005014,-0.089752,-0.149061,-0.011752,-0.076467,-0.102628,-0.021205,-0.0635,-0.107091,-0.027393,-0.02939,-0.175002,-0.000372,-0.059475,-0.142542,-0.017705,-0.050262,-0.091868,-0.018737,-0.036977,-0.101472,-0.016441,0.001925,-0.16298,-0.009596,-0.026667,-0.139165,-0.028064,-0.024161,-0.089829,-0.016497,-0.011813,-0.0982,-0.005512,0.031031,-0.142543,-0.020721,0.010269,-0.129139,-0.030882,0.003445,-0.094832,-0.021875,0.01149,-0.096093,-0.012645,A
0.0,0.0,0.0,-0.061405,-0.025107,-0.01062,-0.096192,-0.086191,-0.013679,-0.114342,-0.134047,-0.017583,-0.137053,-0.162742,-0.017414,-0.06294,-0.169733,0.00492,-0.092203,-0.149659,-0.013337,-0.077496,-0.103615,-0.024653,-0.063494,-0.108323,-0.032164,-0.031666,-0.176851,-0.000312,-0.061758,-0.144106,-0.018202,-0.051017,-0.093432,-0.020014,-0.037094,-0.103867,-0.018498,0.0002,-0.165193,-0.009595,-0.028319,-0.139896,-0.028041,-0.02532,-0.090546,-0.016204,-0.013145,-0.099199,-0.005391,0.029521,-0.144921,-0.021042,0.008775,-0.128015,-0.031341,0.002675,-0.094213,-0.022495,0.010818,-0.097067,-0.013586,A
0.0,0.0,0.0,-0.060158,-0.026057,-0.01013,-0.091228,-0.091627,-0.011937,-0.104961,-0.142638,-0.014594,-0.125151,-0.174529,-0.013679,-0.05618,-0.171098,0.003434,-0.084673,-0.155082,-0.013179,-0.073209,-0.104189,-0.022447,-0.060867,-0.10221,-0.028396,-0.024196,-0.176354,-0.001159,-0.054958,-0.148342,-0.017405,-0.048199,-0.093702,-0.017576,-0.03457,-0.09783,-0.015169,0.006907,-0.162886,-0.009594,-0.023446,-0.143987,-0.027698,-0.023362,-0.091659,-0.015953,-0.010491,-0.093621,-0.005017,0.033786,-0.141642,-0.019896,0.011295,-0.126805,-0.029925,0.003336,-0.092268,-0.02128,0.011262,-0.091591,-0.012574,A
0.0,0.0,0.0,-0.058777,-0.025603,-0.011192,-0.090087,-0.089653,-0.013491,-0.103695,-0.140088,-0.016474,-0.122641,-0.172992,-0.015594,-0.054652,-0.168032,0.004068,-0.083576,-0.154598,-0.014042,-0.071087,-0.10427,-0.024497,-0.057282,-0.101725,-0.030885,-0.022932,-0.172792,-0.000172,-0.053603,-0.147597,-0.017512,-0.046009,-0.093566,-0.018003,-0.031432,-0.098082,-0.015411,0.007725,-0.160046,-0.008686,-0.02218,-0.142151,-0.027748,-0.021656,-0.090486,-0.016015,-0.007974,-0.093149,-0.004693,0.034877,-0.139149,-0.019228,0.012176,-0.127144,-0.030122,0.004684,-0.092424,-0.021578,0.013169,-0.090728,-0.012596,A
0.0,0.0,0.0,-0.055006,-0.033188,-0.008352,-0.083051,-0.102052,-0.009295,-0.094322,-0.154029,-0.011961,-0.113101,-0.186713,-0.011456,-0.040297,-0.168007,0.006823,-0.069683,-0.166345,-0.009763,-0.061557,-0.115979,-0.018316,-0.04972,-0.108529,-0.02306,-0.01062,-0.168501,0.001553,-0.042547,-0.154643,-0.014387,-0.038919,-0.10149,-0.014016,-0.025402,-0.101469,-0.010803,0.018362,-0.15457,-0.00789,-0.012565,-0.149653,-0.026433,-0.014438,-0.098518,-0.015093,-0.001626,-0.095871,-0.003808,0.04469,-0.133378,-0.018899,0.021027,-0.13273,-0.029395,0.011805,-0.097692,-0.020543,0.019833,-0.091735,-0.011298,A
0.0,0.0,0.0,-0.055501,-0.034347,-0.009781,-0.082965,-0.10256,-0.0118,-0.094399,-0.154892,-0.015012,-0.113047,-0.188089,-0.014674,-0.043155,-0.172693,0.007383,-0.071412,-0.168502,-0.009803,-0.062225,-0.118113,-0.019709,-0.04987,-0.111179,-0.025542,-0.012317,-0.173964,0.002575,-0.043429,-0.156446,-0.013813,-0.03877,-0.10255,-0.014402,-0.025418,-0.103217,-0.011847,0.017613,-0.159841,-0.006565,-0.012363,-0.149834,-0.024977,-0.014234,-0.098179,-0.013682,-0.002437,-0.096832,-0.002683,0.044606,-0.137786,-0.017557,0.020954,-0.133044,-0.028071,0.01239,-0.098321,-0.019316,0.020588,-0.094974,-0.010184,A
0.0,0.0,0.0,-0.051187,-0.041362,-0.00692,-0.07484,-0.110812,-0.007813,-0.082002,-0.162403,-0.011016,-0.096408,-0.197047,-0.011213,-0.034652,-0.156095,0.006472,-0.058426,-0.175344,-0.012109,-0.056564,-0.125048,-0.020092,-0.046959,-0.111207,-0.023033,-0.006091,-0.152265,0.001206,-0.033119,-0.162145,-0.01681,-0.034153,-0.109697,-0.015551,-0.02075,-0.105213,-0.010595,0.021918,-0.140032,-0.008367,-0.004076,-0.153072,-0.027255,-0.008854,-0.104255,-0.01571,0.003424,-0.098228,-0.003631,0.048412,-0.122548,-0.019287,0.028206,-0.1352,-0.028487,0.017705,-0.102047,-0.019046,0.024628,-0.092915,-0.00939,A
0.0,0.0,0.0,-0.050575,-0.039425,-0.007465,-0.074183,-0.108475,-0.008521,-0.081834,-0.159489,-0.011644,-0.096055,-0.193687,-0.011656,-0.033472,-0.156563,0.006049,-0.058801,-0.17418,-0.011912,-0.056168,-0.124154,-0.019767,-0.045702,-0.11145,-0.022925,-0.004577,-0.152786,0.000982,-0.03305,-0.161274,-0.016437,-0.033252,-0.108752,-0.015049,-0.019447,-0.104997,-0.010201,0.023647,-0.140317,-0.00833,-0.003712,-0.152156,-0.026934,-0.008278,-0.102211,-0.015201,0.004219,-0.096468,-0.003189,0.050082,-0.122113,-0.019065,0.028751,-0.133683,-0.028358,0.01777,-0.099968,-0.018806,0.024314,-0.090961,-0.009107,A
0.0,0.0,0.0,-0.046579,-0.047625,-0.006243,-0.062745,-0.117435,-0.006578,-0.065288,-0.168641,-0.009365,-0.077476,-0.20385,-0.009653,-0.019467,-0.157172,0.009639,-0.041689,-0.177507,-0.007633,-0.044142,-0.130901,-0.015991,-0.035562,-0.115784,-0.01953,0.007426,-0.151614,0.004525,-0.018908,-0.164173,-0.012756,-0.024792,-0.11546,-0.013162,-0.012423,-0.106658,-0.009336,0.033789,-0.137757,-0.004825,0.007189,-0.151881,-0.022619,-0.001307,-0.106722,-0.013094,0.009948,-0.097729,-0.002531,0.05899,-0.118337,-0.015481,0.035324,-0.129251,-0.024394,0.025352,-0.098783,-0.01659,0.034529,-0.090202,-0.008242,A
0.0,0.0,0.0,-0.046467,-0.04887,-0.006374,-0.062347,-0.117983,-0.007453,-0.065908,-0.168753,-0.010895,-0.078008,-0.203927,-0.011527,-0.018607,-0.159962,0.01011,-0.041854,-0.178599,-0.006381,-0.042422,-0.129862,-0.014595,-0.032791,-0.118312,-0.018724,0.008425,-0.154155,0.004942,-0.019028,-0.165736,-0.011598,-0.023592,-0.115002,-0.011509,-0.011346,-0.109124,-0.00785,0.035134,-0.140068,-0.004373,0.00678,-0.152923,-0.02116,-0.000532,-0.104767,-0.010468,0.010622,-0.097552,0.000193,0.059951,-0.119621,-0.015129,0.034605,-0.130462,-0.02318,0.025457,-0.099085,-0.014497,0.035414,-0.091634,-0.005912,A
0.0,0.0,0.0,-0.043808,-0.049872,-0.005312,-0.05441,-0.120273,-0.005755,-0.052289,-0.172725,-0.009054,-0.060778,-0.210279,-0.009536,-0.014392,-0.154742,0.011209,-0.027962,-0.187509,-0.007378,-0.03554,-0.140952,-0.015548,-0.031045,-0.123053,-0.018098,0.011158,-0.14639,0.005511,-0.007486,-0.171841,-0.012289,-0.017623,-0.121855,-0.012214,-0.006958,-0.111745,-0.00717,0.037576,-0.12989,-0.004576,0.017027,-0.155895,-0.022041,0.005212,-0.109018,-0.011389,0.014786,-0.09852,0.000258,0.063439,-0.108098,-0.015977,0.0427,-0.127291,-0.02405,0.03096,-0.096807,-0.015186,0.039566,-0.086918,-0.005966,A
0.0,0.0,0.0,-0.042243,-0.053545,-0.005402,-0.052123,-0.123708,-0.005908,-0.050315,-0.176147,-0.00959,-0.059806,-0.21364,-0.010749,-0.012794,-0.160817,0.014119,-0.027063,-0.190525,-0.004152,-0.033633,-0.144934,-0.013134,-0.028356,-0.126399,-0.016462,0.013144,-0.15223,0.0083,-0.00584,-0.174948,-0.008621,-0.015841,-0.125971,-0.009122,-0.00599,-0.115238,-0.005006,0.039243,-0.135055,-0.002127,0.019153,-0.159908,-0.020489,0.006549,-0.112939,-0.010423,0.014535,-0.100218,0.001001,0.064325,-0.111588,-0.013797,0.044706,-0.13315,-0.022907,0.032145,-0.10187,-0.013889,0.038774,-0.089426,-0.004362,A
0.0,0.0,0.0,-0.038946,-0.058242,-0.004049,-0.044078,-0.131192,-0.003507,-0.038373,-0.180895,-0.00637,-0.044872,-0.217937,-0.006807,-0.003278,-0.160821,0.015091,-0.014512,-0.194752,-0.002604,-0.024782,-0.152146,-0.011377,-0.021071,-0.13207,-0.014326,0.021081,-0.149698,0.008653,0.006602,-0.175927,-0.00764,-0.006679,-0.130959,-0.008821,0.002323,-0.118849,-0.005131,0.045775,-0.129868,-0.002173,0.030327,-0.159904,-0.019204,0.014743,-0.117762,-0.009791,0.022256,-0.104282,0.000903,0.069682,-0.104256,-0.014206,0.053816,-0.132214,-0.022787,0.03856,-0.102934,-0.013776,0.043949,-0.08785,-0.004269,A
0.0,0.0,0.0,-0.037923,-0.058587,-0.004013,-0.043686,-0.130551,-0.003968,-0.038648,-0.180188,-0.007202,-0.044898,-0.217705,-0.007831,-0.003829,-0.162746,0.013803,-0.015196,-0.195904,-0.004186,-0.026009,-0.151724,-0.012772,-0.02179,-0.132923,-0.01584,0.021155,-0.151281,0.007282,0.006621,-0.176754,-0.009945,-0.00719,-0.130469,-0.010561,0.001866,-0.118417,-0.006465,0.046106,-0.131304,-0.003545,0.030609,-0.159711,-0.021427,0.014795,-0.115496,-0.01127,0.022406,-0.101807,-1.8e-05,0.070197,-0.10539,-0.015554,0.054059,-0.131274,-0.024657,0.038953,-0.101128,-0.015541,0.044371,-0.086492,-0.005943,A
0.0,0.0,0.0,-0.037773,-0.056178,-0.006301,-0.042894,-0.128814,-0.007389,-0.036629,-0.179254,-0.011448,-0.043037,-0.216834,-0.012753,-0.00471,-0.158448,0.01261,-0.011148,-0.194636,-0.005724,-0.02137,-0.15128,-0.014864,-0.018397,-0.131327,-0.018147,0.020315,-0.147209,0.006918,0.011438,-0.178844,-0.009579,-0.002618,-0.132898,-0.010394,0.005411,-0.120375,-0.006465,0.045405,-0.127646,-0.003272,0.037662,-0.164597,-0.020498,0.019913,-0.122126,-0.009952,0.024884,-0.107173,0.001535,0.070241,-0.102459,-0.014928,0.061482,-0.133927,-0.023258,0.041955,-0.106187,-0.013229,0.041328,-0.089445,-0.003081,A
0.0,0.0,0.0,-0.038183,-0.056657,-0.004569,-0.044179,-0.128339,-0.004612,-0.03785,-0.17931,-0.007886,-0.043684,-0.217591,-0.008653,-0.006625,-0.158285,0.014404,-0.014264,-0.19339,-0.003068,-0.024091,-0.149773,-0.011793,-0.020462,-0.128933,-0.014909,0.018624,-0.14832,0.008195,0.008868,-0.177953,-0.00739,-0.004498,-0.131584,-0.007875,0.004263,-0.118266,-0.003957,0.04405,-0.129127,-0.002334,0.035406,-0.164828,-0.019482,0.018487,-0.120212,-0.008839,0.024077,-0.103929,0.002669,0.069202,-0.103579,-0.014105,0.059738,-0.134768,-0.023041,0.041341,-0.104677,-0.012981,0.041838,-0.087212,-0.0027,A
0.0,0.0,0.0,-0.034585,-0.060693,-0.003187,-0.04244,-0.125977,-0.004237,-0.038625,-0.174487,-0.009169,-0.045298,-0.211718,-0.012486,-0.007365,-0.150412,0.016604,-0.006908,-0.187328,-0.001151,-0.017638,-0.155186,-0.012303,-0.020358,-0.129221,-0.016237,0.019216,-0.138713,0.010099,0.018261,-0.177527,-0.005269,0.003591,-0.137966,-0.009783,0.00605,-0.115339,-0.008068,0.045985,-0.120526,-0.000245,0.044293,-0.156966,-0.015742,0.027053,-0.120714,-0.009265,0.027854,-0.098873,2.1e-05,0.072329,-0.096424,-0.011435,0.06936,-0.134089,-0.01702,0.051304,-0.110487,-0.00716,0.048389,-0.089489,0.002718,A
0.0,0.0,0.0,-0.034371,-0.05762,-0.003397,-0.043036,-0.121997,-0.004492,-0.039661,-0.169409,-0.009303,-0.044223,-0.208279,-0.012497,-0.007429,-0.149937,0.015286,-0.009418,-0.18601,-0.002416,-0.021362,-0.153736,-0.013205,-0.023563,-0.129319,-0.017067,0.018618,-0.138548,0.008697,0.016141,-0.175697,-0.006569,0.000315,-0.136159,-0.010639,0.003248,-0.115388,-0.008695,0.045389,-0.11983,-0.001655,0.042942,-0.15725,-0.01715,0.024707,-0.120293,-0.010113,0.025652,-0.099942,-0.000661,0.072083,-0.094792,-0.012871,0.068464,-0.131695,-0.019096,0.050368,-0.107611,-0.009209,0.047887,-0.087969,0.000837,A
0.0,0.0,0.0,-0.03939,-0.047062,-0.007715,-0.052535,-0.117426,-0.008555,-0.051226,-0.168833,-0.011433,-0.057949,-0.2064,-0.011803,-0.025085,-0.147973,0.009376,-0.023715,-0.185696,-0.007893,-0.029677,-0.1492,-0.017066,-0.031249,-0.128035,-0.020082,0.005209,-0.140171,0.005436,0.005628,-0.175577,-0.010867,-0.00317,-0.133421,-0.014107,-0.001488,-0.114959,-0.011622,0.035713,-0.12455,-0.002359,0.036348,-0.159615,-0.018729,0.024709,-0.119818,-0.011728,0.024744,-0.102188,-0.002583,0.065296,-0.103549,-0.011278,0.064249,-0.13219,-0.018988,0.05024,-0.103987,-0.010751,0.046987,-0.087336,-0.002109,A
0.0,0.0,0.0,-0.039208,-0.048488,-0.006689,-0.052553,-0.119658,-0.006728,-0.049749,-0.172692,-0.009141,-0.057213,-0.210062,-0.009209,-0.021196,-0.1489,0.010319,-0.022909,-0.186949,-0.007527,-0.030065,-0.149238,-0.016974,-0.03105,-0.124295,-0.019782,0.009317,-0.140724,0.005811,0.006161,-0.175695,-0.009791,-0.004598,-0.133404,-0.012514,-0.001961,-0.113444,-0.009662,0.039868,-0.124185,-0.002673,0.037402,-0.160768,-0.018363,0.023843,-0.120859,-0.010567,0.024647,-0.101402,-0.00084,0.070122,-0.101616,-0.012256,0.063728,-0.131576,-0.019008,0.04911,-0.104679,-0.009973,0.04748,-0.08867,-0.000734,A
0.0,0.0,0.0,-0.041796,-0.043739,-0.007476,-0.056412,-0.112908,-0.010087,-0.055853,-0.165007,-0.014925,-0.065358,-0.203195,-0.017957,-0.02422,-0.145149,0.008408,-0.023253,-0.18369,-0.009701,-0.028106,-0.150388,-0.021501,-0.031281,-0.125343,-0.026256,0.00613,-0.137196,0.003368,0.006683,-0.173732,-0.013324,-0.001713,-0.133596,-0.019703,-0.003955,-0.11104,-0.019537,0.036095,-0.121426,-0.005144,0.036921,-0.15988,-0.021737,0.026089,-0.121776,-0.016608,0.022666,-0.100334,-0.008755,0.0647,-0.099256,-0.014554,0.06313,-0.13287,-0.02327,0.05072,-0.103432,-0.014979,0.046115,-0.082743,-0.006062,A
0.0,0.0,0.0,-0.042567,-0.04259,-0.008894,-0.058547,-0.113553,-0.010599,-0.059374,-0.1673,-0.014228,-0.069102,-0.20424,-0.015491,-0.029245,-0.146686,0.00899,-0.030144,-0.186334,-0.009186,-0.033451,-0.148584,-0.02006,-0.036069,-0.122359,-0.023929,0.001293,-0.140719,0.004975,0.000272,-0.175134,-0.011477,-0.005216,-0.132302,-0.016803,-0.006238,-0.110977,-0.015826,0.031828,-0.126204,-0.002962,0.032085,-0.162271,-0.019853,0.022952,-0.121882,-0.014501,0.019448,-0.101236,-0.006357,0.061091,-0.105204,-0.011991,0.059688,-0.135855,-0.02086,0.048535,-0.105516,-0.013077,0.044188,-0.086944,-0.004424,A
0.0,0.0,0.0,-0.043884,-0.048011,-0.006323,-0.060901,-0.119689,-0.006004,-0.062613,-0.172043,-0.008446,-0.074686,-0.20664,-0.00886,-0.033023,-0.150893,0.014004,-0.032456,-0.191996,-0.004438,-0.035904,-0.157649,-0.015306,-0.039447,-0.133081,-0.01849,-0.003984,-0.146925,0.009638,-0.002761,-0.180963,-0.008492,-0.006933,-0.137404,-0.014614,-0.007854,-0.115219,-0.012995,0.025118,-0.137014,0.001376,0.023699,-0.168586,-0.016534,0.017619,-0.126072,-0.011523,0.015984,-0.103739,-0.002468,0.052701,-0.121626,-0.007768,0.049423,-0.153234,-0.015885,0.040484,-0.119688,-0.007432,0.038076,-0.098929,0.002185,A
0.0,0.0,0.0,-0.045031,-0.051058,-0.005266,-0.060245,-0.124137,-0.003998,-0.059019,-0.177286,-0.005563,-0.071846,-0.209482,-0.005111,-0.033305,-0.153992,0.014956,-0.030712,-0.194609,-0.002043,-0.034643,-0.159107,-0.012775,-0.039152,-0.132366,-0.016362,-0.003532,-0.149148,0.010141,-0.000439,-0.182348,-0.005509,-0.00525,-0.138903,-0.010916,-0.007537,-0.115279,-0.009786,0.02632,-0.137128,0.001554,0.028151,-0.169486,-0.013673,0.020627,-0.127886,-0.007818,0.016937,-0.104121,0.000624,0.054586,-0.119111,-0.008027,0.054213,-0.150061,-0.014309,0.043981,-0.117506,-0.005182,0.039763,-0.09706,0.004151,A
0.0,0.0,0.0,-0.042937,-0.048261,-0.010398,-0.060964,-0.122885,-0.012062,-0.063874,-0.179093,-0.015128,-0.074827,-0.214864,-0.014493,-0.029902,-0.156812,0.006115,-0.030712,-0.195671,-0.012906,-0.032852,-0.14646,-0.021125,-0.030836,-0.130994,-0.024244,0.001522,-0.150014,0.001801,0.001251,-0.186102,-0.017135,-0.006711,-0.133415,-0.018711,-0.003315,-0.126322,-0.014897,0.032098,-0.133874,-0.00676,0.032677,-0.169949,-0.025607,0.02148,-0.122877,-0.014937,0.023,-0.114872,-0.003153,0.060634,-0.113316,-0.016788,0.058896,-0.13818,-0.0249,0.04603,-0.106245,-0.014205,0.045839,-0.096544,-0.003902,A
0.0,0.0,0.0,-0.044619,-0.051109,-0.010656,-0.063385,-0.12661,-0.012327,-0.068406,-0.182473,-0.015318,-0.080609,-0.215873,-0.014365,-0.031567,-0.157369,0.005166,-0.032276,-0.19752,-0.013783,-0.033093,-0.146543,-0.0219,-0.03181,-0.132253,-0.025307,0.00065,-0.150562,0.001375,-0.000415,-0.185985,-0.017037,-0.007555,-0.131889,-0.018092,-0.005218,-0.126665,-0.014448,0.03229,-0.133963,-0.006683,0.031972,-0.169854,-0.024291,0.020643,-0.121572,-0.013088,0.022116,-0.115077,-0.001653,0.060872,-0.113177,-0.016334,0.05709,-0.133813,-0.023384,0.044547,-0.102974,-0.013058,0.045423,-0.095903,-0.003566,A
0.0,0.0,0.0,-0.045225,-0.048011,-0.012705,-0.066773,-0.126335,-0.014142,-0.07427,-0.184064,-0.016715,-0.089116,-0.217915,-0.014807,-0.033105,-0.16313,0.008163,-0.035902,-0.20054,-0.011586,-0.035067,-0.148171,-0.020029,-0.032282,-0.137379,-0.023557,-0.001501,-0.157409,0.00562,-0.003807,-0.190736,-0.014329,-0.010654,-0.131962,-0.015772,-0.007213,-0.132427,-0.011816,0.029161,-0.142546,-0.001828,0.02842,-0.17695,-0.022388,0.0167,-0.124537,-0.011309,0.01957,-0.121764,0.001136,0.05666,-0.124232,-0.010967,0.055076,-0.146255,-0.019888,0.041175,-0.112318,-0.009489,0.041874,-0.105239,0.000773,A
0.0,0.0,0.0,-0.044618,-0.049395,-0.012299,-0.065503,-0.127567,-0.013803,-0.073032,-0.184678,-0.016741,-0.087746,-0.218519,-0.015372,-0.032072,-0.163417,0.008663,-0.035349,-0.201696,-0.011236,-0.03416,-0.150858,-0.019767,-0.031424,-0.139742,-0.023234,-0.000848,-0.157782,0.005917,-0.00319,-0.191074,-0.014233,-0.009842,-0.133093,-0.015835,-0.006579,-0.133796,-0.012012,0.029897,-0.142534,-0.001744,0.029103,-0.177364,-0.022751,0.017178,-0.125841,-0.012122,0.019741,-0.123188,0.000104,0.05749,-0.123811,-0.011014,0.055431,-0.146777,-0.020431,0.041132,-0.113493,-0.010386,0.041591,-0.10591,-0.0003,A
0.0,0.0,0.0,-0.045499,-0.046665,-0.012869,-0.067524,-0.121874,-0.015365,-0.075843,-0.179979,-0.019112,-0.091016,-0.214614,-0.01866,-0.034677,-0.159051,0.006321,-0.037154,-0.19867,-0.013465,-0.03691,-0.148734,-0.022127,-0.03456,-0.138371,-0.026008,-0.003585,-0.153564,0.00356,-0.005695,-0.189007,-0.016001,-0.012888,-0.132458,-0.01741,-0.009915,-0.132498,-0.013951,0.02704,-0.139457,-0.003993,0.026912,-0.178863,-0.0248,0.015038,-0.127378,-0.013729,0.01747,-0.122603,-0.001467,0.055129,-0.121414,-0.013214,0.053529,-0.147958,-0.023251,0.039713,-0.114797,-0.013243,0.040124,-0.105903,-0.003186,A
0.0,0.0,0.0,-0.04478,-0.046129,-0.012931,-0.06702,-0.122104,-0.014984,-0.07542,-0.179623,-0.018206,-0.090521,-0.213906,-0.01716,-0.034437,-0.159909,0.006749,-0.037063,-0.198841,-0.013106,-0.03624,-0.148431,-0.021601,-0.034061,-0.137719,-0.025144,-0.003289,-0.154507,0.004235,-0.005081,-0.189019,-0.015389,-0.011747,-0.131823,-0.01667,-0.009327,-0.131976,-0.012898,0.027489,-0.140402,-0.003121,0.027294,-0.177958,-0.02378,0.015973,-0.126032,-0.012674,0.017991,-0.121606,-0.000291,0.055504,-0.12266,-0.012139,0.053601,-0.147721,-0.02178,0.040664,-0.114097,-0.01162,0.041452,-0.105928,-0.001418,A
0.0,0.0,0.0,-0.046753,-0.046802,-0.012439,-0.069372,-0.123347,-0.014418,-0.078007,-0.180059,-0.017659,-0.093851,-0.213199,-0.016783,-0.037588,-0.159888,0.007029,-0.04112,-0.197563,-0.012686,-0.039085,-0.146615,-0.02153,-0.03615,-0.13633,-0.025577,-0.006389,-0.155304,0.004135,-0.008596,-0.189007,-0.015339,-0.014826,-0.131382,-0.016885,-0.013384,-0.131298,-0.013532,0.024743,-0.141889,-0.003498,0.02434,-0.178638,-0.023501,0.013361,-0.126132,-0.012155,0.014288,-0.121356,-2e-05,0.052824,-0.124345,-0.012844,0.050647,-0.14818,-0.022036,0.038191,-0.113371,-0.011615,0.038785,-0.104968,-0.001521,A
0.0,0.0,0.0,-0.047591,-0.047269,-0.012458,-0.070178,-0.123769,-0.014144,-0.078312,-0.180891,-0.017087,-0.09446,-0.214119,-0.015918,-0.03749,-0.159832,0.007692,-0.040995,-0.196622,-0.011302,-0.03913,-0.145938,-0.0197,-0.036106,-0.136469,-0.023617,-0.006212,-0.155242,0.004972,-0.008974,-0.188672,-0.013954,-0.015179,-0.131372,-0.015263,-0.01253,-0.131843,-0.0119,0.024712,-0.141721,-0.002496,0.023801,-0.178643,-0.021901,0.012879,-0.126516,-0.010367,0.014827,-0.121673,0.001711,0.052465,-0.124285,-0.011751,0.050198,-0.147808,-0.020406,0.037627,-0.113556,-0.009992,0.038925,-0.105312,-6.1e-05,A
0.0,0.0,0.0,-0.047373,-0.045773,-0.013122,-0.071559,-0.12298,-0.0149,-0.08149,-0.181657,-0.017579,-0.098776,-0.214222,-0.015888,-0.039189,-0.160057,0.007063,-0.042352,-0.196608,-0.011801,-0.039624,-0.145339,-0.020143,-0.037196,-0.137657,-0.02416,-0.007699,-0.155751,0.00489,-0.010286,-0.188612,-0.014164,-0.015668,-0.130936,-0.015555,-0.014075,-0.132623,-0.01225,0.023203,-0.143052,-0.002008,0.022388,-0.179733,-0.02184,0.012401,-0.127322,-0.010572,0.013941,-0.123545,0.001516,0.051073,-0.126731,-0.010624,0.049243,-0.151021,-0.019556,0.037275,-0.11637,-0.009206,0.038432,-0.108427,0.000826,A
0.0,0.0,0.0,-0.047762,-0.045212,-0.013576,-0.072206,-0.122807,-0.015268,-0.081981,-0.181693,-0.017726,-0.09916,-0.214239,-0.015741,-0.04013,-0.160065,0.007074,-0.042728,-0.196613,-0.011592,-0.03972,-0.145011,-0.019651,-0.037614,-0.137768,-0.023472,-0.008568,-0.155858,0.0052,-0.010812,-0.188771,-0.013623,-0.015789,-0.130688,-0.014818,-0.014722,-0.133122,-0.011412,0.022393,-0.14327,-0.001447,0.021803,-0.179636,-0.021149,0.012314,-0.126926,-0.009724,0.013347,-0.123663,0.002431,0.050222,-0.127117,-0.009853,0.048803,-0.151801,-0.018562,0.037119,-0.116642,-0.007988,0.037733,-0.108514,0.002162,A
0.0,0.0,0.0,-0.04788,-0.044426,-0.013723,-0.072138,-0.119375,-0.015802,-0.081579,-0.177152,-0.018477,-0.098235,-0.210673,-0.016746,-0.042652,-0.157393,0.005992,-0.043595,-0.193829,-0.012659,-0.040838,-0.143904,-0.020945,-0.039357,-0.137057,-0.024976,-0.010324,-0.153435,0.004183,-0.011928,-0.186717,-0.014963,-0.016257,-0.130981,-0.016837,-0.014977,-0.133565,-0.013936,0.021224,-0.141371,-0.002204,0.020725,-0.177734,-0.021715,0.012649,-0.126962,-0.010468,0.014206,-0.124524,0.001404,0.049185,-0.125913,-0.01038,0.047624,-0.149799,-0.018873,0.037572,-0.115434,-0.008298,0.039458,-0.108546,0.001736,A
0.0,0.0,0.0,-0.04571,-0.042056,-0.012595,-0.066904,-0.11463,-0.01545,-0.073879,-0.172209,-0.019492,-0.090832,-0.20522,-0.019979,-0.038621,-0.152763,0.006271,-0.039749,-0.189678,-0.012699,-0.038865,-0.140691,-0.020908,-0.036623,-0.127957,-0.024401,-0.007255,-0.149291,0.003122,-0.009194,-0.183748,-0.016585,-0.014696,-0.12831,-0.018229,-0.011383,-0.12478,-0.01469,0.023164,-0.136436,-0.004591,0.023289,-0.174195,-0.025134,0.013792,-0.123759,-0.013861,0.015194,-0.11635,-0.001504,0.050634,-0.118962,-0.013958,0.049994,-0.145792,-0.023767,0.038467,-0.110662,-0.013175,0.038672,-0.099562,-0.002819,A
0.0,0.0,0.0,-0.045828,-0.039798,-0.012614,-0.068491,-0.111365,-0.015549,-0.076206,-0.16808,-0.019596,-0.091991,-0.201587,-0.01995,-0.040072,-0.150571,0.005024,-0.042176,-0.187017,-0.014145,-0.039792,-0.137428,-0.022449,-0.037825,-0.12459,-0.025979,-0.008316,-0.147837,0.001903,-0.010707,-0.182123,-0.017384,-0.01509,-0.126929,-0.018737,-0.012704,-0.123512,-0.01515,0.022282,-0.135763,-0.005742,0.022069,-0.172601,-0.025757,0.013858,-0.121679,-0.014331,0.01534,-0.114611,-0.002088,0.049506,-0.118945,-0.015075,0.048792,-0.143372,-0.024814,0.038113,-0.108266,-0.014427,0.038235,-0.098173,-0.004298,A
0.0,0.0,0.0,-0.045294,-0.038888,-0.01264,-0.067902,-0.110115,-0.015614,-0.075658,-0.166741,-0.019678,-0.091111,-0.200627,-0.020105,-0.039993,-0.14999,0.004898,-0.041792,-0.186034,-0.014133,-0.039358,-0.136669,-0.022112,-0.037624,-0.123903,-0.025412,-0.008097,-0.147423,0.001682,-0.010014,-0.181222,-0.017715,-0.014434,-0.125681,-0.018864,-0.01212,-0.122368,-0.014999,0.022657,-0.135032,-0.006056,0.023236,-0.171369,-0.026469,0.014667,-0.120453,-0.015082,0.01566,-0.113534,-0.002684,0.049955,-0.11763,-0.015419,0.049732,-0.141929,-0.025556,0.038892,-0.106766,-0.01522,0.038647,-0.096583,-0.004998,A
0.0,0.0,0.0,-0.039808,-0.040038,-0.011168,-0.056777,-0.112264,-0.013931,-0.061856,-0.162812,-0.018234,-0.077282,-0.19741,-0.019444,-0.022225,-0.160665,0.006953,-0.031939,-0.182495,-0.014001,-0.034638,-0.140668,-0.02517,-0.031558,-0.128312,-0.029897,0.003934,-0.152745,0.00248,-0.007689,-0.177015,-0.017864,-0.013379,-0.130828,-0.021003,-0.008441,-0.123036,-0.018486,0.029504,-0.136566,-0.006643,0.019441,-0.164472,-0.027606,0.008808,-0.1217,-0.019007,0.010202,-0.111158,-0.008244,0.053703,-0.115393,-0.017334,0.044727,-0.141725,-0.02764,0.030799,-0.112391,-0.018782,0.028525,-0.099765,-0.009214,A
0.0,0.0,0.0,-0.044546,-0.036034,-0.012974,-0.062433,-0.107727,-0.015804,-0.066468,-0.161068,-0.019537,-0.080171,-0.195492,-0.019717,-0.031617,-0.152441,0.006085,-0.034571,-0.17901,-0.013286,-0.035928,-0.133235,-0.022702,-0.033836,-0.123513,-0.026678,-0.004632,-0.147223,0.003174,-0.009467,-0.1729,-0.015955,-0.014801,-0.124476,-0.017535,-0.011245,-0.119511,-0.014061,0.021969,-0.13379,-0.004534,0.016978,-0.163164,-0.024536,0.008057,-0.117925,-0.014818,0.009141,-0.109617,-0.003646,0.047723,-0.115683,-0.013993,0.042274,-0.140511,-0.023531,0.029844,-0.10933,-0.014171,0.027841,-0.098656,-0.004621,A
0.0,0.0,0.0,-0.041963,-0.036822,-0.009994,-0.061737,-0.106236,-0.010918,-0.06596,-0.159362,-0.013854,-0.078342,-0.195176,-0.014024,-0.024333,-0.146593,0.011165,-0.030907,-0.180134,-0.0071,-0.035015,-0.141643,-0.01713,-0.033756,-0.121583,-0.020812,0.00117,-0.14113,0.007341,-0.006169,-0.173786,-0.010545,-0.01255,-0.13024,-0.014491,-0.009372,-0.11534,-0.012119,0.026523,-0.128373,-0.001008,0.020021,-0.161662,-0.019896,0.010791,-0.120799,-0.013196,0.012017,-0.106445,-0.003533,0.051635,-0.110035,-0.010701,0.046184,-0.140368,-0.020186,0.034975,-0.110808,-0.012035,0.034344,-0.095395,-0.002946,A
0.0,0.0,0.0,-0.043365,-0.034326,-0.011377,-0.063471,-0.106874,-0.012504,-0.067184,-0.161037,-0.015079,-0.080517,-0.194847,-0.01455,-0.027011,-0.148068,0.008977,-0.03387,-0.179422,-0.008224,-0.035404,-0.137405,-0.016706,-0.032833,-0.122494,-0.01994,-0.000833,-0.142941,0.005849,-0.007785,-0.17191,-0.011651,-0.012295,-0.12628,-0.013922,-0.008598,-0.115596,-0.010726,0.024991,-0.130774,-0.001829,0.0185,-0.160048,-0.020522,0.011074,-0.116793,-0.01216,0.013261,-0.1051,-0.001769,0.050578,-0.113476,-0.011025,0.045339,-0.141172,-0.020332,0.035306,-0.109973,-0.011395,0.035493,-0.096125,-0.001942,A
0.0,0.0,0.0,-0.042115,-0.025904,-0.016087,-0.06543,-0.096427,-0.018928,-0.068946,-0.154806,-0.021734,-0.079252,-0.19259,-0.020526,-0.03706,-0.143274,0.001705,-0.032581,-0.178736,-0.019391,-0.033361,-0.133111,-0.027605,-0.034109,-0.120113,-0.029905,-0.007802,-0.139517,0.000124,-0.003944,-0.17077,-0.020922,-0.00937,-0.12031,-0.02236,-0.010076,-0.116029,-0.017807,0.019723,-0.12868,-0.006486,0.023751,-0.157094,-0.030529,0.01513,-0.108816,-0.021707,0.012448,-0.102812,-0.009784,0.046245,-0.113173,-0.014597,0.049849,-0.136847,-0.028088,0.039866,-0.100116,-0.019305,0.035386,-0.088986,-0.009164,A
0.0,0.0,0.0,-0.043543,-0.028328,-0.014695,-0.066009,-0.098162,-0.017149,-0.069369,-0.155479,-0.020016,-0.081533,-0.192124,-0.018975,-0.039269,-0.146751,0.004319,-0.03506,-0.180133,-0.015739,-0.034829,-0.132936,-0.023772,-0.036443,-0.122382,-0.026438,-0.010565,-0.143046,0.001911,-0.006753,-0.173344,-0.018981,-0.011553,-0.121261,-0.020805,-0.012865,-0.118785,-0.016701,0.017101,-0.132025,-0.005478,0.02173,-0.159307,-0.028458,0.01399,-0.110645,-0.019577,0.01078,-0.105825,-0.008119,0.044056,-0.116761,-0.014393,0.048741,-0.141031,-0.026088,0.038548,-0.104033,-0.016782,0.033523,-0.093163,-0.006843,A
0.0,0.0,0.0,-0.044987,-0.030949,-0.014146,-0.063531,-0.097692,-0.016988,-0.063968,-0.154525,-0.020146,-0.076747,-0.188022,-0.01967,-0.035676,-0.14152,0.004553,-0.028315,-0.170256,-0.015378,-0.029784,-0.125203,-0.02393,-0.033637,-0.116531,-0.026902,-0.005476,-0.13634,0.002286,0.000534,-0.164633,-0.016514,-0.005898,-0.114516,-0.017935,-0.009082,-0.113096,-0.014576,0.022481,-0.124787,-0.004758,0.029545,-0.153986,-0.02638,0.020193,-0.106759,-0.017023,0.014856,-0.101189,-0.005847,0.048602,-0.109074,-0.013241,0.054549,-0.13455,-0.023873,0.044293,-0.098039,-0.013679,0.038054,-0.086317,-0.003418,A
0.0,0.0,0.0,-0.045595,-0.026586,-0.015472,-0.064722,-0.096001,-0.018645,-0.065209,-0.153381,-0.021539,-0.07876,-0.185812,-0.020987,-0.037052,-0.139197,0.000853,-0.028839,-0.170859,-0.01673,-0.030871,-0.126138,-0.023603,-0.035599,-0.117062,-0.026355,-0.00677,-0.134895,-0.000923,-0.00031,-0.163679,-0.017587,-0.008041,-0.114374,-0.018508,-0.012322,-0.113459,-0.015602,0.021998,-0.122416,-0.007186,0.02964,-0.151841,-0.026524,0.018983,-0.10583,-0.017405,0.012692,-0.101146,-0.007466,0.048805,-0.105459,-0.015016,0.055106,-0.130286,-0.025474,0.044486,-0.095654,-0.016291,0.038053,-0.08578,-0.007318,A
0.0,0.0,0.0,-0.044155,-0.026848,-0.012812,-0.06461,-0.095955,-0.013894,-0.066585,-0.15515,-0.015547,-0.080044,-0.188013,-0.013967,-0.03924,-0.13546,0.006567,-0.033313,-0.17053,-0.010481,-0.034309,-0.125423,-0.01714,-0.036758,-0.113318,-0.019099,-0.010867,-0.133277,0.004958,-0.005542,-0.163988,-0.011487,-0.012079,-0.114245,-0.011973,-0.015113,-0.112015,-0.008135,0.016417,-0.124855,-0.001301,0.022152,-0.155154,-0.020632,0.013731,-0.108362,-0.011576,0.010348,-0.101887,-0.000988,0.042091,-0.113418,-0.00898,0.047153,-0.13904,-0.018232,0.03727,-0.102974,-0.008935,0.032813,-0.090913,0.000246,A
0.0,0.0,0.0,-0.046214,-0.023187,-0.01645,-0.066557,-0.090247,-0.0193,-0.068058,-0.150026,-0.021877,-0.08099,-0.184496,-0.020741,-0.042262,-0.132545,0.002046,-0.03415,-0.167849,-0.015412,-0.034585,-0.121245,-0.021139,-0.038222,-0.11107,-0.022539,-0.012861,-0.13148,0.002049,-0.004792,-0.161758,-0.014986,-0.011377,-0.109373,-0.01474,-0.016473,-0.109855,-0.010352,0.014969,-0.124595,-0.002744,0.022666,-0.154188,-0.022872,0.014673,-0.10528,-0.013335,0.010022,-0.10065,-0.002301,0.040604,-0.11494,-0.009174,0.046879,-0.139217,-0.018965,0.038084,-0.102753,-0.009643,0.033349,-0.091858,-0.000257,A
0.0,0.0,0.0,-0.046617,-0.018565,-0.01543,-0.068208,-0.087409,-0.017211,-0.069065,-0.148083,-0.018614,-0.081499,-0.181944,-0.016486,-0.042379,-0.130962,0.000621,-0.035238,-0.166101,-0.016166,-0.036481,-0.119102,-0.02148,-0.039164,-0.108612,-0.022812,-0.012891,-0.129626,0.000324,-0.006151,-0.159663,-0.016071,-0.013575,-0.107469,-0.015502,-0.017022,-0.106385,-0.011075,0.014807,-0.122318,-0.004489,0.021117,-0.151453,-0.023503,0.012234,-0.102612,-0.013914,0.008807,-0.097655,-0.003289,0.040691,-0.112997,-0.010854,0.045799,-0.137334,-0.01987,0.036649,-0.100685,-0.010536,0.032951,-0.089685,-0.001443,A
0.0,0.0,0.0,-0.044787,-0.021238,-0.015385,-0.06744,-0.08943,-0.016576,-0.070732,-0.149985,-0.017581,-0.084198,-0.183421,-0.01468,-0.04181,-0.134064,0.005405,-0.036198,-0.168045,-0.011247,-0.03632,-0.119627,-0.017084,-0.039046,-0.111362,-0.018771,-0.013705,-0.133712,0.005674,-0.008793,-0.163033,-0.011061,-0.01452,-0.109633,-0.011317,-0.018054,-0.11148,-0.00709,0.013202,-0.127807,0.001077,0.01694,-0.15659,-0.01796,0.009495,-0.106906,-0.008693,0.006696,-0.104046,0.002127,0.038793,-0.12006,-0.005155,0.041622,-0.144382,-0.013477,0.03274,-0.107122,-0.004149,0.029849,-0.097399,0.005104,A
0.0,0.0,0.0,-0.044868,-0.021375,-0.015548,-0.067104,-0.089963,-0.016995,-0.070219,-0.150073,-0.018219,-0.083412,-0.184359,-0.015538,-0.042557,-0.13617,0.004845,-0.03629,-0.169247,-0.011973,-0.035875,-0.120445,-0.017907,-0.038641,-0.112377,-0.019668,-0.01435,-0.135575,0.004986,-0.008749,-0.164148,-0.011868,-0.014031,-0.110256,-0.012123,-0.018015,-0.112302,-0.007928,0.012879,-0.129253,0.000305,0.017173,-0.157545,-0.018995,0.010127,-0.107467,-0.009576,0.00688,-0.104697,0.001312,0.03867,-0.121072,-0.005998,0.041696,-0.145093,-0.014675,0.033055,-0.107189,-0.005141,0.029857,-0.097329,0.004313,A
0.0,0.0,0.0,-0.045309,-0.022305,-0.014582,-0.067643,-0.089284,-0.01593,-0.070982,-0.148598,-0.017412,-0.084622,-0.181353,-0.015402,-0.044183,-0.130879,0.004672,-0.03632,-0.168301,-0.012851,-0.036521,-0.121534,-0.019482,-0.040722,-0.108985,-0.02142,-0.015755,-0.131252,0.003933,-0.009389,-0.163871,-0.013107,-0.014236,-0.111302,-0.013892,-0.019477,-0.109126,-0.010095,0.011693,-0.125858,-0.001524,0.016797,-0.158302,-0.020872,0.010722,-0.109529,-0.011684,0.00602,-0.103482,-0.000934,0.037355,-0.117377,-0.008542,0.040375,-0.144907,-0.01746,0.033391,-0.108352,-0.007892,0.02987,-0.096611,0.001561,A
0.0,0.0,0.0,-0.04524,-0.020609,-0.015202,-0.067202,-0.08869,-0.017182,-0.0698,-0.148019,-0.019029,-0.084331,-0.180067,-0.017544,-0.043699,-0.129754,0.002191,-0.035441,-0.166518,-0.015581,-0.035526,-0.121594,-0.022467,-0.040353,-0.108454,-0.024612,-0.014869,-0.129917,0.001421,-0.007802,-0.162378,-0.01534,-0.012439,-0.111112,-0.016045,-0.018337,-0.108357,-0.012487,0.012644,-0.124172,-0.003945,0.018692,-0.155977,-0.023157,0.0131,-0.108759,-0.013988,0.007998,-0.10274,-0.003583,0.038209,-0.115238,-0.010898,0.041924,-0.141912,-0.020217,0.035522,-0.106051,-0.010655,0.031665,-0.094504,-0.001313,A
0.0,0.0,0.0,-0.044828,-0.020349,-0.014967,-0.067206,-0.087638,-0.016774,-0.070217,-0.147005,-0.018513,-0.083876,-0.180382,-0.016869,-0.043585,-0.129402,0.002436,-0.035789,-0.166578,-0.015427,-0.035548,-0.120645,-0.022192,-0.039739,-0.106869,-0.024156,-0.014862,-0.129633,0.001573,-0.007878,-0.162467,-0.015537,-0.012351,-0.110656,-0.016348,-0.017977,-0.107223,-0.01263,0.012603,-0.124073,-0.003885,0.018498,-0.155867,-0.023374,0.012874,-0.108205,-0.014408,0.007699,-0.101898,-0.003921,0.038236,-0.115304,-0.010882,0.041803,-0.14188,-0.020413,0.035259,-0.105631,-0.011066,0.031186,-0.093892,-0.001736,A
0.0,0.0,0.0,-0.044778,-0.020702,-0.014505,-0.068141,-0.08435,-0.016581,-0.072533,-0.141639,-0.018866,-0.085273,-0.175759,-0.01767,-0.042965,-0.127223,0.004136,-0.037923,-0.16434,-0.013852,-0.037824,-0.119864,-0.021051,-0.040398,-0.10391,-0.023043,-0.014512,-0.127204,0.003183,-0.009291,-0.159705,-0.013703,-0.013847,-0.109586,-0.014937,-0.017813,-0.105121,-0.011438,0.012489,-0.120814,-0.002431,0.017587,-0.152665,-0.021253,0.0116,-0.107137,-0.01256,0.007654,-0.101127,-0.002281,0.037183,-0.110996,-0.009607,0.040314,-0.136121,-0.018345,0.033677,-0.10213,-0.009122,0.030775,-0.092003,6.3e-05,A
0.0,0.0,0.0,-0.045413,-0.020556,-0.013975,-0.06835,-0.084515,-0.01579,-0.072131,-0.1413,-0.017826,-0.085352,-0.174456,-0.016531,-0.042729,-0.125267,0.00361,-0.037585,-0.163071,-0.014029,-0.037717,-0.119777,-0.021277,-0.040669,-0.103363,-0.023371,-0.014432,-0.125611,0.002573,-0.009116,-0.158581,-0.01363,-0.013331,-0.10988,-0.014839,-0.01712,-0.104291,-0.011612,0.012489,-0.119736,-0.002961,0.017469,-0.151779,-0.021082,0.012011,-0.107014,-0.012401,0.008215,-0.099779,-0.002416,0.037336,-0.110425,-0.010034,0.040841,-0.136032,-0.018375,0.034322,-0.102647,-0.009152,0.031005,-0.091987,-0.000184,A
0.0,0.0,0.0,-0.044442,-0.022044,-0.013722,-0.068822,-0.084912,-0.015303,-0.074892,-0.139859,-0.017437,-0.087716,-0.174165,-0.016331,-0.043749,-0.128047,0.006113,-0.044311,-0.164508,-0.011728,-0.041968,-0.121936,-0.019558,-0.041883,-0.104447,-0.021621,-0.01628,-0.128554,0.005099,-0.017849,-0.160614,-0.011743,-0.018769,-0.11276,-0.013284,-0.018098,-0.102862,-0.009528,0.010498,-0.122323,-0.000663,0.009447,-0.153962,-0.0191,0.005406,-0.108692,-0.010793,0.004711,-0.097719,-0.000266,0.036204,-0.112021,-0.007992,0.034693,-0.138446,-0.016627,0.027932,-0.104493,-0.007886,0.025892,-0.091591,0.001259,A
0.0,0.0,0.0,-0.044968,-0.025974,-0.011017,-0.068108,-0.090212,-0.011782,-0.073775,-0.144628,-0.013872,-0.089359,-0.17523,-0.013177,-0.041625,-0.130979,0.00986,-0.043841,-0.165871,-0.006668,-0.042595,-0.125283,-0.014836,-0.042355,-0.107198,-0.017335,-0.015037,-0.130785,0.007714,-0.019088,-0.16262,-0.007336,-0.020269,-0.116967,-0.009076,-0.018182,-0.105638,-0.005842,0.010998,-0.123828,0.00105,0.006571,-0.155641,-0.015652,0.002543,-0.111998,-0.007593,0.003443,-0.098744,0.00242,0.036415,-0.112887,-0.007052,0.031871,-0.141576,-0.014338,0.024704,-0.108997,-0.005188,0.023968,-0.093896,0.003997,A
0.0,0.0,0.0,-0.04328,-0.024275,-0.013259,-0.069213,-0.085162,-0.015738,-0.073144,-0.136238,-0.018586,-0.08517,-0.169124,-0.018513,-0.037407,-0.133277,0.002045,-0.039603,-0.166566,-0.016715,-0.039422,-0.124771,-0.026066,-0.038731,-0.10354,-0.029009,-0.010519,-0.130273,0.00042,-0.013329,-0.160028,-0.01817,-0.015449,-0.114727,-0.02131,-0.014024,-0.09879,-0.01831,0.014827,-0.119942,-0.005391,0.012347,-0.148802,-0.025228,0.006922,-0.105401,-0.018354,0.006626,-0.089584,-0.008319,0.039806,-0.104629,-0.012407,0.036712,-0.131777,-0.023082,0.028259,-0.098468,-0.015046,0.025993,-0.081939,-0.005731,A
0.0,0.0,0.0,-0.041856,-0.031418,-0.013688,-0.064236,-0.094841,-0.016869,-0.070359,-0.144091,-0.020462,-0.086076,-0.174602,-0.021098,-0.027325,-0.142656,0.003695,-0.042992,-0.162543,-0.015567,-0.043864,-0.118892,-0.025427,-0.038561,-0.105049,-0.029573,-0.001852,-0.141199,0.001926,-0.019663,-0.156811,-0.017216,-0.022164,-0.110053,-0.019462,-0.015379,-0.102635,-0.016595,0.022279,-0.131185,-0.004417,0.00554,-0.145994,-0.024543,-0.000742,-0.102012,-0.016205,0.003622,-0.093631,-0.005815,0.044809,-0.11591,-0.012397,0.031476,-0.130438,-0.022725,0.021155,-0.098513,-0.014793,0.02192,-0.08814,-0.005877,A
0.0,0.0,0.0,-0.043128,-0.030579,-0.014192,-0.065807,-0.094484,-0.017693,-0.071971,-0.141921,-0.021254,-0.085448,-0.173168,-0.021417,-0.024375,-0.141396,0.002158,-0.04188,-0.159933,-0.016541,-0.042653,-0.118668,-0.02618,-0.036398,-0.109401,-0.030429,-0.000184,-0.138358,0.000932,-0.019188,-0.154835,-0.018281,-0.022767,-0.111043,-0.02031,-0.014998,-0.105467,-0.017313,0.022397,-0.128123,-0.004689,0.004436,-0.145307,-0.023693,-0.002574,-0.104127,-0.015244,0.003324,-0.096408,-0.005173,0.04342,-0.113115,-0.012163,0.030345,-0.129924,-0.021535,0.019645,-0.101289,-0.013904,0.022025,-0.091422,-0.005431,A
0.0,0.0,0.0,-0.045485,-0.020176,-0.018421,-0.071512,-0.084976,-0.022954,-0.078392,-0.139508,-0.025974,-0.091547,-0.173727,-0.025075,-0.045273,-0.135964,-0.003402,-0.047315,-0.157406,-0.021295,-0.041961,-0.111067,-0.02852,-0.039092,-0.10304,-0.031434,-0.016448,-0.13666,-0.002881,-0.018292,-0.153439,-0.020933,-0.017303,-0.103605,-0.021003,-0.015075,-0.100261,-0.017063,0.011126,-0.128316,-0.006923,0.010721,-0.145394,-0.026894,0.007516,-0.097738,-0.016583,0.007452,-0.091897,-0.005541,0.036516,-0.115167,-0.012876,0.037861,-0.129081,-0.02376,0.030665,-0.091991,-0.014696,0.028542,-0.083293,-0.005436,A
0.0,0.0,0.0,-0.041145,-0.021074,-0.0144,-0.067434,-0.082571,-0.017254,-0.073871,-0.134518,-0.019924,-0.086286,-0.170322,-0.019348,-0.039351,-0.133095,0.000884,-0.041673,-0.158324,-0.017692,-0.039498,-0.115508,-0.02578,-0.037566,-0.098685,-0.028217,-0.011275,-0.130575,-0.00086,-0.012775,-0.154271,-0.019049,-0.013838,-0.105334,-0.020521,-0.012078,-0.093086,-0.016753,0.015359,-0.120682,-0.006961,0.016315,-0.143399,-0.026777,0.011495,-0.097276,-0.017815,0.010205,-0.084762,-0.006975,0.04106,-0.105467,-0.014506,0.043382,-0.127268,-0.025076,0.035323,-0.090489,-0.015888,0.030925,-0.076146,-0.006107,A
0.0,0.0,0.0,-0.043057,-0.025627,-0.014001,-0.069305,-0.09066,-0.016279,-0.076239,-0.142861,-0.018973,-0.090655,-0.17621,-0.018356,-0.039176,-0.13298,0.005036,-0.044621,-0.161417,-0.014241,-0.041583,-0.119878,-0.023968,-0.03948,-0.103634,-0.027553,-0.011859,-0.133111,0.003274,-0.016977,-0.155995,-0.015318,-0.016493,-0.110621,-0.018177,-0.014601,-0.101649,-0.015553,0.014706,-0.125443,-0.003265,0.01065,-0.148882,-0.022363,0.00765,-0.106252,-0.014646,0.007195,-0.095911,-0.004897,0.039915,-0.111973,-0.01154,0.038444,-0.131484,-0.021796,0.030918,-0.098773,-0.014019,0.027905,-0.086527,-0.005356,A
0.0,0.0,0.0,-0.0432,-0.02546,-0.013963,-0.068644,-0.091579,-0.016315,-0.074893,-0.142757,-0.019193,-0.087715,-0.177451,-0.018575,-0.036632,-0.140439,0.005944,-0.042913,-0.165831,-0.013837,-0.039994,-0.123354,-0.024346,-0.037425,-0.107032,-0.028394,-0.009271,-0.139481,0.004162,-0.017106,-0.159849,-0.015096,-0.016806,-0.114734,-0.018649,-0.01395,-0.105354,-0.016234,0.017438,-0.130809,-0.002424,0.010229,-0.151846,-0.022218,0.007163,-0.109366,-0.014884,0.007685,-0.098269,-0.005077,0.043069,-0.116232,-0.010742,0.038708,-0.13524,-0.021502,0.03098,-0.102891,-0.013974,0.029076,-0.090512,-0.005144,A
0.0,0.0,0.0,-0.047611,-0.02493,-0.016295,-0.072013,-0.095416,-0.019805,-0.077024,-0.153118,-0.022541,-0.092113,-0.188315,-0.021547,-0.044906,-0.13798,-0.00142,-0.04633,-0.173978,-0.019649,-0.042456,-0.128644,-0.027558,-0.041018,-0.113996,-0.030564,-0.014373,-0.138706,-0.001841,-0.013595,-0.169389,-0.018681,-0.013495,-0.120447,-0.019686,-0.013187,-0.113442,-0.016756,0.014542,-0.130169,-0.006672,0.016755,-0.159131,-0.024481,0.013177,-0.113783,-0.015375,0.011267,-0.105635,-0.005655,0.040649,-0.116828,-0.01328,0.043679,-0.137918,-0.022662,0.036941,-0.104232,-0.01433,0.033041,-0.094263,-0.006012,A
0.0,0.0,0.0,-0.047284,-0.029239,-0.015503,-0.071853,-0.100317,-0.018077,-0.076574,-0.156753,-0.020687,-0.091876,-0.192109,-0.019603,-0.043871,-0.141212,0.002931,-0.045263,-0.177518,-0.016459,-0.040867,-0.131498,-0.025392,-0.039541,-0.115742,-0.028758,-0.013884,-0.141527,0.001694,-0.012634,-0.172246,-0.016709,-0.011995,-0.121303,-0.018694,-0.013002,-0.11393,-0.015912,0.014972,-0.133272,-0.004331,0.016955,-0.161863,-0.023512,0.014351,-0.115135,-0.014,0.011899,-0.106173,-0.003502,0.041826,-0.120432,-0.012212,0.043899,-0.142293,-0.021771,0.03728,-0.106837,-0.012371,0.033024,-0.09536,-0.00309,A
0.0,0.0,0.0,-0.049329,-0.033593,-0.015036,-0.073882,-0.105819,-0.017507,-0.080308,-0.164274,-0.020376,-0.095167,-0.197368,-0.018941,-0.045039,-0.145306,0.005847,-0.046644,-0.182242,-0.012142,-0.044315,-0.131874,-0.018806,-0.045141,-0.120267,-0.021091,-0.013921,-0.14561,0.004312,-0.016367,-0.175715,-0.013409,-0.019325,-0.119316,-0.013279,-0.019692,-0.118441,-0.008755,0.016508,-0.135758,-0.002269,0.014937,-0.166555,-0.020994,0.009216,-0.115915,-0.009723,0.00853,-0.111576,0.002186,0.044163,-0.120912,-0.01078,0.04241,-0.141928,-0.019273,0.033671,-0.106453,-0.00921,0.032475,-0.097764,0.000494,A
0.0,0.0,0.0,-0.047159,-0.037334,-0.013097,-0.07094,-0.108731,-0.015246,-0.077425,-0.164612,-0.018457,-0.093355,-0.196504,-0.01778,-0.042593,-0.148199,0.007339,-0.046622,-0.181754,-0.010839,-0.043586,-0.133376,-0.018004,-0.042493,-0.12095,-0.020329,-0.012337,-0.146958,0.004826,-0.01671,-0.174311,-0.012944,-0.018928,-0.120458,-0.013373,-0.018216,-0.118726,-0.009201,0.017338,-0.136892,-0.002526,0.013998,-0.164415,-0.021889,0.008642,-0.114949,-0.010992,0.009209,-0.109689,0.000929,0.044854,-0.122572,-0.011585,0.041762,-0.144075,-0.020364,0.032758,-0.108671,-0.009796,0.031949,-0.098709,0.00053,A
0.0,0.0,0.0,-0.047549,-0.036744,-0.012892,-0.071594,-0.108955,-0.014841,-0.077998,-0.165036,-0.017823,-0.093601,-0.197259,-0.01686,-0.043962,-0.148321,0.007373,-0.047666,-0.182535,-0.010512,-0.044096,-0.13391,-0.017352,-0.043029,-0.121926,-0.01952,-0.013759,-0.147223,0.004765,-0.017291,-0.175163,-0.01281,-0.019129,-0.12073,-0.013017,-0.018967,-0.119193,-0.008692,0.016021,-0.13732,-0.00263,0.013501,-0.165163,-0.021777,0.008677,-0.115261,-0.010653,0.008985,-0.110217,0.001324,0.043541,-0.123079,-0.011715,0.041092,-0.144499,-0.020366,0.032541,-0.108624,-0.009625,0.031732,-0.09881,0.000755,A
0.0,0.0,0.0,-0.045701,-0.035595,-0.015707,-0.069899,-0.108902,-0.018087,-0.076311,-0.16708,-0.020673,-0.091779,-0.200073,-0.018991,-0.04248,-0.148344,0.00497,-0.040669,-0.182018,-0.014058,-0.039103,-0.132623,-0.021186,-0.039798,-0.12274,-0.023625,-0.010521,-0.145679,0.00377,-0.008842,-0.173651,-0.015567,-0.013507,-0.117619,-0.016346,-0.014963,-0.119331,-0.012159,0.020117,-0.134723,-0.002519,0.022646,-0.163718,-0.023468,0.014874,-0.113142,-0.012962,0.013528,-0.11124,-0.001059,0.047768,-0.120172,-0.010617,0.049409,-0.141952,-0.020753,0.039757,-0.105276,-0.010878,0.037975,-0.096754,-0.000941,A
0.0,0.0,0.0,-0.048351,-0.035004,-0.01551,-0.073439,-0.109269,-0.017409,-0.079377,-0.168086,-0.019276,-0.093298,-0.203912,-0.016464,-0.045943,-0.151505,0.004699,-0.043826,-0.184465,-0.014563,-0.04201,-0.133462,-0.022254,-0.042983,-0.126802,-0.025372,-0.013331,-0.147916,0.003723,-0.012584,-0.175381,-0.015612,-0.017574,-0.11883,-0.016857,-0.018364,-0.123304,-0.01315,0.018349,-0.136371,-0.002237,0.019346,-0.166772,-0.022239,0.01169,-0.114996,-0.011309,0.012219,-0.114475,0.000494,0.046747,-0.121978,-0.010123,0.047008,-0.140845,-0.019815,0.037235,-0.104648,-0.010268,0.037429,-0.098489,-0.000692,A
0.0,0.0,0.0,-0.045657,-0.036509,-0.015404,-0.071378,-0.110822,-0.017219,-0.078133,-0.169222,-0.019144,-0.092178,-0.204207,-0.016445,-0.044609,-0.151797,0.004596,-0.043878,-0.185105,-0.014314,-0.04126,-0.133288,-0.021031,-0.041067,-0.124363,-0.023222,-0.011985,-0.148475,0.003582,-0.012,-0.176578,-0.015577,-0.01642,-0.119375,-0.01605,-0.016854,-0.122435,-0.011675,0.019409,-0.137371,-0.00241,0.01989,-0.166824,-0.022913,0.012183,-0.114193,-0.011714,0.012685,-0.112454,0.000579,0.047821,-0.123568,-0.010218,0.04777,-0.144397,-0.020035,0.037862,-0.106987,-0.009881,0.037718,-0.098968,0.000316,A
0.0,0.0,0.0,-0.048066,-0.03595,-0.013694,-0.073914,-0.10881,-0.015605,-0.079279,-0.168002,-0.018023,-0.091671,-0.205146,-0.016568,-0.046151,-0.14635,0.003925,-0.044097,-0.186138,-0.015501,-0.04324,-0.13688,-0.023155,-0.044797,-0.121926,-0.025575,-0.012804,-0.143864,0.001695,-0.011884,-0.176949,-0.017118,-0.016,-0.121373,-0.018163,-0.01742,-0.117002,-0.014181,0.019272,-0.133122,-0.005195,0.019668,-0.167677,-0.024795,0.013525,-0.116487,-0.013781,0.012441,-0.109467,-0.001744,0.048209,-0.117982,-0.013731,0.04646,-0.142492,-0.023041,0.038348,-0.105566,-0.012362,0.037303,-0.094401,-0.001872,A
0.0,0.0,0.0,-0.046893,-0.038689,-0.01414,-0.071862,-0.110463,-0.016576,-0.077771,-0.169545,-0.019489,-0.09178,-0.205309,-0.018441,-0.044935,-0.146878,0.003266,-0.044763,-0.185266,-0.016457,-0.042737,-0.1345,-0.023995,-0.04258,-0.119673,-0.026263,-0.011116,-0.143534,0.001406,-0.011451,-0.176237,-0.017772,-0.01535,-0.119979,-0.018513,-0.01564,-0.115233,-0.014318,0.020917,-0.132735,-0.005122,0.0205,-0.167494,-0.02541,0.013385,-0.115285,-0.013968,0.012947,-0.107005,-0.001403,0.04956,-0.118371,-0.013299,0.047856,-0.142993,-0.022645,0.039216,-0.10595,-0.011685,0.038947,-0.094842,-0.000922,A
0.0,0.0,0.0,-0.048926,-0.035665,-0.011844,-0.074703,-0.106691,-0.012987,-0.079678,-0.166534,-0.015204,-0.091992,-0.202576,-0.013804,-0.04692,-0.144359,0.006866,-0.0461,-0.184438,-0.012481,-0.045103,-0.136279,-0.020049,-0.044669,-0.120918,-0.022282,-0.014009,-0.14182,0.00378,-0.013636,-0.175087,-0.01491,-0.017995,-0.119616,-0.015477,-0.017494,-0.114413,-0.011043,0.017766,-0.131316,-0.00409,0.018635,-0.166007,-0.02438,0.011194,-0.113644,-0.013208,0.010682,-0.105504,-0.000698,0.047334,-0.116178,-0.013473,0.046507,-0.141443,-0.023186,0.037467,-0.103895,-0.012628,0.036278,-0.09227,-0.002138,A
0.0,0.0,0.0,-0.047783,-0.038106,-0.012961,-0.071715,-0.109774,-0.014681,-0.077446,-0.1694,-0.017301,-0.09208,-0.202644,-0.016053,-0.044746,-0.145509,0.005736,-0.044982,-0.183744,-0.01411,-0.042614,-0.133679,-0.021456,-0.04144,-0.120153,-0.023417,-0.012052,-0.1419,0.00323,-0.012618,-0.174102,-0.01596,-0.016483,-0.117491,-0.016047,-0.015529,-0.114263,-0.011183,0.019266,-0.131422,-0.004173,0.019325,-0.165341,-0.025286,0.011726,-0.112324,-0.013723,0.012136,-0.105169,-0.000734,0.048181,-0.117318,-0.013174,0.047317,-0.142135,-0.023125,0.038162,-0.104159,-0.012353,0.038045,-0.093217,-0.001587,A
0.0,0.0,0.0,-0.050338,-0.03686,-0.014123,-0.075949,-0.110798,-0.015532,-0.08089,-0.169267,-0.017244,-0.092852,-0.203652,-0.014997,-0.049909,-0.14463,0.00397,-0.047976,-0.183472,-0.014406,-0.045978,-0.135172,-0.021389,-0.047935,-0.122455,-0.023604,-0.015858,-0.142375,0.002122,-0.014935,-0.176206,-0.015653,-0.017034,-0.122309,-0.015909,-0.017816,-0.116992,-0.011738,0.017677,-0.13245,-0.004461,0.018994,-0.166225,-0.023544,0.014099,-0.1156,-0.012487,0.012383,-0.107273,-0.000647,0.048793,-0.118488,-0.012761,0.048573,-0.143761,-0.021308,0.04089,-0.107187,-0.010759,0.038305,-0.09624,-0.00074,A
0.0,0.0,0.0,-0.049029,-0.038599,-0.013427,-0.073633,-0.114016,-0.014461,-0.078059,-0.173532,-0.016161,-0.092174,-0.204781,-0.013884,-0.047472,-0.146263,0.005054,-0.046878,-0.185092,-0.013552,-0.044284,-0.134832,-0.020344,-0.04533,-0.120174,-0.022066,-0.013543,-0.143589,0.002907,-0.014111,-0.176304,-0.014864,-0.016038,-0.121461,-0.014786,-0.01692,-0.115258,-0.01011,0.019705,-0.133326,-0.004018,0.0194,-0.166132,-0.022957,0.014808,-0.115262,-0.011586,0.013629,-0.105681,0.000687,0.051004,-0.119447,-0.012659,0.049086,-0.145144,-0.020667,0.041629,-0.108751,-0.009652,0.039951,-0.096893,0.000861,A
0.0,0.0,0.0,-0.051233,-0.040269,-0.012322,-0.075735,-0.114354,-0.012494,-0.080065,-0.173605,-0.013119,-0.092657,-0.20715,-0.009379,-0.049408,-0.14998,0.00737,-0.049837,-0.185138,-0.01048,-0.047556,-0.134566,-0.017362,-0.047722,-0.126093,-0.019666,-0.015375,-0.145832,0.005409,-0.017521,-0.176888,-0.011414,-0.020907,-0.121578,-0.011335,-0.019853,-0.121719,-0.006949,0.018107,-0.135073,-0.00126,0.015415,-0.168009,-0.019389,0.008878,-0.116045,-0.007761,0.010565,-0.112256,0.004506,0.049287,-0.121832,-0.009569,0.043858,-0.14435,-0.016562,0.035237,-0.108109,-0.005256,0.036874,-0.100172,0.005305,A
0.0,0.0,0.0,-0.049442,-0.043399,-0.012077,-0.072505,-0.117352,-0.012943,-0.077446,-0.175678,-0.014811,-0.09119,-0.208828,-0.012497,-0.04492,-0.151536,0.008225,-0.046953,-0.187586,-0.01033,-0.044977,-0.137642,-0.017541,-0.044907,-0.127137,-0.019697,-0.011595,-0.147495,0.005913,-0.015355,-0.177567,-0.01166,-0.018839,-0.123062,-0.011705,-0.016858,-0.123178,-0.007148,0.021407,-0.136111,-0.001237,0.017642,-0.168116,-0.019854,0.01077,-0.118058,-0.008168,0.013341,-0.114356,0.004339,0.05211,-0.121852,-0.010061,0.046924,-0.145125,-0.017268,0.037691,-0.110533,-0.005937,0.040027,-0.102166,0.004805,A
0.0,0.0,0.0,-0.050571,-0.044398,-0.009837,-0.073193,-0.120027,-0.009802,-0.077813,-0.17618,-0.01088,-0.090821,-0.207132,-0.007973,-0.042809,-0.15275,0.006702,-0.047758,-0.187293,-0.011665,-0.045664,-0.137912,-0.019194,-0.043125,-0.12796,-0.021969,-0.009998,-0.147181,0.002957,-0.01637,-0.177913,-0.014403,-0.020253,-0.124412,-0.014587,-0.016624,-0.121585,-0.010405,0.023149,-0.134437,-0.005144,0.017223,-0.169901,-0.023293,0.01002,-0.118844,-0.011425,0.013277,-0.112417,0.000877,0.054404,-0.118145,-0.014749,0.046927,-0.14262,-0.022537,0.036934,-0.107357,-0.011503,0.038849,-0.097914,-0.00106,A
0.0,0.0,0.0,-0.050044,-0.045595,-0.010061,-0.07273,-0.122586,-0.00963,-0.077002,-0.178759,-0.010524,-0.090846,-0.208631,-0.007446,-0.043486,-0.155045,0.008133,-0.048344,-0.188691,-0.010064,-0.046258,-0.138428,-0.016933,-0.043924,-0.13014,-0.019207,-0.009965,-0.150001,0.00429,-0.01556,-0.18007,-0.013963,-0.019248,-0.125756,-0.013915,-0.015577,-0.12484,-0.008963,0.023595,-0.13735,-0.004089,0.01828,-0.168962,-0.023004,0.01112,-0.118208,-0.011239,0.014373,-0.114264,0.001391,0.054781,-0.121259,-0.01401,0.04814,-0.143451,-0.021564,0.038249,-0.108394,-0.010287,0.040668,-0.1004,0.000383,A
0.0,0.0,0.0,-0.048422,-0.046366,-0.009195,-0.070187,-0.120469,-0.009437,-0.074319,-0.174304,-0.01119,-0.085756,-0.207764,-0.008932,-0.038108,-0.15596,0.007886,-0.045692,-0.190199,-0.010852,-0.045515,-0.140001,-0.018548,-0.040356,-0.130756,-0.021568,-0.005976,-0.150115,0.003579,-0.015064,-0.181988,-0.015144,-0.021797,-0.12718,-0.01586,-0.015166,-0.124659,-0.011563,0.026374,-0.137429,-0.005145,0.017276,-0.171532,-0.024147,0.006809,-0.119548,-0.01249,0.012317,-0.113687,0.00013,0.057491,-0.121557,-0.01539,0.046627,-0.144116,-0.023679,0.034661,-0.11017,-0.013067,0.038198,-0.101559,-0.002605,A
0.0,0.0,0.0,-0.047267,-0.047631,-0.008742,-0.068563,-0.12203,-0.009161,-0.073667,-0.175731,-0.011246,-0.086191,-0.209395,-0.009377,-0.038847,-0.157847,0.008196,-0.045113,-0.189692,-0.009994,-0.044168,-0.140699,-0.017797,-0.040304,-0.133446,-0.021243,-0.006556,-0.153109,0.003685,-0.014151,-0.181334,-0.01403,-0.019443,-0.128098,-0.014619,-0.014453,-0.129011,-0.010818,0.026529,-0.140515,-0.005121,0.018366,-0.171114,-0.023035,0.009628,-0.120987,-0.011385,0.014337,-0.117992,0.000483,0.05771,-0.124761,-0.015426,0.048334,-0.143891,-0.02276,0.037353,-0.111068,-0.012004,0.04078,-0.105342,-0.001957,A
0.0,0.0,0.0,-0.048765,-0.043566,-0.010186,-0.070051,-0.115629,-0.012128,-0.075292,-0.170917,-0.015647,-0.087174,-0.206383,-0.015507,-0.040818,-0.15013,0.006667,-0.045302,-0.187789,-0.013175,-0.046193,-0.139759,-0.021528,-0.042914,-0.126144,-0.024502,-0.009247,-0.14649,0.002108,-0.015763,-0.181313,-0.017497,-0.021501,-0.128598,-0.018639,-0.015899,-0.122224,-0.014261,0.023034,-0.135197,-0.00699,0.016775,-0.172377,-0.027349,0.007849,-0.122498,-0.016155,0.011408,-0.113889,-0.003447,0.054105,-0.118959,-0.017595,0.046029,-0.145581,-0.027343,0.035078,-0.111362,-0.016864,0.036379,-0.099843,-0.006217,A
0.0,0.0,0.0,-0.047531,-0.04373,-0.009106,-0.069944,-0.116644,-0.010284,-0.076271,-0.171263,-0.013593,-0.089061,-0.20571,-0.013709,-0.040846,-0.147136,0.008049,-0.047638,-0.18457,-0.010731,-0.046712,-0.139724,-0.018727,-0.043379,-0.124908,-0.021495,-0.009301,-0.14493,0.003194,-0.016141,-0.178727,-0.015151,-0.020096,-0.128002,-0.016275,-0.015194,-0.120721,-0.012171,0.023515,-0.134066,-0.006092,0.017195,-0.170243,-0.025178,0.009778,-0.122241,-0.014573,0.013065,-0.112946,-0.002641,0.055198,-0.118058,-0.016803,0.047333,-0.14322,-0.025593,0.037404,-0.110907,-0.015396,0.039399,-0.100119,-0.005304,A
0.0,0.0,0.0,-0.045648,-0.044428,-0.00878,-0.068743,-0.111276,-0.010259,-0.074422,-0.163076,-0.013649,-0.083592,-0.199283,-0.013595,-0.037018,-0.146155,0.005846,-0.044158,-0.181033,-0.013692,-0.046653,-0.133819,-0.021125,-0.042362,-0.12033,-0.023226,-0.005569,-0.141108,0.000817,-0.013147,-0.173866,-0.018464,-0.020816,-0.12233,-0.018359,-0.013535,-0.114861,-0.012881,0.026203,-0.12892,-0.008573,0.019046,-0.163603,-0.028485,0.008727,-0.115697,-0.016725,0.013955,-0.107004,-0.003374,0.057818,-0.111498,-0.019305,0.049262,-0.140593,-0.028177,0.036079,-0.108857,-0.016982,0.036874,-0.096775,-0.005662,A
0.0,0.0,0.0,-0.046718,-0.041734,-0.01037,-0.071265,-0.107793,-0.012316,-0.077574,-0.160934,-0.015804,-0.086053,-0.197596,-0.015872,-0.042504,-0.143082,0.004314,-0.047332,-0.17697,-0.014415,-0.047577,-0.130382,-0.021353,-0.04511,-0.117955,-0.023336,-0.010449,-0.139935,0.000274,-0.014961,-0.169732,-0.018285,-0.020152,-0.118822,-0.018357,-0.016025,-0.113408,-0.013503,0.022036,-0.129251,-0.0081,0.017762,-0.160878,-0.027774,0.009508,-0.113303,-0.016682,0.012568,-0.105884,-0.004193,0.053622,-0.112872,-0.017863,0.047889,-0.139153,-0.026934,0.036897,-0.106859,-0.016415,0.037339,-0.096087,-0.005865,A
0.0,0.0,0.0,-0.045623,-0.035162,-0.009692,-0.071965,-0.105188,-0.01061,-0.080901,-0.160382,-0.01321,-0.092912,-0.195395,-0.012373,-0.041945,-0.142783,0.007246,-0.050259,-0.180606,-0.011164,-0.050604,-0.135487,-0.018452,-0.04616,-0.118506,-0.020605,-0.011704,-0.141267,0.003069,-0.019683,-0.173564,-0.014196,-0.025072,-0.122131,-0.014094,-0.019143,-0.11474,-0.009267,0.019399,-0.131359,-0.005681,0.013096,-0.164414,-0.024199,0.005075,-0.115951,-0.013317,0.009436,-0.107289,-0.001242,0.050437,-0.116238,-0.015899,0.043472,-0.141704,-0.024739,0.032872,-0.108899,-0.014829,0.03384,-0.098614,-0.00487,A
0.0,0.0,0.0,-0.047206,-0.038733,-0.008026,-0.073868,-0.106784,-0.008753,-0.083425,-0.16072,-0.011858,-0.094953,-0.197024,-0.01195,-0.042796,-0.142258,0.00926,-0.052883,-0.17729,-0.008928,-0.051279,-0.135588,-0.016981,-0.046063,-0.120014,-0.019828,-0.013377,-0.142061,0.004266,-0.021669,-0.171865,-0.012265,-0.024881,-0.123896,-0.012804,-0.018411,-0.118757,-0.009012,0.017931,-0.133064,-0.005171,0.011314,-0.166019,-0.023213,0.00466,-0.120615,-0.012872,0.009792,-0.113316,-0.00158,0.048826,-0.118091,-0.01599,0.042529,-0.142824,-0.02467,0.032104,-0.112444,-0.015031,0.034148,-0.103157,-0.005484,A
0.0,0.0,0.0,-0.04706,-0.03542,-0.009106,-0.074502,-0.101767,-0.009646,-0.08464,-0.154001,-0.011824,-0.095278,-0.187574,-0.01036,-0.04881,-0.139467,0.006139,-0.0575,-0.173159,-0.011272,-0.054399,-0.127859,-0.017509,-0.048398,-0.11437,-0.019337,-0.017795,-0.139127,0.002067,-0.026178,-0.168438,-0.015056,-0.028019,-0.118444,-0.014011,-0.020966,-0.11323,-0.008807,0.014251,-0.131015,-0.006342,0.00763,-0.160463,-0.024218,0.002093,-0.114249,-0.012863,0.007175,-0.108292,-0.000823,0.046277,-0.117749,-0.016246,0.040929,-0.14256,-0.024408,0.031363,-0.111715,-0.014673,0.032318,-0.103137,-0.005192,A
0.0,0.0,0.0,-0.045593,-0.034452,-0.008225,-0.073557,-0.09963,-0.008797,-0.083883,-0.152459,-0.011549,-0.094985,-0.187922,-0.011138,-0.047931,-0.136313,0.008106,-0.057249,-0.172337,-0.010267,-0.054397,-0.130953,-0.018042,-0.049229,-0.114689,-0.02046,-0.017298,-0.136704,0.00351,-0.02552,-0.166788,-0.013378,-0.027049,-0.119255,-0.01368,-0.021111,-0.113579,-0.009447,0.014905,-0.128833,-0.005502,0.008727,-0.160801,-0.023365,0.003526,-0.116741,-0.013205,0.007753,-0.110022,-0.001854,0.047252,-0.115521,-0.01588,0.042299,-0.141887,-0.024238,0.032719,-0.112168,-0.014823,0.03332,-0.102772,-0.005407,A
0.0,0.0,0.0,-0.050024,-0.031326,-0.009426,-0.080013,-0.094169,-0.010411,-0.092338,-0.147384,-0.013114,-0.105827,-0.179133,-0.012275,-0.056244,-0.133598,0.007628,-0.066446,-0.168764,-0.010181,-0.061466,-0.124081,-0.017043,-0.054972,-0.109509,-0.0191,-0.024349,-0.135298,0.003678,-0.034589,-0.164722,-0.013113,-0.034119,-0.115063,-0.012679,-0.027489,-0.109402,-0.007948,0.008205,-0.129449,-0.004766,-0.000851,-0.159685,-0.023024,-0.004604,-0.11268,-0.012066,-0.000429,-0.105651,-5.7e-05,0.040543,-0.118342,-0.014645,0.032206,-0.145056,-0.022862,0.02444,-0.11334,-0.012702,0.025672,-0.103529,-0.002769,A
0.0,0.0,0.0,-0.049314,-0.030298,-0.007504,-0.080942,-0.092355,-0.007465,-0.09368,-0.146127,-0.009661,-0.106572,-0.179973,-0.008657,-0.056026,-0.131174,0.008518,-0.067668,-0.16586,-0.009243,-0.062603,-0.123423,-0.016242,-0.055947,-0.10858,-0.018235,-0.024697,-0.133822,0.003536,-0.035306,-0.163688,-0.012899,-0.034449,-0.115642,-0.012521,-0.027463,-0.109696,-0.007839,0.00771,-0.128586,-0.005759,-0.001566,-0.160362,-0.023601,-0.004997,-0.114438,-0.012981,-0.000611,-0.106697,-0.001256,0.040879,-0.118002,-0.016333,0.032872,-0.145236,-0.02464,0.024315,-0.11385,-0.014857,0.024963,-0.103021,-0.005159,A
0.0,0.0,0.0,-0.051576,-0.028588,-0.008798,-0.086045,-0.089937,-0.010198,-0.102451,-0.141476,-0.013531,-0.121448,-0.167789,-0.01362,-0.060741,-0.131362,0.007373,-0.074437,-0.162473,-0.011599,-0.066683,-0.117192,-0.019517,-0.058761,-0.104382,-0.02244,-0.030491,-0.136056,0.002406,-0.044402,-0.163033,-0.015717,-0.040497,-0.112579,-0.015458,-0.031959,-0.107314,-0.010618,0.001354,-0.133354,-0.007084,-0.012423,-0.159575,-0.02597,-0.011708,-0.111074,-0.014283,-0.00486,-0.104372,-0.001704,0.033512,-0.125226,-0.018086,0.019837,-0.145236,-0.026601,0.015627,-0.111162,-0.016028,0.020152,-0.102688,-0.005807,A
0.0,0.0,0.0,-0.052103,-0.028971,-0.007648,-0.086773,-0.086886,-0.008677,-0.102323,-0.138568,-0.01211,-0.118682,-0.170279,-0.012681,-0.059997,-0.12921,0.009482,-0.073721,-0.159952,-0.009027,-0.066892,-0.118616,-0.017511,-0.059518,-0.103787,-0.020374,-0.029868,-0.13335,0.004365,-0.0432,-0.160602,-0.012639,-0.039973,-0.113492,-0.013376,-0.031948,-0.106737,-0.009277,0.001781,-0.130198,-0.005105,-0.01089,-0.158457,-0.023088,-0.011412,-0.113412,-0.012587,-0.005084,-0.105227,-0.000707,0.03418,-0.121177,-0.015884,0.021886,-0.144863,-0.023547,0.016231,-0.112827,-0.01288,0.020074,-0.102083,-0.00246,A
0.0,0.0,0.0,-0.054077,-0.021421,-0.009162,-0.091001,-0.079115,-0.011412,-0.107897,-0.13086,-0.01543,-0.126798,-0.158128,-0.016065,-0.067665,-0.12086,0.005341,-0.082951,-0.154974,-0.01493,-0.073862,-0.110566,-0.023686,-0.06583,-0.096655,-0.026927,-0.037488,-0.127217,0.000181,-0.05233,-0.156292,-0.018953,-0.047348,-0.107465,-0.01952,-0.039197,-0.101332,-0.015286,-0.005867,-0.12588,-0.009455,-0.020953,-0.154919,-0.028272,-0.019027,-0.108336,-0.016818,-0.012643,-0.101497,-0.00474,0.026383,-0.119561,-0.020652,0.011539,-0.137835,-0.029488,0.009448,-0.105389,-0.019557,0.014872,-0.098085,-0.009973,A
0.0,0.0,0.0,-0.054984,-0.019172,-0.00822,-0.092617,-0.076646,-0.009405,-0.108636,-0.129037,-0.012603,-0.127076,-0.158068,-0.012796,-0.067913,-0.118313,0.004415,-0.084447,-0.15385,-0.015375,-0.075505,-0.109025,-0.024009,-0.067033,-0.092226,-0.026871,-0.037058,-0.124214,-0.000886,-0.051857,-0.154496,-0.018858,-0.047734,-0.105391,-0.019151,-0.039001,-0.096909,-0.014969,-0.004887,-0.122052,-0.010411,-0.019106,-0.152854,-0.027962,-0.018481,-0.10601,-0.016706,-0.011504,-0.096219,-0.005003,0.028414,-0.115545,-0.021399,0.015026,-0.137315,-0.029067,0.010834,-0.104349,-0.018785,0.015739,-0.093872,-0.009138,A
0.0,0.0,0.0,-0.058445,-0.020428,-0.007183,-0.096477,-0.074966,-0.008554,-0.115509,-0.124684,-0.01226,-0.13559,-0.150046,-0.012687,-0.073619,-0.117575,0.006565,-0.091474,-0.150221,-0.013346,-0.079525,-0.10494,-0.021854,-0.069868,-0.091647,-0.024852,-0.043656,-0.125197,0.000715,-0.06147,-0.152265,-0.017971,-0.053994,-0.102503,-0.018183,-0.044101,-0.097567,-0.013872,-0.011936,-0.125332,-0.009407,-0.030466,-0.151959,-0.027414,-0.025947,-0.104756,-0.015739,-0.017229,-0.098684,-0.00365,0.019813,-0.120349,-0.020985,0.003143,-0.136114,-0.028346,0.001826,-0.104908,-0.018107,0.008932,-0.099528,-0.008571,A
0.0,0.0,0.0,-0.060003,-0.019642,-0.007263,-0.098391,-0.072839,-0.007878,-0.116541,-0.123131,-0.010774,-0.136142,-0.149008,-0.010543,-0.074252,-0.114419,0.006682,-0.093344,-0.148596,-0.011823,-0.080998,-0.10267,-0.01947,-0.071125,-0.088592,-0.022025,-0.043343,-0.122431,0.001475,-0.061255,-0.149703,-0.016005,-0.053773,-0.099589,-0.015768,-0.043957,-0.09416,-0.011361,-0.01107,-0.122227,-0.00787,-0.02871,-0.15007,-0.024912,-0.025439,-0.103414,-0.013305,-0.016752,-0.096186,-0.00143,0.021843,-0.11729,-0.018615,0.005625,-0.135453,-0.02532,0.00269,-0.10341,-0.014954,0.009548,-0.095602,-0.005438,A
0.0,0.0,0.0,-0.061216,-0.015656,-0.00702,-0.101656,-0.066704,-0.007023,-0.122763,-0.115496,-0.009355,-0.143879,-0.137178,-0.008179,-0.08179,-0.106397,0.009696,-0.098551,-0.143218,-0.008856,-0.08382,-0.100563,-0.016855,-0.075042,-0.085654,-0.019541,-0.05175,-0.118,0.00458,-0.06769,-0.143902,-0.012194,-0.056896,-0.097583,-0.012813,-0.04979,-0.093621,-0.009362,-0.019985,-0.122496,-0.00488,-0.037594,-0.149862,-0.022048,-0.029302,-0.104007,-0.01108,-0.02198,-0.097848,0.00028,0.011905,-0.121516,-0.015769,-0.00296,-0.137702,-0.023013,-0.001247,-0.106399,-0.013112,0.00519,-0.10042,-0.003857,A
0.0,0.0,0.0,-0.061868,-0.014154,-0.006998,-0.102244,-0.065248,-0.007107,-0.122994,-0.115313,-0.009848,-0.14425,-0.139256,-0.009362,-0.080368,-0.106625,0.009668,-0.09973,-0.143791,-0.008778,-0.085235,-0.099659,-0.016139,-0.075837,-0.083064,-0.017908,-0.050177,-0.117227,0.004671,-0.068097,-0.144383,-0.012145,-0.057537,-0.095716,-0.011957,-0.049293,-0.090826,-0.007467,-0.018272,-0.120646,-0.004723,-0.037115,-0.149406,-0.021887,-0.029555,-0.102652,-0.010457,-0.021035,-0.095386,0.001587,0.014199,-0.119743,-0.0155,-0.001817,-0.138939,-0.022095,-0.001239,-0.106624,-0.011611,0.006408,-0.099245,-0.001847,A
0.0,0.0,0.0,-0.061499,-0.01591,-0.007508,-0.10182,-0.06773,-0.007738,-0.122621,-0.116927,-0.010339,-0.143589,-0.140571,-0.00941,-0.081882,-0.109988,0.008472,-0.100664,-0.143679,-0.009201,-0.084482,-0.098706,-0.015645,-0.075293,-0.087059,-0.017432,-0.051599,-0.1205,0.003695,-0.069437,-0.14542,-0.013236,-0.058424,-0.094487,-0.01234,-0.050761,-0.091332,-0.007494,-0.019704,-0.123948,-0.005353,-0.03855,-0.148048,-0.022147,-0.030838,-0.099166,-0.009784,-0.022716,-0.09355,0.002668,0.01227,-0.122889,-0.015904,-0.00448,-0.1377,-0.021681,-0.004085,-0.104083,-0.010521,0.003281,-0.097823,-0.000514,A
0.0,0.0,0.0,-0.060946,-0.016989,-0.008978,-0.100381,-0.070603,-0.009896,-0.12093,-0.119175,-0.012912,-0.142985,-0.139412,-0.0122,-0.081145,-0.112074,0.007782,-0.099078,-0.144899,-0.01075,-0.083799,-0.099566,-0.017534,-0.075435,-0.088109,-0.019345,-0.050418,-0.122187,0.003665,-0.067887,-0.146084,-0.014339,-0.057441,-0.094959,-0.013505,-0.049871,-0.093483,-0.008391,-0.018306,-0.124855,-0.004954,-0.036377,-0.148321,-0.022593,-0.029955,-0.099487,-0.010182,-0.0221,-0.095218,0.002588,0.013343,-0.12376,-0.015233,-0.001994,-0.137885,-0.021318,-0.002864,-0.104862,-0.010418,0.003871,-0.099976,-0.000475,A
0.0,0.0,0.0,-0.060522,-0.022035,-0.004608,-0.097262,-0.074582,-0.004012,-0.116516,-0.121805,-0.006244,-0.13784,-0.145088,-0.006075,-0.073046,-0.117637,0.012004,-0.090692,-0.144783,-0.003386,-0.080041,-0.104257,-0.010661,-0.069813,-0.09214,-0.01333,-0.043289,-0.124816,0.006166,-0.061136,-0.148204,-0.008123,-0.054293,-0.101604,-0.008752,-0.042856,-0.094873,-0.005505,-0.012545,-0.124809,-0.003386,-0.031111,-0.14934,-0.018043,-0.027761,-0.103701,-0.007738,-0.017792,-0.094178,0.002842,0.018889,-0.119808,-0.014062,0.001409,-0.137863,-0.018682,-0.000961,-0.104256,-0.007863,0.00695,-0.094431,0.001686,A
0.0,0.0,0.0,-0.059435,-0.017353,-0.006968,-0.098037,-0.068412,-0.007591,-0.118593,-0.116351,-0.01044,-0.138778,-0.141367,-0.01025,-0.074976,-0.11202,0.007927,-0.093877,-0.141932,-0.009421,-0.081352,-0.098491,-0.01656,-0.071664,-0.087496,-0.018941,-0.045199,-0.120532,0.003045,-0.062939,-0.144519,-0.01322,-0.055028,-0.096617,-0.012792,-0.045543,-0.092932,-0.008468,-0.014123,-0.121457,-0.005888,-0.032001,-0.14595,-0.022121,-0.027345,-0.100695,-0.010794,-0.018948,-0.094524,0.000825,0.017025,-0.11724,-0.016169,0.000851,-0.134138,-0.02185,-0.000264,-0.102444,-0.011321,0.006706,-0.09515,-0.001794,A
0.0,0.0,0.0,-0.055725,-0.024886,-0.005635,-0.090593,-0.077937,-0.00649,-0.10754,-0.124509,-0.009696,-0.126841,-0.153057,-0.010773,-0.063369,-0.122122,0.007049,-0.081291,-0.146423,-0.009432,-0.073446,-0.108311,-0.017888,-0.064147,-0.095658,-0.021401,-0.033409,-0.125578,0.001163,-0.052028,-0.149326,-0.013633,-0.048212,-0.105676,-0.015119,-0.037425,-0.096894,-0.01285,-0.002667,-0.122244,-0.008142,-0.02142,-0.147531,-0.023387,-0.021214,-0.104222,-0.013752,-0.012207,-0.092896,-0.0038,0.028356,-0.114139,-0.018501,0.010101,-0.133949,-0.024759,0.006037,-0.101962,-0.01466,0.013304,-0.090573,-0.005482,A
0.0,0.0,0.0,-0.054559,-0.021119,-0.008074,-0.091217,-0.073862,-0.009584,-0.108396,-0.120592,-0.012991,-0.126637,-0.149554,-0.013688,-0.065558,-0.120779,0.00566,-0.085542,-0.142855,-0.012208,-0.075542,-0.103361,-0.020368,-0.065661,-0.095225,-0.02362,-0.035336,-0.125301,0.000582,-0.054655,-0.145754,-0.015981,-0.049219,-0.102306,-0.016338,-0.039046,-0.098635,-0.012726,-0.003984,-0.122444,-0.00852,-0.023181,-0.145136,-0.025281,-0.021629,-0.102667,-0.014669,-0.013464,-0.096723,-0.003658,0.027413,-0.114115,-0.019021,0.009584,-0.13112,-0.026256,0.00613,-0.100532,-0.016304,0.012253,-0.092523,-0.00693,A
0.0,0.0,0.0,-0.053971,-0.024231,-0.007466,-0.087845,-0.081771,-0.007428,-0.102772,-0.133167,-0.009387,-0.120183,-0.161019,-0.008562,-0.059809,-0.122238,0.006666,-0.076517,-0.150937,-0.009339,-0.06878,-0.108556,-0.015339,-0.060571,-0.099997,-0.017407,-0.029648,-0.125136,0.001913,-0.046275,-0.151461,-0.013681,-0.044225,-0.103214,-0.012776,-0.035116,-0.099016,-0.008173,0.001195,-0.12056,-0.006761,-0.014379,-0.148452,-0.023556,-0.015857,-0.101593,-0.012512,-0.00841,-0.093596,-0.000852,0.032486,-0.111428,-0.016708,0.019363,-0.135272,-0.023857,0.012832,-0.102022,-0.013687,0.017723,-0.090478,-0.004121,A
0.0,0.0,0.0,-0.054904,-0.024849,-0.008734,-0.089252,-0.08144,-0.00987,-0.104511,-0.131786,-0.012818,-0.12142,-0.162091,-0.012705,-0.063137,-0.122828,0.006042,-0.079997,-0.150923,-0.011625,-0.071994,-0.108096,-0.018558,-0.064217,-0.099814,-0.02105,-0.032728,-0.126364,0.001621,-0.048957,-0.151764,-0.015481,-0.046234,-0.103353,-0.014735,-0.037652,-0.100177,-0.01001,-0.001264,-0.122356,-0.007044,-0.016829,-0.14949,-0.024707,-0.017775,-0.102709,-0.013147,-0.01072,-0.096411,-0.001021,0.030246,-0.113616,-0.017166,0.016143,-0.134154,-0.024661,0.010195,-0.10211,-0.014535,0.014849,-0.093324,-0.004939,A
0.0,0.0,0.0,-0.047621,-0.031361,-0.006561,-0.07767,-0.091107,-0.006767,-0.089077,-0.140321,-0.009166,-0.102833,-0.172268,-0.009534,-0.046841,-0.130913,0.006734,-0.05722,-0.158946,-0.010455,-0.054383,-0.121897,-0.019704,-0.048837,-0.105004,-0.023333,-0.017478,-0.129309,0.001285,-0.028389,-0.153243,-0.013423,-0.028238,-0.111482,-0.015435,-0.021496,-0.101261,-0.013367,0.012171,-0.121143,-0.007785,0.001147,-0.145263,-0.023278,-0.001183,-0.104474,-0.01414,0.003615,-0.093863,-0.00449,0.042213,-0.107783,-0.017964,0.031784,-0.132512,-0.024315,0.025549,-0.100537,-0.013543,0.028089,-0.087527,-0.003765,A
0.0,0.0,0.0,-0.048049,-0.028063,-0.009746,-0.080384,-0.088909,-0.010729,-0.092661,-0.140911,-0.013237,-0.106875,-0.173046,-0.012841,-0.050384,-0.1327,0.006875,-0.063543,-0.157053,-0.011122,-0.058189,-0.116112,-0.01956,-0.050735,-0.104389,-0.022745,-0.020255,-0.132073,0.002942,-0.032805,-0.152419,-0.013832,-0.030898,-0.108748,-0.014529,-0.023269,-0.102931,-0.01086,0.010234,-0.12372,-0.0054,-0.001284,-0.145233,-0.023087,-0.002467,-0.103418,-0.013205,0.002748,-0.09655,-0.002371,0.040866,-0.1098,-0.015192,0.030318,-0.130777,-0.023277,0.025111,-0.099566,-0.013572,0.028037,-0.090113,-0.004064,A
0.0,0.0,0.0,-0.042378,-0.036413,-0.007245,-0.065365,-0.099269,-0.007803,-0.073488,-0.149072,-0.010605,-0.079605,-0.186349,-0.010316,-0.034762,-0.134962,0.008287,-0.047031,-0.167321,-0.009225,-0.046191,-0.124776,-0.016004,-0.0397,-0.110257,-0.017712,-0.006002,-0.131572,0.003693,-0.018367,-0.15779,-0.012321,-0.022355,-0.111346,-0.011993,-0.014109,-0.106395,-0.007415,0.023475,-0.120453,-0.005095,0.012072,-0.146946,-0.022628,0.004803,-0.103577,-0.01278,0.010882,-0.096824,-0.001524,0.053136,-0.104734,-0.015039,0.043205,-0.128632,-0.023088,0.032282,-0.098169,-0.013899,0.034818,-0.086929,-0.004532,A
0.0,0.0,0.0,-0.04513,-0.039746,-0.007552,-0.067173,-0.103377,-0.008096,-0.074474,-0.153564,-0.010751,-0.080552,-0.190177,-0.010349,-0.037052,-0.138962,0.008386,-0.048359,-0.170774,-0.008442,-0.048604,-0.12612,-0.015282,-0.042534,-0.111428,-0.017342,-0.007913,-0.135155,0.004184,-0.01953,-0.160148,-0.01125,-0.024655,-0.113142,-0.010738,-0.01697,-0.1065,-0.006239,0.021781,-0.123684,-0.004213,0.010703,-0.150666,-0.020672,0.002276,-0.106793,-0.010333,0.007821,-0.098424,0.000888,0.051037,-0.106745,-0.013924,0.04047,-0.130964,-0.021348,0.029414,-0.101337,-0.01192,0.031792,-0.090342,-0.002527,A
0.0,0.0,0.0,-0.045847,-0.040151,-0.008946,-0.063666,-0.105196,-0.010327,-0.064946,-0.156354,-0.01358,-0.073714,-0.189164,-0.013564,-0.03507,-0.139329,0.006207,-0.042634,-0.172121,-0.011881,-0.043982,-0.125947,-0.018718,-0.039599,-0.113775,-0.020609,-0.006228,-0.134596,0.002083,-0.014767,-0.163805,-0.01521,-0.021817,-0.113899,-0.014297,-0.014319,-0.109653,-0.008863,0.022629,-0.122341,-0.006343,0.014185,-0.153972,-0.023916,0.004037,-0.108,-0.012158,0.010288,-0.100829,0.000414,0.050813,-0.106061,-0.016312,0.042197,-0.13025,-0.023776,0.030281,-0.101282,-0.013435,0.033578,-0.091819,-0.003254,A
0.0,0.0,0.0,-0.045442,-0.038924,-0.008831,-0.063557,-0.10451,-0.010234,-0.064189,-0.15642,-0.013286,-0.072063,-0.189453,-0.013065,-0.03399,-0.140418,0.005395,-0.043469,-0.171758,-0.01258,-0.045141,-0.12544,-0.019067,-0.04072,-0.114182,-0.020721,-0.005562,-0.135724,0.001398,-0.01567,-0.163796,-0.015689,-0.022522,-0.113811,-0.014137,-0.014975,-0.10949,-0.008254,0.023115,-0.123429,-0.00685,0.01312,-0.154316,-0.024271,0.003727,-0.10766,-0.012136,0.010376,-0.100667,0.000686,0.051613,-0.107108,-0.016582,0.040538,-0.130944,-0.02395,0.02973,-0.101431,-0.0135,0.034288,-0.092733,-0.003206,A
0.0,0.0,0.0,-0.043193,-0.040335,-0.006081,-0.058897,-0.102498,-0.007182,-0.057715,-0.152871,-0.010719,-0.064092,-0.186659,-0.011651,-0.031268,-0.139727,0.009699,-0.03733,-0.173527,-0.007485,-0.040378,-0.131269,-0.014864,-0.037246,-0.11491,-0.01685,-0.003506,-0.135765,0.004509,-0.011051,-0.166549,-0.010785,-0.018164,-0.120423,-0.010964,-0.011703,-0.111898,-0.006484,0.02475,-0.123917,-0.004648,0.016161,-0.156325,-0.020646,0.006805,-0.113146,-0.010626,0.01166,-0.102995,0.000543,0.052851,-0.107005,-0.014954,0.041399,-0.133018,-0.021639,0.030994,-0.1042,-0.011547,0.034376,-0.092576,-0.001596,A
0.0,0.0,0.0,-0.042536,-0.041126,-0.005558,-0.058598,-0.102831,-0.006534,-0.057107,-0.153011,-0.010204,-0.063704,-0.18687,-0.011349,-0.029967,-0.13944,0.010995,-0.035752,-0.173849,-0.006464,-0.040148,-0.132559,-0.014214,-0.037443,-0.114949,-0.01629,-0.002777,-0.13545,0.005473,-0.009712,-0.166474,-0.010365,-0.01739,-0.120937,-0.011023,-0.010755,-0.111425,-0.006643,0.025018,-0.123791,-0.00409,0.016793,-0.156049,-0.020394,0.007195,-0.113532,-0.010733,0.012341,-0.103348,0.000384,0.053036,-0.10681,-0.01478,0.042077,-0.134221,-0.021506,0.031504,-0.1056,-0.011488,0.035194,-0.093621,-0.001516,A
0.0,0.0,0.0,-0.041279,-0.044413,-0.004612,-0.054344,-0.104532,-0.005676,-0.051243,-0.150048,-0.009826,-0.055231,-0.17682,-0.011664,-0.025063,-0.137968,0.011559,-0.030717,-0.171139,-0.005428,-0.034546,-0.13256,-0.013589,-0.031385,-0.117355,-0.016115,0.00078,-0.132076,0.005471,-0.005372,-0.163893,-0.01046,-0.013528,-0.12146,-0.011802,-0.007463,-0.111816,-0.007782,0.027036,-0.119401,-0.004423,0.020678,-0.153367,-0.020249,0.010035,-0.113939,-0.010977,0.013919,-0.102603,-9.7e-05,0.053553,-0.101479,-0.015433,0.045411,-0.131263,-0.02139,0.03385,-0.104399,-0.010912,0.035709,-0.090714,-0.000659,A
0.0,0.0,0.0,-0.040494,-0.040352,-0.005599,-0.055466,-0.101195,-0.006288,-0.053304,-0.148403,-0.009681,-0.057623,-0.180383,-0.010581,-0.026632,-0.136423,0.010763,-0.032041,-0.170284,-0.006198,-0.036227,-0.130222,-0.013895,-0.032788,-0.113935,-0.016076,-0.000589,-0.131627,0.00541,-0.00585,-0.163673,-0.010473,-0.013946,-0.12072,-0.01144,-0.00746,-0.111155,-0.007149,0.026139,-0.120124,-0.003886,0.020218,-0.152689,-0.01971,0.009561,-0.112101,-0.010473,0.014036,-0.101634,0.000305,0.053562,-0.103538,-0.014384,0.045058,-0.131573,-0.020785,0.033876,-0.10377,-0.011012,0.036616,-0.091071,-0.001259,A
0.0,0.0,0.0,-0.040604,-0.042815,-0.003584,-0.052993,-0.10109,-0.003764,-0.049105,-0.145205,-0.00711,-0.052504,-0.174584,-0.008399,-0.021408,-0.134057,0.01302,-0.024926,-0.167996,-0.002912,-0.030594,-0.130599,-0.01078,-0.027773,-0.113352,-0.013222,0.003486,-0.128925,0.006846,-0.000164,-0.161977,-0.00804,-0.010163,-0.12032,-0.009775,-0.004295,-0.108592,-0.006176,0.028869,-0.116689,-0.002943,0.024279,-0.150472,-0.017905,0.012476,-0.111414,-0.009291,0.016365,-0.099471,0.000901,0.054593,-0.098695,-0.013715,0.047457,-0.128768,-0.019497,0.03547,-0.10174,-0.009431,0.037339,-0.087724,0.00042,A
0.0,0.0,0.0,-0.040023,-0.040264,-0.004602,-0.05406,-0.099228,-0.004578,-0.04958,-0.144933,-0.007474,-0.051908,-0.175441,-0.008102,-0.021268,-0.131739,0.012139,-0.024099,-0.166285,-0.004056,-0.031686,-0.128617,-0.011655,-0.030185,-0.111515,-0.013821,0.003348,-0.126349,0.006606,0.000645,-0.159741,-0.008896,-0.010321,-0.118481,-0.01039,-0.004869,-0.107179,-0.006454,0.02843,-0.11447,-0.002739,0.02512,-0.149061,-0.018377,0.012157,-0.109918,-0.010061,0.015518,-0.097665,0.000159,0.054418,-0.097248,-0.013135,0.048118,-0.127443,-0.01955,0.035412,-0.100665,-0.010343,0.036883,-0.086679,-0.001001,A
0.0,0.0,0.0,-0.041235,-0.041703,-0.005631,-0.052785,-0.099941,-0.006444,-0.047802,-0.144166,-0.009999,-0.052699,-0.173367,-0.011388,-0.020727,-0.129845,0.010142,-0.02381,-0.165239,-0.006303,-0.030248,-0.125682,-0.013811,-0.027448,-0.109013,-0.016055,0.00403,-0.124118,0.004866,0.000836,-0.15936,-0.01123,-0.010129,-0.115874,-0.012489,-0.003315,-0.104061,-0.008357,0.029418,-0.111604,-0.004198,0.025445,-0.148941,-0.020531,0.012265,-0.10838,-0.01162,0.016918,-0.094984,-0.000891,0.055553,-0.093983,-0.014392,0.048757,-0.125522,-0.021421,0.035267,-0.09856,-0.011929,0.037088,-0.083407,-0.002341,A
0.0,0.0,0.0,-0.040887,-0.039855,-0.005693,-0.053579,-0.099081,-0.00575,-0.048248,-0.143303,-0.008323,-0.051946,-0.172383,-0.00848,-0.020772,-0.130807,0.010042,-0.025073,-0.164863,-0.006006,-0.031627,-0.124753,-0.01307,-0.028249,-0.10889,-0.015118,0.003855,-0.124548,0.005101,-8.5e-05,-0.158146,-0.010786,-0.010808,-0.114587,-0.01156,-0.003497,-0.103312,-0.007112,0.028967,-0.111962,-0.003653,0.024914,-0.147827,-0.019667,0.011361,-0.106718,-0.010583,0.016133,-0.093401,0.000244,0.055482,-0.09468,-0.013582,0.04812,-0.125253,-0.020577,0.03452,-0.098254,-0.011439,0.036515,-0.083741,-0.00204,A
0.0,0.0,0.0,-0.041954,-0.040439,-0.005564,-0.055637,-0.097849,-0.006426,-0.050413,-0.141624,-0.01008,-0.051452,-0.170358,-0.011335,-0.02281,-0.129743,0.009363,-0.026923,-0.166471,-0.007499,-0.033046,-0.126023,-0.014901,-0.029442,-0.109509,-0.016961,0.00201,-0.123699,0.004016,-0.001893,-0.158806,-0.012366,-0.013089,-0.11453,-0.013294,-0.005485,-0.10333,-0.008782,0.027258,-0.111445,-0.005165,0.023432,-0.148627,-0.021358,0.009753,-0.107437,-0.012159,0.01534,-0.094527,-0.001118,0.053941,-0.09418,-0.015512,0.046664,-0.12611,-0.022183,0.032648,-0.099542,-0.012553,0.035071,-0.08472,-0.002765,A
0.0,0.0,0.0,-0.041314,-0.040225,-0.005843,-0.054484,-0.098906,-0.006594,-0.04869,-0.142999,-0.009972,-0.049045,-0.170812,-0.010832,-0.021568,-0.132027,0.009137,-0.025756,-0.167844,-0.007668,-0.032372,-0.125926,-0.014889,-0.028932,-0.109318,-0.016864,0.003207,-0.125743,0.003979,-0.000939,-0.159582,-0.012346,-0.012006,-0.114214,-0.012871,-0.004258,-0.103433,-0.008082,0.028425,-0.112952,-0.005036,0.024285,-0.149174,-0.021196,0.010598,-0.106779,-0.011405,0.015967,-0.094047,2.8e-05,0.055119,-0.095159,-0.015265,0.048003,-0.126815,-0.022018,0.034144,-0.09952,-0.012095,0.03651,-0.085178,-0.002045,A
0.0,0.0,0.0,-0.041835,-0.039758,-0.005111,-0.05615,-0.099579,-0.00521,-0.052848,-0.145171,-0.008153,-0.058691,-0.173858,-0.008869,-0.022422,-0.132787,0.010526,-0.027484,-0.167544,-0.005799,-0.034088,-0.125681,-0.013033,-0.030815,-0.107769,-0.015019,0.002471,-0.126271,0.005174,-0.002173,-0.1602,-0.010594,-0.013207,-0.113679,-0.011211,-0.005804,-0.101209,-0.006555,0.027829,-0.113324,-0.00398,0.023593,-0.150256,-0.020525,0.009827,-0.106094,-0.011109,0.014669,-0.091167,0.000241,0.05448,-0.095408,-0.014185,0.048056,-0.128132,-0.021415,0.033759,-0.099608,-0.01163,0.035198,-0.083617,-0.001596,A
0.0,0.0,0.0,-0.041801,-0.04037,-0.005166,-0.055512,-0.100779,-0.005495,-0.052973,-0.146535,-0.008722,-0.060991,-0.174753,-0.009778,-0.022304,-0.133347,0.01083,-0.027171,-0.168154,-0.005636,-0.033127,-0.126463,-0.013091,-0.029518,-0.108746,-0.015275,0.00262,-0.126917,0.005334,-0.002167,-0.161267,-0.010687,-0.013067,-0.114658,-0.011529,-0.005454,-0.102295,-0.006973,0.028069,-0.113764,-0.003997,0.02365,-0.151238,-0.02068,0.009952,-0.107319,-0.011204,0.01489,-0.092556,0.000207,0.054538,-0.095598,-0.014414,0.048232,-0.128226,-0.021643,0.033805,-0.100054,-0.011734,0.035136,-0.084196,-0.00163,A
0.0,0.0,0.0,-0.043051,-0.0392,-0.005177,-0.058295,-0.098867,-0.006214,-0.058171,-0.142396,-0.0099,-0.067615,-0.16964,-0.011314,-0.026868,-0.136169,0.008897,-0.035186,-0.166982,-0.007693,-0.038282,-0.124872,-0.015524,-0.034159,-0.108636,-0.018208,-0.001394,-0.131324,0.003224,-0.009803,-0.159439,-0.012373,-0.016781,-0.113443,-0.013129,-0.009665,-0.102896,-0.009177,0.025105,-0.11924,-0.006063,0.016584,-0.150685,-0.022081,0.006237,-0.106274,-0.012195,0.010784,-0.093489,-0.001264,0.052268,-0.101706,-0.016429,0.042057,-0.128728,-0.023482,0.030669,-0.099687,-0.013308,0.033173,-0.086631,-0.003315,A
0.0,0.0,0.0,-0.042879,-0.038301,-0.004971,-0.059301,-0.098514,-0.005566,-0.05959,-0.143481,-0.008845,-0.069087,-0.169172,-0.009949,-0.027425,-0.134595,0.009138,-0.035062,-0.166952,-0.007641,-0.038649,-0.124701,-0.015464,-0.034832,-0.106623,-0.017874,-0.001693,-0.129567,0.003427,-0.009553,-0.160112,-0.012278,-0.017115,-0.113693,-0.012868,-0.009951,-0.10165,-0.008516,0.024673,-0.11732,-0.005951,0.016549,-0.15053,-0.021864,0.006191,-0.106488,-0.012049,0.011176,-0.09295,-0.000987,0.051862,-0.099565,-0.016416,0.042017,-0.128101,-0.023395,0.030467,-0.099124,-0.013408,0.032915,-0.085135,-0.003495,A
0.0,0.0,0.0,-0.044159,-0.037957,-0.007188,-0.0632,-0.099795,-0.008775,-0.069216,-0.146007,-0.012627,-0.083118,-0.1743,-0.013768,-0.033445,-0.137494,0.008226,-0.043739,-0.169007,-0.009476,-0.045675,-0.126228,-0.017074,-0.040861,-0.111538,-0.019404,-0.006661,-0.133726,0.003231,-0.01714,-0.161787,-0.013197,-0.022729,-0.113979,-0.013156,-0.01461,-0.106647,-0.00848,0.021104,-0.122252,-0.005814,0.009712,-0.150796,-0.02254,0.00176,-0.105487,-0.011739,0.008169,-0.096561,-0.000128,0.048796,-0.105671,-0.016158,0.036587,-0.130295,-0.023362,0.02703,-0.100575,-0.012968,0.0314,-0.090162,-0.002857,A
0.0,0.0,0.0,-0.045236,-0.039989,-0.005975,-0.064826,-0.102282,-0.006797,-0.070822,-0.148336,-0.009903,-0.084588,-0.175337,-0.010496,-0.038027,-0.136516,0.007936,-0.046215,-0.169567,-0.009164,-0.047727,-0.127899,-0.016368,-0.04294,-0.111612,-0.018367,-0.010321,-0.13296,0.002788,-0.019006,-0.162775,-0.012906,-0.024599,-0.116253,-0.012529,-0.016572,-0.107199,-0.007734,0.018195,-0.121898,-0.006164,0.008408,-0.152298,-0.021784,0.000595,-0.108754,-0.010971,0.007047,-0.098853,0.000432,0.046617,-0.105798,-0.016332,0.035632,-0.131711,-0.022654,0.025726,-0.102899,-0.012251,0.029233,-0.091465,-0.002385,A
0.0,0.0,0.0,-0.046328,-0.038253,-0.006884,-0.068689,-0.098474,-0.008038,-0.075415,-0.145053,-0.011408,-0.08921,-0.172607,-0.01206,-0.043032,-0.133551,0.008137,-0.052758,-0.164472,-0.00911,-0.051286,-0.124827,-0.016574,-0.045881,-0.112085,-0.019021,-0.014714,-0.131452,0.00329,-0.024428,-0.157845,-0.012753,-0.027302,-0.112644,-0.012742,-0.02003,-0.107642,-0.008559,0.01429,-0.122387,-0.005542,0.004066,-0.149053,-0.021916,-0.001857,-0.105208,-0.010943,0.004282,-0.097682,0.000502,0.042892,-0.108784,-0.015765,0.032508,-0.131276,-0.022557,0.023764,-0.10131,-0.012173,0.027619,-0.091274,-0.002397,A
0.0,0.0,0.0,-0.046752,-0.036581,-0.00726,-0.070115,-0.096334,-0.008542,-0.076829,-0.143635,-0.011871,-0.090322,-0.171975,-0.012411,-0.044765,-0.131077,0.007091,-0.054521,-0.163427,-0.010236,-0.052772,-0.122441,-0.017372,-0.047585,-0.10915,-0.019509,-0.015898,-0.129277,0.002362,-0.025576,-0.156887,-0.013547,-0.028598,-0.110946,-0.013169,-0.021441,-0.105449,-0.008685,0.013257,-0.120377,-0.006347,0.003254,-0.148442,-0.02261,-0.002576,-0.104107,-0.011346,0.003388,-0.096132,0.000359,0.041935,-0.106956,-0.016452,0.031283,-0.129733,-0.023228,0.022814,-0.099595,-0.012688,0.02625,-0.089513,-0.002718,A
0.0,0.0,0.0,-0.04932,-0.035093,-0.007194,-0.074836,-0.096248,-0.007968,-0.083461,-0.144184,-0.010794,-0.099489,-0.168975,-0.010861,-0.048809,-0.1319,0.006948,-0.059829,-0.159981,-0.010479,-0.056604,-0.116365,-0.017615,-0.050618,-0.104912,-0.019834,-0.019428,-0.130626,0.002057,-0.030633,-0.154508,-0.014441,-0.032838,-0.107251,-0.013932,-0.025299,-0.102461,-0.009243,0.010146,-0.122167,-0.006828,-0.001269,-0.147335,-0.024391,-0.007168,-0.101362,-0.013484,-0.001032,-0.093359,-0.001666,0.039077,-0.109195,-0.016993,0.028468,-0.131438,-0.024829,0.019364,-0.099611,-0.014597,0.022619,-0.088482,-0.004572,A
0.0,0.0,0.0,-0.047395,-0.033519,-0.006773,-0.074045,-0.093296,-0.007459,-0.083141,-0.141238,-0.010148,-0.098236,-0.166659,-0.010052,-0.047794,-0.128876,0.00634,-0.059631,-0.158555,-0.010952,-0.05625,-0.115765,-0.017824,-0.050189,-0.102815,-0.019799,-0.018393,-0.128148,0.001296,-0.030085,-0.152468,-0.014676,-0.031552,-0.10558,-0.013825,-0.024139,-0.10034,-0.009084,0.010971,-0.120212,-0.00767,-0.000344,-0.145677,-0.024969,-0.004864,-0.100203,-0.013991,0.001332,-0.092317,-0.002226,0.03999,-0.107625,-0.017836,0.029157,-0.130051,-0.025693,0.020896,-0.097927,-0.015417,0.023705,-0.086817,-0.005397,A
0.0,0.0,0.0,-0.04844,-0.035604,-0.007076,-0.075579,-0.09508,-0.007927,-0.086397,-0.140642,-0.011028,-0.103604,-0.16434,-0.011417,-0.047797,-0.13047,0.007604,-0.061846,-0.156492,-0.009398,-0.055278,-0.114405,-0.016507,-0.048536,-0.104633,-0.018972,-0.018385,-0.131455,0.002591,-0.031839,-0.150757,-0.013205,-0.029779,-0.104187,-0.012911,-0.022316,-0.102598,-0.008864,0.011804,-0.124658,-0.006411,-0.001112,-0.147261,-0.02378,-0.003726,-0.101406,-0.012899,0.002133,-0.096342,-0.001455,0.041146,-0.112653,-0.016653,0.030431,-0.133864,-0.024752,0.022161,-0.101684,-0.014538,0.024555,-0.092045,-0.004645,A
0.0,0.0,0.0,-0.048043,-0.038214,-0.007484,-0.074147,-0.098138,-0.008734,-0.086379,-0.143253,-0.011884,-0.104771,-0.16523,-0.012157,-0.045053,-0.132818,0.00649,-0.059714,-0.156359,-0.009359,-0.053402,-0.111531,-0.015825,-0.04691,-0.103713,-0.018427,-0.015876,-0.132988,0.00209,-0.031087,-0.150265,-0.013113,-0.02943,-0.101614,-0.012225,-0.021558,-0.101224,-0.008115,0.013791,-0.125559,-0.00612,-0.000487,-0.14691,-0.022611,-0.002827,-0.100488,-0.011218,0.004496,-0.096534,0.000278,0.042111,-0.11313,-0.015575,0.030116,-0.133144,-0.022665,0.021857,-0.100956,-0.012114,0.025377,-0.092037,-0.002227,A
0.0,0.0,0.0,-0.051989,-0.032963,-0.00793,-0.081434,-0.090442,-0.009206,-0.095478,-0.134197,-0.012193,-0.114096,-0.155148,-0.01223,-0.055567,-0.12962,0.006605,-0.069953,-0.149268,-0.009181,-0.062699,-0.106116,-0.015824,-0.056086,-0.1025,-0.018827,-0.026071,-0.131244,0.002207,-0.040958,-0.145995,-0.013331,-0.038178,-0.09873,-0.012701,-0.031331,-0.100572,-0.008821,0.004029,-0.12631,-0.006087,-0.010948,-0.143575,-0.022696,-0.012335,-0.096944,-0.011491,-0.006401,-0.094557,-0.00038,0.032853,-0.116665,-0.015747,0.020566,-0.131825,-0.02286,0.014121,-0.099387,-0.01279,0.017913,-0.092637,-0.003504,A
0.0,0.0,0.0,-0.051538,-0.028311,-0.008471,-0.082924,-0.085902,-0.00962,-0.097405,-0.131436,-0.012511,-0.115821,-0.153098,-0.012395,-0.057879,-0.122485,0.005741,-0.072103,-0.14736,-0.011746,-0.063958,-0.104872,-0.018484,-0.0575,-0.096639,-0.020704,-0.02812,-0.125459,0.001448,-0.042056,-0.143557,-0.01513,-0.038823,-0.095403,-0.014167,-0.032642,-0.09466,-0.009571,0.00215,-0.121153,-0.007017,-0.011495,-0.141559,-0.025084,-0.011944,-0.094267,-0.013675,-0.006481,-0.090028,-0.001772,0.031629,-0.111993,-0.016837,0.020716,-0.129638,-0.02504,0.014914,-0.09614,-0.015008,0.017738,-0.087417,-0.005395,A
0.0,0.0,0.0,-0.051952,-0.026628,-0.008751,-0.086051,-0.08156,-0.009668,-0.103081,-0.124508,-0.011936,-0.121783,-0.143555,-0.010774,-0.061314,-0.122448,0.004311,-0.077208,-0.141283,-0.012622,-0.066568,-0.098337,-0.018755,-0.059617,-0.096898,-0.021084,-0.031394,-0.125508,0.000429,-0.047395,-0.140121,-0.016833,-0.042369,-0.092524,-0.015678,-0.035951,-0.096364,-0.010907,-0.001466,-0.122306,-0.007435,-0.017329,-0.139254,-0.025905,-0.016932,-0.092128,-0.014426,-0.010708,-0.091448,-0.002373,0.027674,-0.115304,-0.016655,0.015559,-0.132216,-0.025329,0.009546,-0.098788,-0.015755,0.012929,-0.091239,-0.006297,A
0.0,0.0,0.0,-0.053229,-0.024459,-0.005284,-0.089122,-0.073094,-0.005746,-0.108614,-0.110999,-0.008373,-0.12833,-0.130229,-0.00826,-0.064622,-0.123881,0.008699,-0.085643,-0.129553,-0.006521,-0.071095,-0.091901,-0.013626,-0.060862,-0.094768,-0.017412,-0.036535,-0.131831,0.003199,-0.05899,-0.131872,-0.013026,-0.04701,-0.089636,-0.013064,-0.037162,-0.094965,-0.009682,-0.007729,-0.132105,-0.005821,-0.029861,-0.131671,-0.02179,-0.022269,-0.088614,-0.010556,-0.014642,-0.090558,0.000217,0.019866,-0.126372,-0.016132,0.002588,-0.128166,-0.022221,0.002008,-0.096821,-0.012159,0.007812,-0.095475,-0.003119,A
0.0,0.0,0.0,-0.051261,-0.022895,-0.005615,-0.088501,-0.071381,-0.006187,-0.108493,-0.109193,-0.00902,-0.127421,-0.129481,-0.009148,-0.063283,-0.120448,0.007549,-0.085607,-0.129435,-0.008699,-0.071071,-0.091818,-0.015837,-0.060402,-0.092337,-0.019129,-0.035921,-0.127918,0.001991,-0.058816,-0.131453,-0.014817,-0.047303,-0.088935,-0.014702,-0.037189,-0.093404,-0.01093,-0.007393,-0.128175,-0.007178,-0.029323,-0.131867,-0.02398,-0.022207,-0.088414,-0.012635,-0.01428,-0.089523,-0.001382,0.020566,-0.122962,-0.017607,0.003846,-0.128827,-0.024302,0.002736,-0.09684,-0.014017,0.00832,-0.093809,-0.004558,A
0.0,0.0,0.0,-0.056547,-0.021088,-0.00464,-0.094626,-0.068959,-0.006808,-0.115485,-0.103923,-0.010357,-0.139092,-0.120311,-0.010688,-0.071872,-0.133971,0.005192,-0.09482,-0.124254,-0.011067,-0.076169,-0.084075,-0.021337,-0.066292,-0.091939,-0.028779,-0.043205,-0.14536,-0.000739,-0.070188,-0.129048,-0.017707,-0.053531,-0.084973,-0.019155,-0.043089,-0.095072,-0.017968,-0.013982,-0.143985,-0.009557,-0.040961,-0.129995,-0.023128,-0.029823,-0.085615,-0.010526,-0.020392,-0.092264,-0.000891,0.011933,-0.135843,-0.019866,-0.008637,-0.118207,-0.025752,-0.006872,-0.086527,-0.016702,0.001347,-0.093615,-0.0093,A
0.0,0.0,0.0,-0.056957,-0.021314,-0.005006,-0.095309,-0.069877,-0.006853,-0.116313,-0.104347,-0.010338,-0.139567,-0.121996,-0.010548,-0.072899,-0.136513,0.006893,-0.095966,-0.12368,-0.009613,-0.077138,-0.084896,-0.01988,-0.067288,-0.093369,-0.02715,-0.04473,-0.148967,0.000605,-0.071341,-0.127774,-0.016609,-0.054218,-0.084847,-0.017946,-0.043901,-0.096327,-0.016499,-0.015725,-0.147723,-0.008948,-0.042613,-0.128781,-0.023909,-0.030953,-0.085606,-0.011702,-0.021859,-0.093152,-0.001813,0.010054,-0.138698,-0.020096,-0.009977,-0.118846,-0.027563,-0.008305,-0.088001,-0.019168,-0.001128,-0.094432,-0.011771,A
0.0,0.0,0.0,-0.056982,-0.020813,-0.005707,-0.095831,-0.070015,-0.007586,-0.117173,-0.104892,-0.010924,-0.140543,-0.121658,-0.010965,-0.071483,-0.138711,0.006177,-0.096024,-0.12589,-0.010401,-0.077271,-0.08549,-0.020498,-0.066444,-0.091844,-0.027506,-0.043496,-0.150681,0.000124,-0.071056,-0.128241,-0.017149,-0.05427,-0.084267,-0.018343,-0.043027,-0.094897,-0.016659,-0.014565,-0.148495,-0.009281,-0.041974,-0.128269,-0.024521,-0.031128,-0.084708,-0.012622,-0.021104,-0.092172,-0.002764,0.011418,-0.138461,-0.020301,-0.009854,-0.118961,-0.028226,-0.008434,-0.087699,-0.020048,-0.00035,-0.093361,-0.012607,A
0.0,0.0,0.0,-0.056356,-0.021219,-0.007318,-0.094927,-0.066441,-0.011022,-0.117304,-0.100461,-0.016315,-0.140348,-0.120109,-0.018253,-0.062365,-0.145831,0.008305,-0.092592,-0.124857,-0.010081,-0.075781,-0.090709,-0.02211,-0.06064,-0.097369,-0.029352,-0.037889,-0.154192,0.00174,-0.069257,-0.123839,-0.016044,-0.05444,-0.087317,-0.0192,-0.040383,-0.097178,-0.018323,-0.012446,-0.149476,-0.008768,-0.043621,-0.122059,-0.026391,-0.034177,-0.083263,-0.017474,-0.022064,-0.090692,-0.008357,0.0122,-0.135842,-0.021075,-0.014027,-0.11448,-0.030624,-0.013586,-0.084103,-0.023376,-0.004386,-0.086264,-0.015501,A
0.0,0.0,0.0,-0.05736,-0.023323,-0.007318,-0.09787,-0.07158,-0.010871,-0.121198,-0.104562,-0.015698,-0.14586,-0.122169,-0.017078,-0.067368,-0.148163,0.006649,-0.096283,-0.126476,-0.011806,-0.078834,-0.090926,-0.024602,-0.064595,-0.099406,-0.033061,-0.040274,-0.157967,0.000574,-0.071074,-0.12749,-0.016465,-0.055971,-0.087586,-0.019091,-0.043061,-0.098224,-0.01871,-0.01303,-0.152681,-0.009288,-0.043619,-0.124884,-0.025137,-0.034234,-0.084067,-0.014902,-0.022902,-0.091322,-0.006051,0.011671,-0.138557,-0.021072,-0.012209,-0.115076,-0.029488,-0.012383,-0.085756,-0.022207,-0.004244,-0.090357,-0.01518,A
0.0,0.0,0.0,-0.055969,-0.024785,-0.008069,-0.095619,-0.072174,-0.013192,-0.119977,-0.106279,-0.019621,-0.145267,-0.126273,-0.022621,-0.06088,-0.156545,0.006279,-0.095992,-0.129626,-0.01422,-0.079277,-0.095567,-0.028845,-0.062915,-0.100859,-0.037823,-0.036923,-0.164106,8.5e-05,-0.073693,-0.125734,-0.018825,-0.057924,-0.091294,-0.023315,-0.04246,-0.100661,-0.023943,-0.01262,-0.157193,-0.010031,-0.04898,-0.12229,-0.027592,-0.038178,-0.087034,-0.019368,-0.024796,-0.093081,-0.011276,0.009564,-0.140539,-0.022203,-0.02063,-0.113055,-0.032802,-0.017178,-0.086048,-0.027057,-0.005794,-0.089339,-0.020136,A
0.0,0.0,0.0,-0.054742,-0.02351,-0.00905,-0.096,-0.070605,-0.014265,-0.120295,-0.10398,-0.020458,-0.144383,-0.123998,-0.023041,-0.061558,-0.155504,0.005665,-0.095957,-0.129188,-0.014796,-0.080359,-0.094275,-0.029042,-0.065304,-0.098831,-0.037594,-0.038054,-0.162825,0.000113,-0.073825,-0.125465,-0.018649,-0.059207,-0.088843,-0.022616,-0.045283,-0.0966,-0.022677,-0.014222,-0.156046,-0.009507,-0.048661,-0.120182,-0.027439,-0.037974,-0.084026,-0.019121,-0.02528,-0.08961,-0.010704,0.007644,-0.140359,-0.021208,-0.020861,-0.113021,-0.031577,-0.0173,-0.085408,-0.025336,-0.006706,-0.087885,-0.018022,A
0.0,0.0,0.0,-0.052165,-0.027619,-0.00717,-0.088352,-0.079326,-0.01091,-0.110115,-0.11419,-0.016215,-0.134408,-0.132382,-0.018367,-0.049861,-0.158719,0.00749,-0.088772,-0.136628,-0.011877,-0.075578,-0.100619,-0.025449,-0.058811,-0.10037,-0.0336,-0.026378,-0.163052,0.001264,-0.068011,-0.12855,-0.016679,-0.055333,-0.09308,-0.020861,-0.039162,-0.098512,-0.021236,-0.003877,-0.152464,-0.008863,-0.044158,-0.120333,-0.02618,-0.035539,-0.086007,-0.019295,-0.020686,-0.089815,-0.011918,0.016018,-0.132927,-0.020835,-0.017295,-0.109438,-0.032046,-0.014769,-0.084426,-0.027617,-0.002207,-0.085224,-0.021531,A
0.0,0.0,0.0,-0.053539,-0.025175,-0.008526,-0.090427,-0.077614,-0.012901,-0.112095,-0.113027,-0.018354,-0.136149,-0.130565,-0.020127,-0.053718,-0.158058,0.006084,-0.091776,-0.135849,-0.014101,-0.077203,-0.097953,-0.028522,-0.0604,-0.099287,-0.037477,-0.030015,-0.163545,0.000491,-0.070425,-0.127182,-0.01755,-0.056674,-0.088692,-0.021055,-0.041278,-0.096201,-0.021066,-0.007423,-0.152469,-0.009242,-0.04597,-0.118977,-0.025973,-0.036959,-0.082844,-0.017751,-0.022843,-0.088926,-0.009881,0.012344,-0.132539,-0.021125,-0.018457,-0.106893,-0.031604,-0.016579,-0.081616,-0.026521,-0.005752,-0.084444,-0.020293,A
0.0,0.0,0.0,-0.051913,-0.026464,-0.009432,-0.085524,-0.079288,-0.013973,-0.105304,-0.117003,-0.019518,-0.127462,-0.141255,-0.021427,-0.044021,-0.158823,0.005241,-0.084292,-0.14217,-0.014188,-0.071657,-0.104328,-0.026739,-0.055503,-0.105847,-0.034292,-0.021884,-0.162086,0.00018,-0.064203,-0.133627,-0.018466,-0.05249,-0.095438,-0.021921,-0.037393,-0.102049,-0.021629,-0.00097,-0.151003,-0.008897,-0.041806,-0.124856,-0.027468,-0.033575,-0.087309,-0.019647,-0.019055,-0.092239,-0.011462,0.01701,-0.13146,-0.019933,-0.015819,-0.110307,-0.032442,-0.013652,-0.083649,-0.027829,-0.00132,-0.085472,-0.02137,A
0.0,0.0,0.0,-0.050146,-0.031936,-0.008341,-0.082461,-0.085027,-0.012172,-0.101268,-0.122747,-0.017443,-0.122307,-0.146585,-0.019364,-0.035392,-0.155531,0.007953,-0.077159,-0.144401,-0.01114,-0.067006,-0.108653,-0.023743,-0.050824,-0.106741,-0.030821,-0.015193,-0.156353,0.002934,-0.057657,-0.134452,-0.014912,-0.048347,-0.098384,-0.018546,-0.033318,-0.101179,-0.018329,0.003663,-0.145345,-0.006211,-0.036856,-0.126498,-0.024396,-0.030867,-0.089527,-0.017503,-0.016537,-0.089914,-0.009686,0.020578,-0.126106,-0.017217,-0.011821,-0.112673,-0.029181,-0.012542,-0.084315,-0.024661,-0.002012,-0.080539,-0.01824,A
0.0,0.0,0.0,-0.049236,-0.031488,-0.009938,-0.080061,-0.084254,-0.01464,-0.0992,-0.12171,-0.020374,-0.120699,-0.144489,-0.022545,-0.033676,-0.155823,0.008124,-0.075377,-0.14166,-0.011224,-0.064768,-0.105872,-0.02476,-0.048168,-0.105255,-0.032717,-0.013124,-0.157316,0.003585,-0.056357,-0.132831,-0.014418,-0.047177,-0.095433,-0.018732,-0.031675,-0.099351,-0.018977,0.005939,-0.145431,-0.005291,-0.035286,-0.124625,-0.023916,-0.030524,-0.087285,-0.01731,-0.016285,-0.088864,-0.00956,0.02272,-0.125006,-0.016175,-0.010112,-0.112517,-0.028329,-0.011948,-0.084608,-0.02372,-0.001392,-0.081517,-0.017157,A
0.0,0.0,0.0,-0.046289,-0.033702,-0.007243,-0.073719,-0.089383,-0.009782,-0.089123,-0.128253,-0.013995,-0.10884,-0.151615,-0.015065,-0.026911,-0.156393,0.010008,-0.067406,-0.148747,-0.008722,-0.058779,-0.111379,-0.021278,-0.042434,-0.107068,-0.028389,-0.006891,-0.156119,0.00465,-0.04928,-0.140671,-0.01314,-0.042374,-0.101362,-0.016711,-0.027406,-0.100691,-0.016173,0.011438,-0.144953,-0.004819,-0.0289,-0.131298,-0.022847,-0.024995,-0.092219,-0.015801,-0.010658,-0.089162,-0.007677,0.027968,-0.125423,-0.0161,-0.004159,-0.116577,-0.027769,-0.006874,-0.087519,-0.023027,0.002986,-0.080988,-0.016327,A
0.0,0.0,0.0,-0.046971,-0.034567,-0.007878,-0.074222,-0.090577,-0.010757,-0.089694,-0.129239,-0.015166,-0.108881,-0.153485,-0.016246,-0.025385,-0.154998,0.010782,-0.066442,-0.146659,-0.007845,-0.057352,-0.109342,-0.021094,-0.040212,-0.10516,-0.028807,-0.005468,-0.15517,0.005733,-0.048312,-0.139407,-0.011565,-0.041137,-0.099919,-0.01545,-0.024622,-0.100082,-0.015346,0.012832,-0.144021,-0.003559,-0.027633,-0.131095,-0.02134,-0.024929,-0.092254,-0.014547,-0.009903,-0.089097,-0.006675,0.028851,-0.124313,-0.014804,-0.003095,-0.117264,-0.02633,-0.007887,-0.088308,-0.02159,0.00167,-0.080663,-0.014902,A
0.0,0.0,0.0,-0.0445,-0.040759,-0.005186,-0.068946,-0.097996,-0.007149,-0.082886,-0.135898,-0.011242,-0.101757,-0.160777,-0.01274,-0.020585,-0.156328,0.012037,-0.060513,-0.15307,-0.006413,-0.05522,-0.114167,-0.019246,-0.039892,-0.104486,-0.026493,0.00073,-0.154552,0.006063,-0.043965,-0.144147,-0.011452,-0.040021,-0.103413,-0.015689,-0.024953,-0.097894,-0.015679,0.019201,-0.142952,-0.003812,-0.024714,-0.134258,-0.021776,-0.022616,-0.094051,-0.015547,-0.008255,-0.086876,-0.007967,0.034735,-0.123187,-0.01515,-0.002377,-0.118113,-0.027439,-0.005745,-0.087731,-0.023053,0.004861,-0.078301,-0.016519,A
0.0,0.0,0.0,-0.045052,-0.040714,-0.006943,-0.069549,-0.098807,-0.010085,-0.083484,-0.137976,-0.014875,-0.102774,-0.163368,-0.016761,-0.017724,-0.158862,0.011506,-0.059931,-0.153914,-0.007053,-0.0548,-0.114482,-0.020746,-0.038756,-0.104758,-0.028763,0.003217,-0.157876,0.006182,-0.044233,-0.144834,-0.011691,-0.039605,-0.102636,-0.016531,-0.023204,-0.096924,-0.016814,0.020928,-0.14616,-0.003146,-0.025417,-0.134299,-0.021036,-0.022956,-0.093512,-0.014904,-0.00761,-0.086424,-0.007354,0.035359,-0.126025,-0.014239,-0.003664,-0.118229,-0.026482,-0.006772,-0.087155,-0.022177,0.004741,-0.077552,-0.015555,A
0.0,0.0,0.0,-0.040786,-0.042734,-0.005789,-0.061303,-0.102791,-0.008179,-0.074273,-0.142475,-0.012637,-0.092714,-0.167663,-0.014117,-0.010243,-0.16147,0.011578,-0.053239,-0.158435,-0.006512,-0.049297,-0.120063,-0.019335,-0.033424,-0.112307,-0.026915,0.010718,-0.15881,0.005426,-0.037562,-0.147225,-0.011124,-0.034198,-0.107264,-0.014777,-0.018199,-0.104298,-0.014718,0.028525,-0.144573,-0.00471,-0.018327,-0.133663,-0.021279,-0.017617,-0.095475,-0.014485,-0.003424,-0.090976,-0.006973,0.042642,-0.12177,-0.016665,0.004401,-0.116331,-0.027122,-0.000925,-0.089061,-0.022273,0.008361,-0.081183,-0.015796,A
0.0,0.0,0.0,-0.041649,-0.045061,-0.006597,-0.062611,-0.104363,-0.010123,-0.07604,-0.144064,-0.015484,-0.095111,-0.169195,-0.017705,-0.010515,-0.163659,0.011622,-0.053191,-0.159734,-0.006878,-0.04954,-0.121662,-0.020629,-0.033513,-0.114158,-0.028813,0.010861,-0.16095,0.00564,-0.03689,-0.147759,-0.010949,-0.033246,-0.108226,-0.015035,-0.016681,-0.105859,-0.015258,0.028806,-0.145824,-0.004434,-0.017603,-0.133983,-0.020867,-0.017214,-0.096414,-0.014088,-0.002695,-0.092489,-0.006582,0.042509,-0.122073,-0.016437,0.0044,-0.118001,-0.026486,-0.001141,-0.090874,-0.021132,0.008514,-0.082938,-0.014225,A
0.0,0.0,0.0,-0.041643,-0.045696,-0.006668,-0.06264,-0.105478,-0.010351,-0.076247,-0.145488,-0.015928,-0.095565,-0.17017,-0.018375,-0.010273,-0.165143,0.011659,-0.053329,-0.160852,-0.006907,-0.049821,-0.123157,-0.020687,-0.033894,-0.115865,-0.028812,0.010861,-0.161807,0.005639,-0.037001,-0.148529,-0.011005,-0.033481,-0.109513,-0.015119,-0.016952,-0.107202,-0.015325,0.028759,-0.146163,-0.0045,-0.017594,-0.134446,-0.02103,-0.017383,-0.097356,-0.014366,-0.002901,-0.09336,-0.006854,0.042617,-0.122081,-0.01657,0.00458,-0.118761,-0.026452,-0.001112,-0.092079,-0.020988,0.008569,-0.084054,-0.013994,A
0.0,0.0,0.0,-0.039439,-0.049225,-0.003952,-0.056594,-0.109049,-0.006089,-0.067499,-0.148983,-0.01102,-0.085489,-0.176749,-0.013428,-0.00205,-0.163118,0.014121,-0.045133,-0.167522,-0.003428,-0.046866,-0.128574,-0.016089,-0.033905,-0.114448,-0.023334,0.019004,-0.157725,0.007027,-0.029856,-0.154559,-0.008892,-0.03209,-0.113757,-0.013056,-0.017343,-0.105082,-0.013352,0.036059,-0.141741,-0.003912,-0.011264,-0.139912,-0.020382,-0.015976,-0.101932,-0.014433,-0.003023,-0.092875,-0.007291,0.048791,-0.117729,-0.016332,0.010426,-0.121717,-0.026679,0.001368,-0.095482,-0.021594,0.00955,-0.083786,-0.014788,A
0.0,0.0,0.0,-0.040834,-0.048983,-0.004819,-0.058533,-0.107711,-0.007866,-0.069042,-0.148706,-0.013348,-0.086384,-0.177379,-0.016111,-0.005463,-0.162445,0.014298,-0.046941,-0.16668,-0.003298,-0.04815,-0.127757,-0.016448,-0.035957,-0.113606,-0.024091,0.015327,-0.158173,0.00779,-0.031572,-0.155789,-0.008338,-0.032953,-0.114034,-0.012598,-0.018785,-0.104519,-0.012796,0.032749,-0.143361,-0.002684,-0.012741,-0.140648,-0.018887,-0.016569,-0.101861,-0.012736,-0.00426,-0.092168,-0.005529,0.046185,-0.120415,-0.014781,0.007818,-0.123445,-0.024556,-0.000236,-0.095754,-0.019175,0.008258,-0.084444,-0.012277,A
0.0,0.0,0.0,-0.036619,-0.048204,-0.001298,-0.053637,-0.10932,-0.002184,-0.060966,-0.151068,-0.00639,-0.076502,-0.179492,-0.008807,-0.008489,-0.153992,0.015046,-0.038371,-0.163558,-0.002459,-0.042479,-0.129399,-0.014894,-0.037623,-0.116691,-0.0219,0.012535,-0.148996,0.006965,-0.024519,-0.155006,-0.009686,-0.027031,-0.114539,-0.013732,-0.016385,-0.104201,-0.013426,0.032282,-0.135869,-0.004774,-0.00617,-0.142554,-0.022458,-0.009256,-0.10262,-0.016311,0.001333,-0.091578,-0.00858,0.049614,-0.114558,-0.017471,0.015201,-0.125623,-0.028564,0.008505,-0.09647,-0.022686,0.017156,-0.083758,-0.015395,A
0.0,0.0,0.0,-0.039605,-0.044151,-0.004442,-0.056985,-0.107994,-0.005737,-0.062937,-0.150604,-0.009578,-0.076152,-0.179713,-0.011257,-0.023525,-0.145589,0.00991,-0.04525,-0.163933,-0.009756,-0.042402,-0.125388,-0.021803,-0.032754,-0.108568,-0.027126,-0.001128,-0.13964,0.003721,-0.025082,-0.156345,-0.016214,-0.024821,-0.112915,-0.020491,-0.014707,-0.096974,-0.018555,0.021727,-0.127589,-0.006149,-0.002592,-0.144061,-0.025191,-0.004166,-0.103994,-0.018886,0.004794,-0.08739,-0.009783,0.043528,-0.109493,-0.017098,0.022539,-0.12675,-0.027839,0.017617,-0.099294,-0.021472,0.024765,-0.084138,-0.013236,A
0.0,0.0,0.0,-0.039054,-0.042418,-0.005097,-0.057114,-0.105215,-0.005862,-0.063451,-0.148802,-0.009315,-0.075971,-0.179784,-0.010615,-0.024924,-0.146663,0.01293,-0.042787,-0.165292,-0.00693,-0.0391,-0.128591,-0.02001,-0.031142,-0.106302,-0.025256,-0.001383,-0.140763,0.007469,-0.022475,-0.157758,-0.01307,-0.0201,-0.11533,-0.020102,-0.011598,-0.093173,-0.019292,0.021519,-0.129626,-0.001803,0.001106,-0.145379,-0.021092,0.000911,-0.108252,-0.017491,0.007338,-0.086496,-0.009306,0.042881,-0.112455,-0.012098,0.025964,-0.130095,-0.022428,0.021534,-0.105153,-0.017181,0.025887,-0.087667,-0.009282,A
0.0,0.0,0.0,-0.041958,-0.042041,-0.007485,-0.058579,-0.108696,-0.008943,-0.064879,-0.152322,-0.01256,-0.081061,-0.18027,-0.013918,-0.023937,-0.145429,0.007428,-0.040059,-0.167947,-0.011377,-0.03791,-0.13138,-0.021912,-0.028084,-0.116749,-0.026357,0.000722,-0.138301,0.002349,-0.017388,-0.160134,-0.016469,-0.019348,-0.119542,-0.019818,-0.008871,-0.107379,-0.017476,0.025443,-0.123203,-0.006614,0.007578,-0.14731,-0.024992,0.000467,-0.110823,-0.018092,0.007955,-0.09783,-0.008697,0.049266,-0.103144,-0.016918,0.033685,-0.124631,-0.025861,0.022523,-0.101401,-0.018554,0.025499,-0.088321,-0.010223,A
0.0,0.0,0.0,-0.042197,-0.043472,-0.007275,-0.058927,-0.111442,-0.008295,-0.065869,-0.154881,-0.011269,-0.082552,-0.181697,-0.011738,-0.025563,-0.147689,0.007325,-0.042061,-0.168138,-0.009981,-0.039923,-0.129426,-0.019276,-0.029596,-0.118141,-0.023622,4.7e-05,-0.139793,0.002377,-0.018981,-0.161377,-0.015463,-0.021257,-0.119095,-0.017256,-0.010434,-0.108757,-0.01416,0.024772,-0.123949,-0.006394,0.006119,-0.148175,-0.023049,-1.6e-05,-0.110645,-0.0142,0.007847,-0.099585,-0.004158,0.047556,-0.103818,-0.01665,0.032393,-0.124358,-0.024017,0.02233,-0.102031,-0.015758,0.025565,-0.092071,-0.007302,A
0.0,0.0,0.0,-0.044839,-0.041649,-0.004969,-0.066643,-0.108951,-0.004429,-0.075666,-0.154447,-0.006769,-0.09334,-0.178152,-0.006747,-0.032453,-0.141448,0.012275,-0.047318,-0.170832,-0.003566,-0.047179,-0.129899,-0.011311,-0.039998,-0.114912,-0.01435,-0.007309,-0.137091,0.006538,-0.022149,-0.161002,-0.009305,-0.02544,-0.116538,-0.010356,-0.015452,-0.107779,-0.006901,0.018576,-0.124977,-0.003162,0.004286,-0.151223,-0.019078,-0.003648,-0.10854,-0.009873,0.003752,-0.097872,0.000293,0.043981,-0.107869,-0.01412,0.031258,-0.130456,-0.020845,0.019555,-0.101307,-0.011738,0.023364,-0.088874,-0.002931,A
0.0,0.0,0.0,-0.045584,-0.041801,-0.00422,-0.067672,-0.110357,-0.003287,-0.07699,-0.155452,-0.005153,-0.094446,-0.17904,-0.004612,-0.034524,-0.14296,0.01114,-0.047538,-0.172454,-0.004645,-0.047203,-0.129225,-0.011856,-0.040218,-0.112291,-0.014449,-0.008604,-0.138471,0.005142,-0.022259,-0.162931,-0.010557,-0.025643,-0.115662,-0.0111,-0.016637,-0.105254,-0.007289,0.017817,-0.126309,-0.004575,0.00362,-0.152288,-0.020619,-0.00365,-0.107062,-0.010993,0.002873,-0.094981,-0.000486,0.043646,-0.109656,-0.015352,0.029703,-0.131985,-0.022062,0.01909,-0.101011,-0.012445,0.022512,-0.088051,-0.003273,A
0.0,0.0,0.0,-0.047357,-0.040512,-0.004188,-0.072984,-0.106175,-0.003953,-0.084936,-0.15186,-0.006505,-0.103061,-0.173445,-0.006681,-0.041542,-0.138373,0.010537,-0.052584,-0.172739,-0.005525,-0.051023,-0.129609,-0.013049,-0.045591,-0.113852,-0.016047,-0.01407,-0.136452,0.004613,-0.02596,-0.163781,-0.010394,-0.028449,-0.116202,-0.011041,-0.021327,-0.108708,-0.007766,0.01408,-0.126464,-0.004943,0.001441,-0.157156,-0.020168,-0.004382,-0.110061,-0.009956,0.001491,-0.099745,0.000445,0.041319,-0.111086,-0.015536,0.027735,-0.133117,-0.021955,0.018807,-0.100491,-0.0121,0.023224,-0.088951,-0.003049,A
0.0,0.0,0.0,-0.047962,-0.04109,-0.003938,-0.074145,-0.1062,-0.003657,-0.086797,-0.152068,-0.006449,-0.105558,-0.174146,-0.00707,-0.042288,-0.139322,0.011881,-0.054785,-0.172642,-0.00434,-0.051892,-0.130338,-0.012133,-0.045918,-0.113764,-0.015095,-0.014759,-0.137866,0.005604,-0.027869,-0.164382,-0.009511,-0.029548,-0.116431,-0.010477,-0.022474,-0.107807,-0.007314,0.013592,-0.127927,-0.004365,-0.00025,-0.158035,-0.0207,-0.00559,-0.109792,-0.010819,9.3e-05,-0.097318,-0.000156,0.041238,-0.112222,-0.015246,0.026666,-0.135622,-0.022695,0.017621,-0.101193,-0.012641,0.021578,-0.087098,-0.003039,A
0.0,0.0,0.0,-0.050771,-0.034519,-0.006111,-0.080326,-0.096656,-0.006982,-0.09491,-0.143226,-0.009896,-0.114268,-0.164144,-0.009961,-0.053518,-0.134547,0.006004,-0.065629,-0.168669,-0.010271,-0.059258,-0.1226,-0.017056,-0.052432,-0.111056,-0.019913,-0.025253,-0.13487,0.001072,-0.037179,-0.164445,-0.014409,-0.035917,-0.11328,-0.013873,-0.028907,-0.10885,-0.009984,0.003739,-0.127544,-0.00737,-0.008116,-0.161859,-0.023681,-0.010686,-0.111821,-0.011943,-0.004326,-0.102094,-0.000434,0.03157,-0.115617,-0.016917,0.01984,-0.140491,-0.024489,0.012358,-0.105728,-0.014036,0.016134,-0.093282,-0.004391,A
0.0,0.0,0.0,-0.05006,-0.035505,-0.007169,-0.078626,-0.096807,-0.008509,-0.093763,-0.141438,-0.012058,-0.113276,-0.163326,-0.012958,-0.051553,-0.133279,0.006035,-0.064414,-0.166302,-0.010921,-0.05741,-0.121419,-0.01818,-0.05072,-0.10838,-0.020949,-0.023204,-0.134089,0.001074,-0.036261,-0.162834,-0.015681,-0.034687,-0.112767,-0.016326,-0.027057,-0.107018,-0.012802,0.006219,-0.126837,-0.007475,-0.006924,-0.159727,-0.024846,-0.009942,-0.110624,-0.013757,-0.003759,-0.100423,-0.00218,0.03468,-0.115125,-0.017219,0.02238,-0.139929,-0.024896,0.01436,-0.105674,-0.014089,0.017925,-0.092606,-0.003955,A
0.0,0.0,0.0,-0.047015,-0.027008,-0.009087,-0.079841,-0.08396,-0.011725,-0.098062,-0.130071,-0.016298,-0.118946,-0.152787,-0.018071,-0.055748,-0.129906,0.005844,-0.07085,-0.159536,-0.011367,-0.061703,-0.118329,-0.019321,-0.053331,-0.106826,-0.022736,-0.028081,-0.13286,0.001465,-0.040636,-0.157443,-0.015201,-0.035641,-0.110784,-0.016093,-0.02903,-0.105896,-0.013106,0.000676,-0.12774,-0.006909,-0.011002,-0.156249,-0.024434,-0.010649,-0.111044,-0.014028,-0.005768,-0.102477,-0.003227,0.029269,-0.116985,-0.016668,0.018977,-0.141742,-0.025143,0.014427,-0.109592,-0.01527,0.017368,-0.098016,-0.005873,A
0.0,0.0,0.0,-0.046174,-0.025612,-0.00921,-0.078954,-0.081218,-0.01214,-0.097719,-0.126073,-0.016814,-0.117918,-0.148882,-0.018578,-0.054931,-0.124479,0.003173,-0.069396,-0.157565,-0.014538,-0.060599,-0.115481,-0.022275,-0.052961,-0.101276,-0.025329,-0.027027,-0.127731,-0.001127,-0.040787,-0.156291,-0.018555,-0.036432,-0.107957,-0.019313,-0.0296,-0.100203,-0.015906,0.001757,-0.122621,-0.009174,-0.010894,-0.153747,-0.026881,-0.011817,-0.106915,-0.016359,-0.00724,-0.095974,-0.005201,0.030253,-0.112794,-0.018531,0.019286,-0.136369,-0.02671,0.013724,-0.10506,-0.016947,0.016282,-0.093778,-0.007626,A
0.0,0.0,0.0,-0.048454,-0.023993,-0.01076,-0.082361,-0.078502,-0.014434,-0.103325,-0.123131,-0.019445,-0.125466,-0.144005,-0.02126,-0.064747,-0.121263,0.003382,-0.076913,-0.152762,-0.014509,-0.067083,-0.110363,-0.021756,-0.060896,-0.099441,-0.024392,-0.036333,-0.126697,0.0,-0.047766,-0.153613,-0.017661,-0.041976,-0.103722,-0.018014,-0.037323,-0.100358,-0.014014,-0.006348,-0.124335,-0.007358,-0.017404,-0.153196,-0.02565,-0.015371,-0.105982,-0.014587,-0.010991,-0.099405,-0.00281,0.022373,-0.116661,-0.016135,0.012693,-0.138711,-0.024599,0.010021,-0.105954,-0.014457,0.013644,-0.096574,-0.004657,A
0.0,0.0,0.0,-0.0477,-0.026976,-0.009576,-0.081581,-0.082046,-0.012631,-0.102904,-0.124125,-0.017446,-0.125101,-0.14459,-0.019347,-0.06052,-0.121722,0.003653,-0.074715,-0.154144,-0.014667,-0.065098,-0.113072,-0.022694,-0.058724,-0.098572,-0.0255,-0.032048,-0.126312,-0.000326,-0.046193,-0.155135,-0.017981,-0.040336,-0.106196,-0.018921,-0.03373,-0.099801,-0.015324,-0.002023,-0.12275,-0.008115,-0.015482,-0.153823,-0.026182,-0.014931,-0.10711,-0.015732,-0.009767,-0.097504,-0.00423,0.026718,-0.114487,-0.017163,0.015565,-0.138921,-0.02483,0.010738,-0.107082,-0.014427,0.014347,-0.095725,-0.00452,A
0.0,0.0,0.0,-0.04914,-0.023882,-0.008183,-0.086164,-0.079685,-0.009469,-0.106992,-0.122352,-0.012455,-0.128401,-0.13996,-0.012588,-0.06776,-0.116854,0.006507,-0.077206,-0.151282,-0.011421,-0.065187,-0.109487,-0.019645,-0.059403,-0.092796,-0.022428,-0.039585,-0.123828,0.00229,-0.047327,-0.154886,-0.015627,-0.038835,-0.104902,-0.017422,-0.035596,-0.09491,-0.014061,-0.009628,-0.123125,-0.005644,-0.016123,-0.154903,-0.024321,-0.012275,-0.105671,-0.014241,-0.010772,-0.092698,-0.002646,0.018952,-0.116816,-0.014601,0.013304,-0.142834,-0.022897,0.011837,-0.106388,-0.012081,0.013035,-0.092142,-0.00164,A
0.0,0.0,0.0,-0.048317,-0.024683,-0.009143,-0.08549,-0.080518,-0.010637,-0.10727,-0.122761,-0.013713,-0.128667,-0.141983,-0.013926,-0.066486,-0.119303,0.005617,-0.077933,-0.150303,-0.01184,-0.065009,-0.109616,-0.019457,-0.05897,-0.09561,-0.021993,-0.038112,-0.125531,0.001863,-0.048307,-0.153858,-0.015596,-0.039193,-0.104538,-0.016705,-0.035394,-0.096137,-0.013035,-0.008325,-0.124655,-0.005693,-0.016759,-0.154323,-0.02457,-0.012518,-0.105683,-0.014286,-0.009811,-0.093398,-0.002503,0.020261,-0.118553,-0.014343,0.012913,-0.144795,-0.022912,0.011994,-0.108775,-0.012131,0.014349,-0.094781,-0.001645,A
0.0,0.0,0.0,-0.046448,-0.025869,-0.007069,-0.081718,-0.077108,-0.00781,-0.09729,-0.123145,-0.010563,-0.113973,-0.147846,-0.010801,-0.062226,-0.114974,0.007742,-0.070771,-0.14887,-0.010875,-0.061501,-0.109356,-0.020548,-0.055978,-0.090648,-0.023777,-0.033512,-0.120269,0.002914,-0.040071,-0.151794,-0.015323,-0.033259,-0.105255,-0.018549,-0.030526,-0.089946,-0.015903,-0.004428,-0.119343,-0.005574,-0.010511,-0.151474,-0.024249,-0.007007,-0.105975,-0.0154,-0.005716,-0.088272,-0.004437,0.024565,-0.112484,-0.014954,0.017103,-0.142178,-0.023893,0.016563,-0.106683,-0.013476,0.017725,-0.088769,-0.002919,A
0.0,0.0,0.0,-0.045527,-0.023293,-0.008876,-0.081201,-0.073343,-0.010694,-0.094115,-0.120777,-0.013893,-0.101226,-0.145829,-0.014312,-0.062188,-0.113746,0.004356,-0.070713,-0.146323,-0.014457,-0.061175,-0.106113,-0.023618,-0.057765,-0.089098,-0.026656,-0.033985,-0.119041,0.000408,-0.039834,-0.148707,-0.017638,-0.032432,-0.101558,-0.019705,-0.032272,-0.087618,-0.016481,-0.004698,-0.117969,-0.00728,-0.008912,-0.150717,-0.026997,-0.004613,-0.10392,-0.017808,-0.005199,-0.086485,-0.006523,0.024305,-0.110661,-0.015896,0.019337,-0.140657,-0.0261,0.019043,-0.10391,-0.015977,0.018758,-0.086179,-0.00548,A
0.0,0.0,0.0,-0.045777,-0.020637,-0.008252,-0.074359,-0.074881,-0.00974,-0.083902,-0.123918,-0.012583,-0.098101,-0.152629,-0.012484,-0.053625,-0.114443,0.004045,-0.05737,-0.153616,-0.014655,-0.050834,-0.112102,-0.022654,-0.048804,-0.09285,-0.024583,-0.024921,-0.117426,-0.000303,-0.028341,-0.153315,-0.017406,-0.025096,-0.105374,-0.018823,-0.024059,-0.094796,-0.015316,0.003468,-0.1136,-0.008346,0.000161,-0.149315,-0.026586,0.000828,-0.104834,-0.017278,0.00109,-0.0932,-0.006445,0.031056,-0.10533,-0.017314,0.027722,-0.134043,-0.025464,0.025338,-0.101131,-0.015156,0.025688,-0.087494,-0.00517,A
0.0,0.0,0.0,-0.047128,-0.019724,-0.00951,-0.076688,-0.075662,-0.011592,-0.086001,-0.127947,-0.014665,-0.100921,-0.156526,-0.014828,-0.055023,-0.114986,0.001011,-0.059591,-0.153254,-0.017059,-0.051497,-0.111123,-0.023468,-0.047804,-0.094235,-0.024708,-0.026739,-0.118398,-0.002839,-0.029317,-0.15344,-0.019961,-0.025674,-0.10465,-0.019886,-0.023911,-0.095591,-0.015403,0.001812,-0.115526,-0.010353,-9.2e-05,-0.150708,-0.029394,0.000585,-0.103346,-0.018837,0.001617,-0.09135,-0.007005,0.030088,-0.107898,-0.018886,0.027786,-0.135841,-0.028352,0.025222,-0.100982,-0.018043,0.02599,-0.08714,-0.007809,A
0.0,0.0,0.0,-0.044317,-0.023307,-0.009501,-0.069296,-0.082819,-0.01114,-0.07725,-0.133093,-0.014161,-0.093428,-0.161093,-0.014782,-0.045267,-0.123027,0.005536,-0.04879,-0.158154,-0.01356,-0.045875,-0.115169,-0.022813,-0.041964,-0.093182,-0.025541,-0.017703,-0.123822,0.002015,-0.020924,-0.158263,-0.015525,-0.022422,-0.108033,-0.018023,-0.019091,-0.09485,-0.015087,0.009347,-0.117173,-0.005516,0.007204,-0.153179,-0.024094,0.002237,-0.10598,-0.015685,0.00314,-0.091203,-0.005267,0.035669,-0.106562,-0.014145,0.034293,-0.136584,-0.022904,0.027355,-0.102441,-0.01354,0.026437,-0.087054,-0.004108,A
0.0,0.0,0.0,-0.045728,-0.024241,-0.008507,-0.07205,-0.083936,-0.009554,-0.081357,-0.134208,-0.012218,-0.096511,-0.162406,-0.012302,-0.046438,-0.122403,0.006548,-0.051402,-0.159305,-0.010318,-0.046735,-0.115647,-0.017747,-0.042694,-0.09698,-0.020048,-0.019556,-0.124714,0.002684,-0.023709,-0.159273,-0.013686,-0.023696,-0.108988,-0.015089,-0.020555,-0.097239,-0.011716,0.007298,-0.118908,-0.005036,0.004684,-0.155736,-0.022704,0.000848,-0.107493,-0.013422,0.001682,-0.093354,-0.002673,0.033325,-0.108188,-0.013849,0.031961,-0.137997,-0.022056,0.024866,-0.103578,-0.012506,0.023707,-0.088569,-0.003196,A
0.0,0.0,0.0,-0.043752,-0.023147,-0.011533,-0.069607,-0.081523,-0.014966,-0.078887,-0.13298,-0.019233,-0.095537,-0.161622,-0.020572,-0.049249,-0.123718,0.002482,-0.048105,-0.157942,-0.015527,-0.044682,-0.116343,-0.023048,-0.045247,-0.10272,-0.025727,-0.020899,-0.125516,-0.000655,-0.021008,-0.158626,-0.01843,-0.02143,-0.109102,-0.019783,-0.022824,-0.102138,-0.016404,0.007185,-0.120797,-0.007763,0.007778,-0.154503,-0.026952,0.004395,-0.107524,-0.017307,0.00155,-0.09731,-0.006363,0.033791,-0.111265,-0.016152,0.034019,-0.138361,-0.025534,0.027888,-0.103354,-0.015907,0.024723,-0.0901,-0.006484,A
0.0,0.0,0.0,-0.044056,-0.018735,-0.011181,-0.072168,-0.078232,-0.013834,-0.081965,-0.130943,-0.017261,-0.098437,-0.158108,-0.01772,-0.051425,-0.120432,0.000931,-0.050437,-0.15773,-0.017382,-0.045223,-0.114157,-0.024308,-0.046216,-0.099323,-0.026472,-0.023018,-0.12288,-0.002381,-0.022873,-0.157068,-0.020157,-0.022061,-0.104975,-0.020784,-0.024774,-0.098509,-0.017022,0.00526,-0.118894,-0.009644,0.006621,-0.153969,-0.029429,0.004343,-0.103945,-0.019284,0.000713,-0.093948,-0.008023,0.031819,-0.110552,-0.018098,0.032976,-0.137141,-0.028279,0.027927,-0.100235,-0.018679,0.02447,-0.087339,-0.009286,A
0.0,0.0,0.0,-0.04489,-0.020195,-0.012498,-0.072731,-0.079142,-0.014774,-0.083072,-0.131029,-0.017739,-0.100088,-0.159583,-0.017527,-0.052611,-0.123246,0.005405,-0.052231,-0.157603,-0.010859,-0.047473,-0.115603,-0.017532,-0.047681,-0.10346,-0.020048,-0.024481,-0.127859,0.003112,-0.024877,-0.160207,-0.013569,-0.025111,-0.10929,-0.015195,-0.027606,-0.104369,-0.012118,0.003363,-0.125011,-0.003378,0.003841,-0.158378,-0.022248,0.000894,-0.109422,-0.013312,-0.002092,-0.100136,-0.002858,0.029598,-0.117266,-0.011248,0.030162,-0.142934,-0.02093,0.0244,-0.106579,-0.01187,0.021154,-0.093974,-0.002754,A
0.0,0.0,0.0,-0.044659,-0.019477,-0.012434,-0.072854,-0.077155,-0.014891,-0.083489,-0.129029,-0.018085,-0.100396,-0.157847,-0.018247,-0.053719,-0.120809,0.00465,-0.053647,-0.157328,-0.01274,-0.048216,-0.115121,-0.019941,-0.048786,-0.101647,-0.022406,-0.025649,-0.125845,0.002259,-0.026161,-0.159015,-0.014946,-0.02568,-0.107942,-0.016747,-0.02916,-0.10209,-0.013714,0.002241,-0.123649,-0.004354,0.002424,-0.157987,-0.023769,0.000248,-0.108419,-0.014776,-0.003372,-0.098368,-0.004121,0.028382,-0.116354,-0.01228,0.02821,-0.141972,-0.022255,0.023394,-0.104961,-0.013001,0.020111,-0.091735,-0.003613,A
0.0,0.0,0.0,-0.047184,-0.014835,-0.012297,-0.077874,-0.070926,-0.014086,-0.088702,-0.123109,-0.016336,-0.106258,-0.149614,-0.015197,-0.062715,-0.118833,0.004754,-0.061665,-0.152806,-0.012671,-0.052954,-0.108954,-0.019609,-0.054852,-0.098668,-0.02201,-0.034755,-0.125624,0.002553,-0.034101,-0.154381,-0.015304,-0.029439,-0.102594,-0.017164,-0.034745,-0.100344,-0.014111,-0.006232,-0.12576,-0.003833,-0.005514,-0.155444,-0.024108,-0.00347,-0.104599,-0.014897,-0.008228,-0.09805,-0.004118,0.020423,-0.121482,-0.011487,0.021151,-0.143587,-0.021667,0.019202,-0.104123,-0.01215,0.015936,-0.093085,-0.002598,A
0.0,0.0,0.0,-0.048124,-0.01447,-0.012278,-0.077219,-0.072371,-0.014081,-0.08709,-0.124845,-0.016335,-0.105963,-0.14945,-0.015444,-0.060371,-0.119526,0.004346,-0.060226,-0.153179,-0.012116,-0.052658,-0.110522,-0.018046,-0.053585,-0.098681,-0.019673,-0.03155,-0.125436,0.002337,-0.033353,-0.155117,-0.01409,-0.02983,-0.104025,-0.014858,-0.0323,-0.10065,-0.011166,-0.002721,-0.123994,-0.003793,-0.004932,-0.153153,-0.022756,-0.004172,-0.103511,-0.013186,-0.006511,-0.096272,-0.002332,0.024679,-0.118614,-0.011193,0.02242,-0.142571,-0.019999,0.019143,-0.104356,-0.009929,0.017056,-0.092083,-0.000207,A
0.0,0.0,0.0,-0.04451,-0.014646,-0.008842,-0.075045,-0.068696,-0.009451,-0.086945,-0.118937,-0.011602,-0.104713,-0.145505,-0.011119,-0.059162,-0.115189,0.008198,-0.063211,-0.15,-0.008489,-0.055063,-0.108415,-0.015495,-0.053385,-0.091158,-0.017218,-0.032731,-0.122769,0.004901,-0.036892,-0.152731,-0.011576,-0.031668,-0.102626,-0.013017,-0.032149,-0.092648,-0.009352,-0.00517,-0.123527,-0.002397,-0.009262,-0.154682,-0.021098,-0.007151,-0.105844,-0.012355,-0.008583,-0.093071,-0.001636,0.021785,-0.119118,-0.010671,0.018273,-0.146262,-0.019944,0.015819,-0.108135,-0.010552,0.013674,-0.092126,-0.000925,A
0.0,0.0,0.0,-0.045842,-0.013626,-0.009447,-0.076202,-0.068511,-0.010295,-0.087781,-0.119876,-0.012524,-0.106377,-0.146487,-0.012073,-0.059087,-0.116202,0.007609,-0.063853,-0.15047,-0.00876,-0.056452,-0.109173,-0.015345,-0.054123,-0.092198,-0.016804,-0.032524,-0.123642,0.004633,-0.037492,-0.153148,-0.010961,-0.033112,-0.103415,-0.011846,-0.032457,-0.094584,-0.007961,-0.004993,-0.1245,-0.002375,-0.010517,-0.154724,-0.020569,-0.008929,-0.106036,-0.011481,-0.008921,-0.093551,-0.000615,0.022154,-0.120482,-0.010432,0.016689,-0.147692,-0.019194,0.013869,-0.109923,-0.009366,0.013005,-0.093807,0.000558,A
0.0,0.0,0.0,-0.043239,-0.01587,-0.010214,-0.075072,-0.067424,-0.012941,-0.089476,-0.115059,-0.016895,-0.108152,-0.143004,-0.018183,-0.059871,-0.115952,0.004765,-0.06742,-0.147361,-0.013419,-0.057421,-0.107311,-0.022,-0.051922,-0.08917,-0.024689,-0.033466,-0.122783,0.001627,-0.040563,-0.15147,-0.016185,-0.033265,-0.103095,-0.018465,-0.029883,-0.091666,-0.01526,-0.005954,-0.122719,-0.005396,-0.01132,-0.153251,-0.024094,-0.008584,-0.10669,-0.015198,-0.007502,-0.093243,-0.004412,0.02092,-0.117401,-0.013591,0.016701,-0.143552,-0.022817,0.014558,-0.10763,-0.01337,0.013944,-0.092701,-0.003661,A
0.0,0.0,0.0,-0.043168,-0.014388,-0.010058,-0.074822,-0.067116,-0.012773,-0.088568,-0.115081,-0.016614,-0.107353,-0.142559,-0.017856,-0.059091,-0.11574,0.003501,-0.066735,-0.147424,-0.014646,-0.057114,-0.107331,-0.022888,-0.051103,-0.087916,-0.025153,-0.032308,-0.122156,0.000257,-0.038974,-0.15113,-0.016676,-0.032653,-0.102074,-0.018066,-0.02901,-0.089585,-0.014427,-0.004574,-0.121773,-0.006806,-0.00961,-0.15268,-0.024989,-0.007641,-0.10538,-0.015535,-0.006248,-0.090393,-0.004513,0.022484,-0.116271,-0.014999,0.01793,-0.143421,-0.023989,0.015583,-0.107027,-0.01403,0.015192,-0.090759,-0.00397,A
0.0,0.0,0.0,-0.04437,-0.016574,-0.011064,-0.075383,-0.067581,-0.014272,-0.090164,-0.114795,-0.018644,-0.108621,-0.142017,-0.020128,-0.056865,-0.112326,0.003759,-0.065025,-0.146785,-0.015358,-0.055786,-0.104206,-0.023539,-0.050467,-0.085693,-0.025635,-0.029451,-0.118551,0.001151,-0.037811,-0.150361,-0.017387,-0.031688,-0.098761,-0.018685,-0.02734,-0.089354,-0.01452,-0.00149,-0.118196,-0.005548,-0.008845,-0.152458,-0.025273,-0.00704,-0.102478,-0.01483,-0.004175,-0.090148,-0.002446,0.025152,-0.113063,-0.013481,0.018816,-0.14117,-0.022855,0.016517,-0.105238,-0.012449,0.018381,-0.091369,-0.001814,A
0.0,0.0,0.0,-0.043383,-0.016059,-0.011252,-0.073878,-0.067896,-0.014629,-0.088636,-0.115118,-0.018994,-0.106738,-0.14236,-0.020464,-0.055063,-0.112324,0.002212,-0.064733,-0.146437,-0.015827,-0.055438,-0.103571,-0.02276,-0.049043,-0.086452,-0.024301,-0.027452,-0.11844,-0.000199,-0.036763,-0.150268,-0.018197,-0.031297,-0.098288,-0.018879,-0.026115,-0.088638,-0.014408,0.000449,-0.117965,-0.006486,-0.00777,-0.151405,-0.025896,-0.006363,-0.100983,-0.015339,-0.002656,-0.088231,-0.003001,0.027032,-0.11299,-0.01395,0.020636,-0.140995,-0.023357,0.018188,-0.104695,-0.01308,0.020412,-0.090442,-0.002624,A
0.0,0.0,0.0,-0.046179,-0.014858,-0.012228,-0.077727,-0.068721,-0.015241,-0.09283,-0.117399,-0.019048,-0.111387,-0.143148,-0.019768,-0.05682,-0.11251,0.002666,-0.065245,-0.146047,-0.01549,-0.055447,-0.102337,-0.022766,-0.050117,-0.087541,-0.024913,-0.028966,-0.11859,0.000639,-0.036725,-0.148909,-0.017673,-0.03104,-0.09697,-0.018504,-0.026884,-0.089657,-0.014275,-0.000944,-0.117748,-0.005533,-0.007286,-0.150573,-0.025042,-0.005703,-0.100012,-0.014556,-0.002777,-0.089478,-0.00251,0.025614,-0.112686,-0.013109,0.021711,-0.136622,-0.022577,0.018941,-0.10066,-0.012982,0.020348,-0.08932,-0.003268,A
0.0,0.0,0.0,-0.044723,-0.015111,-0.011706,-0.076378,-0.068853,-0.014622,-0.09139,-0.117146,-0.018362,-0.109269,-0.14325,-0.019036,-0.056397,-0.112937,0.001569,-0.065818,-0.146365,-0.01643,-0.055427,-0.103052,-0.023198,-0.049843,-0.088576,-0.02499,-0.028341,-0.118222,-0.000905,-0.036763,-0.148817,-0.019268,-0.030614,-0.096885,-0.019729,-0.026457,-0.088962,-0.015177,-4.3e-05,-0.116828,-0.007348,-0.006917,-0.149115,-0.02716,-0.005015,-0.098435,-0.016417,-0.002017,-0.087276,-0.004016,0.027151,-0.111151,-0.015075,0.022354,-0.136857,-0.02491,0.019824,-0.10046,-0.014948,0.021461,-0.087543,-0.004794,A
0.0,0.0,0.0,-0.044321,-0.012694,-0.011142,-0.077078,-0.067011,-0.01397,-0.090648,-0.117028,-0.017277,-0.108996,-0.142899,-0.017608,-0.059315,-0.111478,-0.000234,-0.067128,-0.14796,-0.017852,-0.056897,-0.107099,-0.024353,-0.052043,-0.088459,-0.025724,-0.02963,-0.117623,-0.003085,-0.036016,-0.148401,-0.019372,-0.029737,-0.099488,-0.019327,-0.027627,-0.088756,-0.015253,0.000165,-0.116127,-0.009685,-0.004966,-0.149177,-0.028219,-0.002464,-0.10134,-0.018234,-0.001994,-0.087761,-0.007228,0.027798,-0.109681,-0.017374,0.02365,-0.134557,-0.027325,0.022076,-0.098396,-0.017883,0.021688,-0.084289,-0.008476,A
0.0,0.0,0.0,-0.043709,-0.011063,-0.011488,-0.07804,-0.06578,-0.014076,-0.091847,-0.116704,-0.017128,-0.109998,-0.143894,-0.017057,-0.060486,-0.112035,-9.2e-05,-0.06901,-0.14887,-0.018091,-0.057935,-0.107261,-0.024602,-0.052386,-0.087501,-0.02572,-0.031134,-0.118551,-0.002767,-0.037304,-0.149046,-0.019328,-0.030071,-0.099405,-0.019109,-0.028282,-0.087273,-0.014728,-0.001594,-0.117672,-0.009333,-0.006678,-0.150587,-0.028343,-0.00305,-0.101241,-0.01806,-0.00264,-0.085846,-0.006644,0.026425,-0.112156,-0.017005,0.02178,-0.137057,-0.027372,0.021126,-0.099625,-0.017784,0.020967,-0.084744,-0.008069,A
0.0,0.0,0.0,-0.042869,-0.019254,-0.010278,-0.072574,-0.071063,-0.013036,-0.084181,-0.117161,-0.016821,-0.102265,-0.142488,-0.018285,-0.049835,-0.113206,0.001012,-0.058617,-0.147703,-0.017589,-0.05294,-0.110007,-0.027223,-0.048032,-0.087428,-0.030859,-0.021363,-0.116505,-0.002771,-0.028707,-0.144445,-0.020179,-0.024216,-0.099492,-0.023513,-0.021047,-0.08295,-0.022007,0.006767,-0.112654,-0.010229,0.002466,-0.141729,-0.028877,0.004502,-0.097302,-0.021346,0.005411,-0.080002,-0.012112,0.034801,-0.102525,-0.018834,0.032923,-0.125903,-0.03005,0.03011,-0.091981,-0.022573,0.027832,-0.075641,-0.014449,A
0.0,0.0,0.0,-0.044536,-0.00953,-0.012926,-0.076844,-0.064527,-0.015394,-0.088123,-0.114599,-0.017983,-0.106062,-0.138637,-0.017573,-0.053226,-0.106269,-0.001968,-0.061666,-0.139904,-0.0197,-0.053867,-0.098502,-0.026265,-0.048933,-0.08062,-0.027965,-0.024214,-0.112067,-0.004054,-0.030978,-0.138671,-0.02125,-0.026289,-0.090499,-0.021552,-0.023374,-0.079039,-0.017803,0.004243,-0.109698,-0.010075,0.000468,-0.138476,-0.029909,0.00207,-0.090006,-0.02033,0.002927,-0.075708,-0.009483,0.031509,-0.101987,-0.017383,0.031394,-0.12398,-0.029214,0.028767,-0.087995,-0.021163,0.027112,-0.07443,-0.012625,A
0.0,0.0,0.0,-0.047219,-0.01788,-0.010071,-0.079033,-0.078287,-0.011013,-0.090291,-0.128003,-0.012711,-0.107959,-0.150629,-0.011237,-0.055204,-0.108134,0.002403,-0.060345,-0.148695,-0.013992,-0.054265,-0.108369,-0.02015,-0.052628,-0.08892,-0.021239,-0.024359,-0.110009,-0.000792,-0.029591,-0.145772,-0.017168,-0.02714,-0.098909,-0.018224,-0.026392,-0.08429,-0.014168,0.005738,-0.10491,-0.007646,0.00176,-0.140129,-0.024073,0.002163,-0.096773,-0.015417,0.001912,-0.08232,-0.005229,0.034997,-0.096182,-0.015613,0.032126,-0.122486,-0.022557,0.02994,-0.092079,-0.01337,0.029904,-0.080306,-0.004488,A
0.0,0.0,0.0,-0.04582,-0.020167,-0.009178,-0.076769,-0.079531,-0.01026,-0.086972,-0.128422,-0.01217,-0.103386,-0.15408,-0.011313,-0.053656,-0.114394,0.000832,-0.059773,-0.153937,-0.015739,-0.05312,-0.113459,-0.022479,-0.049913,-0.090816,-0.023751,-0.022459,-0.115789,-0.002665,-0.027658,-0.150596,-0.017812,-0.0252,-0.103929,-0.018577,-0.023784,-0.086881,-0.014916,0.008375,-0.110086,-0.009501,0.00448,-0.145261,-0.025525,0.004257,-0.100521,-0.016467,0.003992,-0.082921,-0.006303,0.038078,-0.099874,-0.017288,0.034796,-0.128166,-0.024644,0.031261,-0.095147,-0.014846,0.030111,-0.079708,-0.005465,A
0.0,0.0,0.0,-0.046102,-0.026876,-0.009324,-0.073149,-0.08938,-0.011519,-0.083922,-0.139531,-0.014907,-0.101569,-0.164304,-0.015548,-0.048505,-0.123795,0.002044,-0.056014,-0.162116,-0.015987,-0.050912,-0.119801,-0.02381,-0.047726,-0.099207,-0.026213,-0.018282,-0.124159,-0.002292,-0.025693,-0.156619,-0.018077,-0.024721,-0.108535,-0.018867,-0.021501,-0.096447,-0.01559,0.011976,-0.116735,-0.010374,0.00561,-0.149875,-0.026875,0.00361,-0.103162,-0.016712,0.005135,-0.089916,-0.006139,0.041028,-0.104466,-0.019696,0.034527,-0.127038,-0.027392,0.028602,-0.093564,-0.017445,0.028336,-0.081056,-0.008234,A
0.0,0.0,0.0,-0.04895,-0.030594,-0.008658,-0.077131,-0.094346,-0.010018,-0.088333,-0.144371,-0.012634,-0.105738,-0.167927,-0.012387,-0.050171,-0.126903,0.002881,-0.058291,-0.162657,-0.013536,-0.052295,-0.118401,-0.02004,-0.048938,-0.103322,-0.022258,-0.019739,-0.127716,-0.001162,-0.027939,-0.157925,-0.016083,-0.027308,-0.109479,-0.01589,-0.024084,-0.101674,-0.01235,0.010573,-0.120847,-0.008764,0.003403,-0.154338,-0.025069,0.000169,-0.106694,-0.014383,0.002085,-0.095008,-0.003604,0.039487,-0.109772,-0.017521,0.032623,-0.131692,-0.025147,0.026143,-0.098146,-0.015111,0.026909,-0.08707,-0.005826,A
0.0,0.0,0.0,-0.045748,-0.036962,-0.00869,-0.069832,-0.104325,-0.00923,-0.079206,-0.154664,-0.011118,-0.096126,-0.178364,-0.009645,-0.042426,-0.135012,0.004832,-0.050609,-0.169746,-0.011167,-0.046134,-0.123997,-0.017094,-0.042645,-0.112752,-0.019065,-0.012799,-0.132767,0.001215,-0.021612,-0.162654,-0.013988,-0.023118,-0.112192,-0.013175,-0.018199,-0.10826,-0.008728,0.016977,-0.123147,-0.00619,0.00922,-0.155191,-0.021889,0.003877,-0.107571,-0.010503,0.008185,-0.100016,0.001025,0.045361,-0.109768,-0.01497,0.038268,-0.133822,-0.021294,0.02888,-0.10192,-0.010832,0.030887,-0.091602,-0.001157,A
0.0,0.0,0.0,-0.048438,-0.041929,-0.008386,-0.072151,-0.110799,-0.009037,-0.082555,-0.160183,-0.011082,-0.100848,-0.183041,-0.009727,-0.044721,-0.140373,0.00591,-0.051734,-0.172637,-0.009648,-0.046814,-0.126386,-0.016087,-0.043687,-0.116989,-0.018858,-0.014803,-0.138506,0.002472,-0.023122,-0.165137,-0.012164,-0.024089,-0.115229,-0.012135,-0.019907,-0.113816,-0.008814,0.015394,-0.128771,-0.004595,0.006964,-0.158197,-0.019342,0.002067,-0.111543,-0.008343,0.006505,-0.106274,0.002274,0.043488,-0.115518,-0.013007,0.034845,-0.135383,-0.0182,0.025781,-0.104642,-0.007731,0.028646,-0.09718,0.001462,A
0.0,0.0,0.0,-0.045718,-0.044388,-0.008043,-0.065136,-0.116378,-0.008066,-0.070629,-0.16816,-0.010008,-0.088048,-0.191783,-0.00877,-0.035845,-0.142898,0.008447,-0.043406,-0.176409,-0.008108,-0.040694,-0.131703,-0.015261,-0.038603,-0.11941,-0.017839,-0.005834,-0.139017,0.004337,-0.01452,-0.167806,-0.010979,-0.017748,-0.118781,-0.01135,-0.013443,-0.114818,-0.007788,0.024276,-0.126978,-0.003738,0.016906,-0.159902,-0.020168,0.009373,-0.112958,-0.009292,0.012365,-0.1043,0.002096,0.05245,-0.111147,-0.0132,0.046606,-0.137679,-0.019638,0.034449,-0.106466,-0.008783,0.034298,-0.094508,0.001273,A
0.0,0.0,0.0,-0.048252,-0.046766,-0.007098,-0.067339,-0.118967,-0.00662,-0.073241,-0.169883,-0.007931,-0.090469,-0.193814,-0.0059,-0.038122,-0.145469,0.009814,-0.0447,-0.177839,-0.005467,-0.042323,-0.13206,-0.012788,-0.039179,-0.123104,-0.01626,-0.008828,-0.141158,0.005864,-0.016549,-0.169139,-0.0086,-0.020291,-0.119534,-0.009499,-0.01597,-0.117641,-0.00679,0.020811,-0.129338,-0.001779,0.013392,-0.162886,-0.016583,0.005907,-0.115395,-0.005663,0.00971,-0.1081,0.005058,0.048371,-0.114038,-0.010795,0.041627,-0.137989,-0.016014,0.030358,-0.106739,-0.00516,0.031903,-0.097217,0.004472,A
0.0,0.0,0.0,-0.043951,-0.047346,-0.005913,-0.059464,-0.118836,-0.005399,-0.061397,-0.170167,-0.007234,-0.075674,-0.197476,-0.006319,-0.029362,-0.145601,0.009927,-0.036968,-0.178964,-0.00562,-0.036928,-0.133961,-0.011658,-0.032996,-0.119034,-0.013316,-0.000868,-0.139666,0.00494,-0.009501,-0.168154,-0.009071,-0.014994,-0.11973,-0.008213,-0.008859,-0.113081,-0.00379,0.027902,-0.126048,-0.003875,0.01975,-0.158262,-0.019452,0.0106,-0.111676,-0.007985,0.014916,-0.101195,0.003655,0.055568,-0.108516,-0.0139,0.046605,-0.135319,-0.020177,0.033894,-0.103135,-0.008879,0.034673,-0.089576,0.00152,A
0.0,0.0,0.0,-0.044917,-0.047115,-0.005576,-0.061425,-0.11939,-0.004841,-0.064371,-0.169744,-0.006146,-0.078537,-0.196536,-0.004569,-0.030655,-0.14697,0.009183,-0.038201,-0.178533,-0.005726,-0.037654,-0.132643,-0.012253,-0.032954,-0.120624,-0.014993,-0.002338,-0.140592,0.004313,-0.010117,-0.16858,-0.009616,-0.015263,-0.119749,-0.009411,-0.009509,-0.1143,-0.00589,0.02609,-0.127116,-0.004123,0.019115,-0.160026,-0.018991,0.01,-0.112871,-0.007939,0.014295,-0.103031,0.002853,0.053013,-0.110159,-0.01372,0.044787,-0.134185,-0.019757,0.032578,-0.101716,-0.009122,0.033856,-0.089952,0.000445,A
0.0,0.0,0.0,-0.042106,-0.048495,-0.005923,-0.054999,-0.119746,-0.005335,-0.055402,-0.169352,-0.006675,-0.068892,-0.195832,-0.005083,-0.023533,-0.145903,0.006797,-0.031338,-0.178806,-0.009221,-0.03234,-0.132332,-0.015475,-0.027507,-0.118613,-0.017421,0.004168,-0.136109,0.001867,-0.004993,-0.165192,-0.012286,-0.012825,-0.116927,-0.010994,-0.006468,-0.109625,-0.00661,0.031698,-0.119092,-0.00671,0.024483,-0.154085,-0.023028,0.011695,-0.106321,-0.011411,0.015385,-0.093504,0.000342,0.05818,-0.098256,-0.016384,0.050371,-0.126278,-0.0243,0.034569,-0.094379,-0.013741,0.033562,-0.079479,-0.003616,A
0.0,0.0,0.0,-0.04214,-0.047625,-0.006354,-0.0553,-0.119693,-0.006017,-0.055974,-0.168302,-0.007389,-0.068946,-0.195284,-0.005724,-0.02418,-0.148895,0.006847,-0.032209,-0.178744,-0.00887,-0.033113,-0.13171,-0.015483,-0.028719,-0.11992,-0.017966,0.003346,-0.139655,0.002319,-0.006075,-0.165262,-0.011531,-0.01338,-0.116509,-0.010429,-0.007712,-0.111548,-0.006421,0.030812,-0.122725,-0.005834,0.023225,-0.155335,-0.021503,0.01128,-0.107438,-0.00978,0.015207,-0.09666,0.001629,0.057026,-0.102043,-0.015168,0.049455,-0.127394,-0.022756,0.03421,-0.095026,-0.012215,0.033495,-0.081786,-0.002282,A
0.0,0.0,0.0,-0.035903,-0.048453,-0.003959,-0.047158,-0.117915,-0.003803,-0.04633,-0.165651,-0.00627,-0.058144,-0.194779,-0.006875,-0.015825,-0.14527,0.009497,-0.020472,-0.178729,-0.008547,-0.027741,-0.142142,-0.018727,-0.028775,-0.117518,-0.022204,0.011084,-0.135126,0.003362,0.004905,-0.164158,-0.012233,-0.007255,-0.123074,-0.014951,-0.005972,-0.104312,-0.012509,0.037594,-0.117818,-0.006345,0.031188,-0.147797,-0.022297,0.017093,-0.107749,-0.014154,0.017762,-0.08983,-0.004371,0.06402,-0.094415,-0.016926,0.058324,-0.125337,-0.02427,0.042336,-0.096513,-0.0144,0.03957,-0.078687,-0.004577,A
0.0,0.0,0.0,-0.036121,-0.047594,-0.004506,-0.047199,-0.115909,-0.00469,-0.046609,-0.162606,-0.00733,-0.057436,-0.192101,-0.008002,-0.017039,-0.143459,0.009445,-0.021123,-0.177126,-0.007591,-0.029162,-0.140493,-0.016993,-0.030551,-0.116518,-0.020165,0.010055,-0.134075,0.004024,0.0045,-0.163664,-0.010754,-0.007761,-0.123328,-0.013214,-0.006677,-0.104928,-0.010702,0.036829,-0.116756,-0.004904,0.03168,-0.148913,-0.019599,0.016603,-0.110195,-0.011537,0.016449,-0.092453,-0.002186,0.063208,-0.093389,-0.014781,0.056859,-0.12324,-0.021245,0.040964,-0.096371,-0.011897,0.038971,-0.079928,-0.00273,A
0.0,0.0,0.0,-0.039233,-0.051688,-0.0051,-0.050239,-0.12189,-0.004949,-0.051994,-0.169857,-0.007307,-0.065368,-0.199223,-0.007028,-0.020464,-0.151202,0.012376,-0.028995,-0.177363,-0.003503,-0.032537,-0.136718,-0.011689,-0.028869,-0.123688,-0.015188,0.006746,-0.143681,0.006625,-0.005123,-0.166312,-0.00796,-0.013027,-0.122806,-0.008651,-0.005674,-0.114884,-0.005328,0.033678,-0.127231,-0.003077,0.021329,-0.15119,-0.018722,0.010311,-0.110026,-0.009172,0.015726,-0.101395,0.001079,0.058981,-0.1047,-0.014004,0.048838,-0.127254,-0.020702,0.034567,-0.099184,-0.010696,0.035313,-0.087623,-0.001137,A
0.0,0.0,0.0,-0.038477,-0.051487,-0.004921,-0.050507,-0.120491,-0.004897,-0.052236,-0.167012,-0.007485,-0.06446,-0.196076,-0.007548,-0.020795,-0.147399,0.011672,-0.027768,-0.177558,-0.004914,-0.033597,-0.136553,-0.013074,-0.032303,-0.118922,-0.015912,0.006256,-0.139497,0.005982,-0.003182,-0.164284,-0.008987,-0.012463,-0.120803,-0.009874,-0.006615,-0.110113,-0.006337,0.033232,-0.123095,-0.003651,0.023302,-0.150048,-0.018695,0.011219,-0.109464,-0.009301,0.015488,-0.098617,0.000829,0.059113,-0.101268,-0.014509,0.048383,-0.124341,-0.020752,0.03466,-0.09654,-0.011143,0.036357,-0.084718,-0.001917,A
0.0,0.0,0.0,-0.043078,-0.048907,-0.004509,-0.056692,-0.11657,-0.004113,-0.059416,-0.162287,-0.006336,-0.070663,-0.191251,-0.005808,-0.024413,-0.153497,0.012505,-0.038074,-0.175349,-0.002464,-0.038831,-0.132324,-0.009685,-0.032108,-0.123141,-0.012984,0.002135,-0.148187,0.00647,-0.013932,-0.165036,-0.007864,-0.019007,-0.119707,-0.007722,-0.009622,-0.116145,-0.004047,0.028954,-0.133689,-0.003439,0.012441,-0.151907,-0.018551,0.003425,-0.108109,-0.007753,0.010674,-0.102989,0.0029,0.053969,-0.113108,-0.014671,0.039359,-0.129698,-0.020707,0.027425,-0.100193,-0.010257,0.031571,-0.092266,-0.000647,A
0.0,0.0,0.0,-0.041662,-0.046559,-0.004664,-0.05735,-0.112851,-0.004905,-0.061764,-0.15896,-0.007768,-0.07393,-0.188025,-0.007988,-0.026395,-0.148285,0.010478,-0.040199,-0.173567,-0.0058,-0.041848,-0.129831,-0.01306,-0.03638,-0.11738,-0.015744,0.000373,-0.142809,0.004355,-0.015307,-0.162483,-0.010696,-0.020706,-0.117375,-0.010231,-0.011471,-0.112369,-0.006067,0.027387,-0.128256,-0.005672,0.011584,-0.149642,-0.021693,0.002741,-0.106056,-0.011092,0.010098,-0.099233,-0.000264,0.053139,-0.108293,-0.016892,0.037887,-0.126566,-0.024111,0.026303,-0.0961,-0.0142,0.03092,-0.086604,-0.004702,A
0.0,0.0,0.0,-0.045567,-0.045561,-0.004824,-0.06293,-0.112195,-0.004413,-0.069359,-0.157924,-0.006686,-0.083451,-0.186403,-0.006363,-0.03538,-0.14807,0.013603,-0.045568,-0.173699,-0.002803,-0.046162,-0.132435,-0.011557,-0.041926,-0.116324,-0.015014,-0.007712,-0.145059,0.008136,-0.020917,-0.163933,-0.00713,-0.024476,-0.119022,-0.008745,-0.01696,-0.109912,-0.005826,0.020724,-0.133402,-0.001361,0.005506,-0.151484,-0.016164,-0.000627,-0.109294,-0.007223,0.005778,-0.100982,0.0023,0.047369,-0.115517,-0.012152,0.032578,-0.131431,-0.017496,0.023571,-0.102351,-0.008034,0.028441,-0.093451,0.00074,A
0.0,0.0,0.0,-0.043964,-0.044771,-0.004646,-0.061982,-0.111925,-0.004133,-0.068657,-0.157888,-0.006364,-0.082693,-0.186089,-0.006173,-0.034684,-0.143192,0.011407,-0.04527,-0.173356,-0.00545,-0.046438,-0.132936,-0.01374,-0.042294,-0.113367,-0.016389,-0.007229,-0.140236,0.005962,-0.01942,-0.163517,-0.008739,-0.023203,-0.11932,-0.009402,-0.015429,-0.108461,-0.005865,0.021159,-0.128759,-0.003416,0.007489,-0.153128,-0.018045,0.000653,-0.110768,-0.008482,0.006949,-0.099575,0.001574,0.048634,-0.111442,-0.014019,0.03527,-0.133532,-0.019905,0.024994,-0.103987,-0.010306,0.028704,-0.091729,-0.00125,A
0.0,0.0,0.0,-0.047417,-0.043829,-0.004068,-0.06708,-0.109819,-0.003209,-0.075976,-0.154726,-0.004976,-0.092519,-0.180257,-0.003778,-0.042298,-0.14672,0.012399,-0.055669,-0.172872,-0.00318,-0.053777,-0.127725,-0.010205,-0.046201,-0.117014,-0.01318,-0.014114,-0.144918,0.006577,-0.030185,-0.164972,-0.008767,-0.03289,-0.116993,-0.008377,-0.02281,-0.112991,-0.004214,0.01495,-0.134372,-0.003126,-0.003076,-0.155093,-0.017847,-0.008981,-0.109206,-0.006797,-0.000524,-0.104034,0.003913,0.042313,-0.118507,-0.01416,0.025723,-0.133565,-0.019626,0.016344,-0.103067,-0.009836,0.022144,-0.096482,-0.001026,A
0.0,0.0,0.0,-0.048245,-0.042992,-0.004844,-0.068843,-0.109644,-0.004329,-0.077218,-0.155471,-0.006241,-0.093826,-0.181019,-0.005151,-0.043059,-0.145472,0.010101,-0.057306,-0.173869,-0.006446,-0.055002,-0.128061,-0.013497,-0.047421,-0.115833,-0.016119,-0.015222,-0.143619,0.004502,-0.031525,-0.166155,-0.011077,-0.033984,-0.117744,-0.010156,-0.023632,-0.113541,-0.005593,0.013547,-0.132802,-0.005029,-0.004222,-0.155336,-0.019739,-0.010148,-0.109533,-0.008054,-0.001374,-0.103773,0.003109,0.0409,-0.11705,-0.015976,0.023971,-0.132888,-0.021581,0.014909,-0.102497,-0.011613,0.02128,-0.095435,-0.002625,A
0.0,0.0,0.0,-0.049295,-0.041986,-0.004058,-0.073952,-0.107795,-0.003692,-0.086002,-0.153474,-0.006248,-0.103398,-0.179111,-0.005997,-0.046593,-0.144923,0.011983,-0.062709,-0.172217,-0.004211,-0.059101,-0.127633,-0.011507,-0.051042,-0.114577,-0.014312,-0.019774,-0.145058,0.005863,-0.036979,-0.165047,-0.009366,-0.037078,-0.117238,-0.008853,-0.026551,-0.11325,-0.004735,0.008594,-0.136445,-0.004195,-0.010066,-0.15669,-0.019352,-0.013195,-0.110883,-0.008318,-0.00368,-0.105191,0.002573,0.035902,-0.12201,-0.015537,0.018428,-0.138082,-0.021156,0.011123,-0.106399,-0.010907,0.018193,-0.097936,-0.00164,A
0.0,0.0,0.0,-0.050014,-0.042374,-0.00414,-0.0746,-0.107791,-0.003964,-0.086545,-0.152906,-0.006735,-0.104392,-0.178858,-0.00678,-0.046098,-0.14557,0.011717,-0.064079,-0.171868,-0.004709,-0.060561,-0.127573,-0.012164,-0.052186,-0.114585,-0.014931,-0.01934,-0.145415,0.005715,-0.037776,-0.164801,-0.00948,-0.037735,-0.117688,-0.00902,-0.026777,-0.11426,-0.004983,0.008921,-0.13649,-0.004197,-0.010831,-0.156461,-0.019134,-0.013957,-0.111229,-0.007974,-0.004171,-0.105641,0.002946,0.035856,-0.122086,-0.015413,0.017591,-0.138177,-0.02087,0.010139,-0.106723,-0.010485,0.017397,-0.098215,-0.001098,A
0.0,0.0,0.0,-0.052735,-0.036881,-0.003744,-0.08155,-0.098242,-0.003127,-0.095993,-0.142404,-0.005128,-0.114191,-0.166483,-0.004261,-0.058411,-0.137947,0.011294,-0.073802,-0.164646,-0.004202,-0.066483,-0.11984,-0.011165,-0.057284,-0.110407,-0.014243,-0.030718,-0.14118,0.005534,-0.047685,-0.163216,-0.010395,-0.044546,-0.114487,-0.010167,-0.034078,-0.110777,-0.006075,-0.001657,-0.136817,-0.003826,-0.020902,-0.157351,-0.018583,-0.020653,-0.110452,-0.007401,-0.010736,-0.106109,0.003406,0.026864,-0.127797,-0.014387,0.007559,-0.140166,-0.019501,0.003322,-0.107986,-0.009413,0.011522,-0.102879,-0.000534,A
0.0,0.0,0.0,-0.053815,-0.034891,-0.004057,-0.0822,-0.096924,-0.002835,-0.095473,-0.140433,-0.004224,-0.114086,-0.161622,-0.002808,-0.058431,-0.135009,0.011454,-0.074432,-0.162817,-0.003988,-0.067783,-0.118624,-0.010447,-0.058822,-0.108576,-0.012757,-0.031211,-0.137866,0.00597,-0.047932,-0.161208,-0.009522,-0.045644,-0.112559,-0.009074,-0.034751,-0.109344,-0.004579,-0.002304,-0.133114,-0.003177,-0.020738,-0.154894,-0.018133,-0.021597,-0.108376,-0.00713,-0.011485,-0.103649,0.004004,0.025983,-0.12393,-0.013522,0.008059,-0.140078,-0.018956,0.002592,-0.107602,-0.008691,0.010416,-0.099869,0.000682,A
0.0,0.0,0.0,-0.051562,-0.029383,-0.004775,-0.083366,-0.086706,-0.005214,-0.09943,-0.131135,-0.008371,-0.118788,-0.153648,-0.008987,-0.060918,-0.127292,0.009676,-0.077136,-0.156158,-0.006582,-0.070805,-0.114483,-0.013639,-0.061405,-0.102879,-0.016282,-0.033664,-0.131814,0.003666,-0.050591,-0.156732,-0.012138,-0.048128,-0.110108,-0.011925,-0.037467,-0.105019,-0.007724,-0.005092,-0.129062,-0.006079,-0.023131,-0.152921,-0.022017,-0.023857,-0.10733,-0.011478,-0.014819,-0.100207,-0.00044,0.024027,-0.121428,-0.017015,0.00623,-0.140304,-0.023351,0.000666,-0.107551,-0.013195,0.006666,-0.096714,-0.003761,A
0.0,0.0,0.0,-0.051295,-0.027815,-0.005038,-0.083922,-0.085536,-0.004632,-0.099883,-0.128505,-0.006781,-0.118578,-0.149597,-0.006151,-0.060958,-0.126072,0.010015,-0.077801,-0.155056,-0.005687,-0.07065,-0.112847,-0.011971,-0.061214,-0.102023,-0.014039,-0.03403,-0.130578,0.004469,-0.050722,-0.154572,-0.010912,-0.047751,-0.107777,-0.010121,-0.037561,-0.104141,-0.005371,-0.005537,-0.127879,-0.004898,-0.0232,-0.150906,-0.020363,-0.023523,-0.105074,-0.00957,-0.0149,-0.099149,0.001641,0.023637,-0.120633,-0.015508,0.006375,-0.138716,-0.021705,0.001114,-0.105628,-0.011676,0.006768,-0.095615,-0.002288,A
0.0,0.0,0.0,-0.052597,-0.023469,-0.005931,-0.0878,-0.078032,-0.006644,-0.105063,-0.12078,-0.009834,-0.125713,-0.141801,-0.010717,-0.062083,-0.119697,0.006437,-0.079623,-0.146132,-0.009433,-0.070837,-0.107608,-0.016961,-0.061894,-0.095673,-0.020162,-0.034199,-0.1248,0.000818,-0.051103,-0.148755,-0.015329,-0.045221,-0.104354,-0.016367,-0.03568,-0.095698,-0.013282,-0.005298,-0.123152,-0.008174,-0.021976,-0.14815,-0.023675,-0.020556,-0.104612,-0.014064,-0.013515,-0.093031,-0.004063,0.024247,-0.11707,-0.018409,0.009346,-0.136369,-0.024703,0.004132,-0.10622,-0.015333,0.007129,-0.094419,-0.00673,A
0.0,0.0,0.0,-0.052352,-0.019912,-0.007641,-0.08933,-0.074869,-0.008195,-0.106949,-0.118498,-0.010711,-0.127294,-0.138509,-0.010836,-0.062952,-0.117062,0.004848,-0.080478,-0.144202,-0.009944,-0.070905,-0.103494,-0.016003,-0.06155,-0.092398,-0.018376,-0.034379,-0.122032,0.000439,-0.050909,-0.145753,-0.014914,-0.044908,-0.100108,-0.014784,-0.03535,-0.092317,-0.010896,-0.005226,-0.119795,-0.007466,-0.02156,-0.146044,-0.022838,-0.019796,-0.101576,-0.012769,-0.01245,-0.090459,-0.002373,0.024507,-0.113479,-0.016645,0.01004,-0.134126,-0.023073,0.005488,-0.102937,-0.013528,0.008595,-0.090646,-0.004731,A
0.0,0.0,0.0,-0.052252,-0.01994,-0.007465,-0.089011,-0.075086,-0.007615,-0.107272,-0.118787,-0.009567,-0.126813,-0.137934,-0.00866,-0.065567,-0.114923,0.005133,-0.080548,-0.145546,-0.009949,-0.069273,-0.102818,-0.015488,-0.061431,-0.092847,-0.01754,-0.036745,-0.122137,0.000711,-0.05109,-0.147006,-0.014544,-0.044088,-0.099067,-0.013845,-0.036096,-0.094843,-0.00954,-0.007029,-0.121649,-0.007291,-0.022018,-0.146828,-0.022521,-0.019165,-0.100342,-0.011874,-0.012544,-0.093584,-0.00118,0.022878,-0.116854,-0.016572,0.009945,-0.13474,-0.022696,0.006287,-0.10244,-0.013003,0.009844,-0.093482,-0.00422,A
0.0,0.0,0.0,-0.052619,-0.02141,-0.006823,-0.089223,-0.077227,-0.006923,-0.107739,-0.12064,-0.009025,-0.127739,-0.138541,-0.008417,-0.065198,-0.11676,0.005859,-0.080786,-0.147081,-0.009169,-0.070038,-0.104576,-0.01473,-0.061883,-0.094073,-0.016683,-0.036516,-0.123481,0.001182,-0.051718,-0.148189,-0.013915,-0.045134,-0.100325,-0.013055,-0.03653,-0.095594,-0.008577,-0.006699,-0.122691,-0.007049,-0.02297,-0.147114,-0.021728,-0.020182,-0.100947,-0.010707,-0.012834,-0.093926,0.000175,0.023297,-0.117634,-0.016562,0.008302,-0.134702,-0.021907,0.005141,-0.102952,-0.011803,0.010098,-0.094587,-0.002839,A
0.0,0.0,0.0,-0.05458,-0.021063,-0.008912,-0.091531,-0.075913,-0.009462,-0.11081,-0.121104,-0.011442,-0.131734,-0.140016,-0.010098,-0.068517,-0.116166,0.004654,-0.084113,-0.146299,-0.01153,-0.070727,-0.102956,-0.017721,-0.062683,-0.096515,-0.020285,-0.039029,-0.123008,0.001107,-0.054003,-0.147655,-0.015734,-0.046025,-0.098978,-0.015793,-0.03834,-0.099443,-0.011923,-0.009043,-0.122788,-0.006194,-0.024151,-0.147987,-0.02261,-0.020443,-0.101209,-0.01169,-0.012472,-0.099369,-0.000613,0.020174,-0.119206,-0.014928,0.007359,-0.134899,-0.021248,0.004581,-0.10223,-0.011343,0.010341,-0.096807,-0.002368,A
0.0,0.0,0.0,-0.052862,-0.021251,-0.010495,-0.090219,-0.077365,-0.011437,-0.110295,-0.122423,-0.013422,-0.131386,-0.141825,-0.011565,-0.069517,-0.118666,0.004727,-0.082484,-0.149009,-0.012497,-0.069019,-0.105455,-0.019327,-0.06301,-0.099452,-0.022192,-0.039401,-0.125626,0.001933,-0.052789,-0.150562,-0.01583,-0.044156,-0.100638,-0.016194,-0.038468,-0.1031,-0.012236,-0.008479,-0.125156,-0.004932,-0.022039,-0.149768,-0.02188,-0.017964,-0.1032,-0.010848,-0.011612,-0.104291,0.000478,0.020908,-0.121342,-0.013382,0.009967,-0.136014,-0.019682,0.007656,-0.104557,-0.009861,0.013112,-0.102178,-0.000916,A
0.0,0.0,0.0,-0.052082,-0.022183,-0.010331,-0.089553,-0.078264,-0.011132,-0.11024,-0.12319,-0.013152,-0.131274,-0.1429,-0.011258,-0.068583,-0.120573,0.005786,-0.082266,-0.150572,-0.011743,-0.068554,-0.106319,-0.018695,-0.061843,-0.10013,-0.021537,-0.038983,-0.127295,0.002901,-0.052381,-0.152088,-0.015245,-0.043673,-0.101124,-0.015668,-0.038069,-0.103567,-0.01158,-0.008535,-0.126532,-0.004169,-0.02187,-0.151228,-0.021791,-0.01789,-0.103364,-0.010771,-0.011388,-0.10414,0.000851,0.020556,-0.122372,-0.012787,0.009902,-0.137899,-0.019472,0.007354,-0.105648,-0.009618,0.012863,-0.102738,-0.000443,A
0.0,0.0,0.0,-0.052391,-0.023584,-0.010257,-0.089499,-0.080076,-0.011076,-0.110171,-0.125001,-0.013203,-0.131408,-0.14512,-0.011457,-0.067894,-0.122488,0.006502,-0.081946,-0.151632,-0.011036,-0.068262,-0.107209,-0.018117,-0.061456,-0.101274,-0.02103,-0.038463,-0.129069,0.003589,-0.052324,-0.153296,-0.01469,-0.043647,-0.102434,-0.01528,-0.03785,-0.105092,-0.011268,-0.008099,-0.128081,-0.003542,-0.022016,-0.152292,-0.021333,-0.01808,-0.104566,-0.010369,-0.011347,-0.105483,0.001287,0.020814,-0.123606,-0.012217,0.009397,-0.138717,-0.018905,0.006985,-0.106606,-0.009,0.013015,-0.104044,0.000243,A
0.0,0.0,0.0,-0.051872,-0.023198,-0.009322,-0.088362,-0.079055,-0.009853,-0.108023,-0.12367,-0.012153,-0.127011,-0.148187,-0.010915,-0.067215,-0.122801,0.008347,-0.081285,-0.152697,-0.008216,-0.069399,-0.109827,-0.014811,-0.062149,-0.10007,-0.017125,-0.038346,-0.130163,0.004933,-0.051775,-0.153558,-0.011894,-0.044459,-0.104689,-0.012245,-0.037869,-0.104581,-0.008204,-0.00811,-0.128943,-0.002717,-0.021052,-0.15207,-0.019613,-0.018044,-0.106116,-0.009181,-0.011749,-0.104356,0.001948,0.02137,-0.123132,-0.011868,0.010283,-0.13926,-0.018328,0.007023,-0.107615,-0.008629,0.011836,-0.102611,0.000446,A
0.0,0.0,0.0,-0.051958,-0.022808,-0.009237,-0.089087,-0.078361,-0.009782,-0.109046,-0.123285,-0.01199,-0.127844,-0.148096,-0.010522,-0.068318,-0.122068,0.007521,-0.08232,-0.152441,-0.008973,-0.069972,-0.109555,-0.015352,-0.062627,-0.100548,-0.017685,-0.03916,-0.129487,0.004095,-0.052712,-0.153251,-0.012787,-0.044918,-0.104466,-0.012914,-0.038393,-0.104884,-0.008849,-0.008802,-0.128602,-0.003476,-0.021996,-0.151615,-0.02024,-0.018381,-0.105678,-0.009541,-0.011817,-0.104644,0.001603,0.020858,-0.123396,-0.012547,0.0096,-0.138393,-0.018964,0.006885,-0.106945,-0.009293,0.011935,-0.102845,-0.000354,A
0.0,0.0,0.0,-0.049779,-0.024297,-0.006875,-0.082437,-0.078028,-0.007871,-0.097096,-0.123403,-0.011032,-0.115758,-0.14845,-0.01165,-0.061291,-0.117008,0.007268,-0.072647,-0.150334,-0.009909,-0.063991,-0.112071,-0.018626,-0.056916,-0.095106,-0.021764,-0.032838,-0.122036,0.002436,-0.044012,-0.151545,-0.013685,-0.03819,-0.107148,-0.015915,-0.03162,-0.095028,-0.013461,-0.00362,-0.120775,-0.00599,-0.014698,-0.151142,-0.022157,-0.012677,-0.107792,-0.013533,-0.008222,-0.09344,-0.003771,0.026385,-0.114493,-0.015543,0.017641,-0.139896,-0.022905,0.014215,-0.108198,-0.01374,0.015749,-0.09335,-0.004863,A
0.0,0.0,0.0,-0.049154,-0.022924,-0.006403,-0.083572,-0.075462,-0.007319,-0.099657,-0.119131,-0.010456,-0.118045,-0.143899,-0.011155,-0.061875,-0.114678,0.006371,-0.073353,-0.147887,-0.010158,-0.065155,-0.110021,-0.018198,-0.058989,-0.092626,-0.021079,-0.033669,-0.119798,0.001252,-0.04417,-0.148986,-0.014232,-0.038436,-0.104956,-0.015796,-0.033179,-0.092884,-0.013076,-0.004195,-0.118317,-0.007356,-0.014327,-0.148105,-0.023193,-0.011783,-0.105409,-0.014394,-0.008282,-0.091752,-0.004738,0.025708,-0.111364,-0.016993,0.017562,-0.137852,-0.024371,0.014689,-0.10615,-0.015011,0.015451,-0.091085,-0.006091,A
0.0,0.0,0.0,-0.047008,-0.025562,-0.008652,-0.078302,-0.083859,-0.009365,-0.090066,-0.131976,-0.011577,-0.106567,-0.157502,-0.010942,-0.053738,-0.120373,0.004446,-0.06284,-0.154458,-0.013249,-0.053992,-0.112903,-0.020825,-0.047963,-0.098561,-0.023069,-0.024137,-0.124344,0.000251,-0.031351,-0.156271,-0.016275,-0.027654,-0.10904,-0.016938,-0.023411,-0.10066,-0.013139,0.00584,-0.121414,-0.0078,-0.000143,-0.157728,-0.025369,-0.000405,-0.112107,-0.015392,0.002058,-0.099381,-0.004264,0.035501,-0.113753,-0.017013,0.029879,-0.143821,-0.025883,0.025659,-0.110303,-0.016022,0.026412,-0.09503,-0.00615,A
0.0,0.0,0.0,-0.046873,-0.027105,-0.008314,-0.078525,-0.085014,-0.009503,-0.091735,-0.132207,-0.012385,-0.108642,-0.157309,-0.012531,-0.053787,-0.122919,0.005115,-0.064073,-0.153524,-0.011619,-0.055305,-0.112347,-0.019095,-0.04938,-0.098417,-0.02189,-0.024694,-0.127217,0.000604,-0.03236,-0.1549,-0.015551,-0.028258,-0.107959,-0.016559,-0.024133,-0.099571,-0.013395,0.005595,-0.123876,-0.007624,-0.000207,-0.155963,-0.025021,-0.00028,-0.11101,-0.015498,0.001988,-0.099653,-0.005029,0.035088,-0.115142,-0.016985,0.030436,-0.141372,-0.025982,0.026161,-0.10844,-0.016439,0.026742,-0.095403,-0.006978,A
0.0,0.0,0.0,-0.046357,-0.03006,-0.010704,-0.074547,-0.093691,-0.011206,-0.086361,-0.142822,-0.012907,-0.102903,-0.169344,-0.011063,-0.048886,-0.129261,0.009045,-0.055817,-0.159692,-0.008245,-0.049268,-0.117491,-0.015709,-0.045469,-0.109165,-0.01834,-0.020352,-0.130696,0.006544,-0.025359,-0.157737,-0.010934,-0.024602,-0.10888,-0.012666,-0.022714,-0.109401,-0.009326,0.008891,-0.125413,-0.000408,0.005552,-0.155534,-0.018849,0.002165,-0.110955,-0.00996,0.003122,-0.108389,0.000709,0.036907,-0.116977,-0.008736,0.033295,-0.141786,-0.016937,0.026664,-0.109099,-0.007531,0.027041,-0.099853,0.001964,A
0.0,0.0,0.0,-0.047986,-0.030679,-0.009471,-0.076223,-0.093772,-0.009808,-0.087757,-0.141986,-0.011438,-0.103788,-0.168144,-0.009604,-0.050604,-0.130495,0.007348,-0.058208,-0.160022,-0.00881,-0.050592,-0.115996,-0.015724,-0.046755,-0.108643,-0.018566,-0.021695,-0.132433,0.004324,-0.026579,-0.158815,-0.011739,-0.024895,-0.109205,-0.012796,-0.023065,-0.109524,-0.009752,0.008041,-0.127404,-0.002694,0.005021,-0.157881,-0.020043,0.002177,-0.111568,-0.010576,0.003281,-0.10788,-0.000135,0.035947,-0.118615,-0.010963,0.03367,-0.143335,-0.018722,0.02684,-0.110565,-0.009042,0.026593,-0.101315,0.000309,A
0.0,0.0,0.0,-0.044145,-0.030427,-0.012694,-0.068387,-0.094468,-0.014728,-0.07784,-0.146157,-0.017606,-0.093409,-0.17638,-0.016645,-0.045035,-0.133244,0.007228,-0.047652,-0.164769,-0.010581,-0.042494,-0.121678,-0.01772,-0.040276,-0.112984,-0.020143,-0.0152,-0.134387,0.005252,-0.017112,-0.160952,-0.012596,-0.017608,-0.110314,-0.013786,-0.017033,-0.111933,-0.010001,0.014771,-0.127921,-0.00138,0.013891,-0.156081,-0.020286,0.009583,-0.111339,-0.010862,0.009451,-0.110557,9.4e-05,0.042711,-0.117826,-0.009582,0.041347,-0.139967,-0.018173,0.034094,-0.107815,-0.008883,0.033344,-0.100391,0.00052,A
0.0,0.0,0.0,-0.044485,-0.032621,-0.014242,-0.067269,-0.100513,-0.0161,-0.074187,-0.155335,-0.0185,-0.088351,-0.186653,-0.016858,-0.039395,-0.136612,0.006235,-0.042472,-0.170373,-0.010769,-0.038024,-0.124694,-0.016964,-0.035847,-0.116985,-0.01905,-0.009357,-0.13623,0.00528,-0.010379,-0.164825,-0.01178,-0.013078,-0.112084,-0.012076,-0.013357,-0.115114,-0.00791,0.020106,-0.128148,-0.000449,0.020668,-0.157637,-0.019129,0.013749,-0.110306,-0.009251,0.012919,-0.109507,0.001961,0.047283,-0.116961,-0.007888,0.048005,-0.140347,-0.016595,0.039041,-0.107823,-0.007342,0.037607,-0.100365,0.002018,A
0.0,0.0,0.0,-0.044976,-0.033689,-0.012295,-0.067493,-0.101191,-0.014069,-0.073968,-0.15526,-0.016538,-0.088712,-0.184739,-0.015207,-0.040345,-0.136948,0.005354,-0.042239,-0.169931,-0.011212,-0.038455,-0.123992,-0.018048,-0.036831,-0.115952,-0.021001,-0.010432,-0.136203,0.003437,-0.010525,-0.164831,-0.012744,-0.013501,-0.112916,-0.013693,-0.014063,-0.114633,-0.010731,0.019137,-0.12865,-0.002737,0.020786,-0.160481,-0.020251,0.01375,-0.113109,-0.010355,0.012537,-0.110586,0.000144,0.045879,-0.117919,-0.01048,0.047414,-0.142111,-0.018413,0.038517,-0.109542,-0.008789,0.036866,-0.101986,0.000345,A
0.0,0.0,0.0,-0.044322,-0.034358,-0.01428,-0.065728,-0.102501,-0.016303,-0.071048,-0.156752,-0.018592,-0.084288,-0.188489,-0.016851,-0.037993,-0.137314,0.00456,-0.036917,-0.17093,-0.012171,-0.033996,-0.124664,-0.018211,-0.034091,-0.116785,-0.02038,-0.007545,-0.13573,0.003669,-0.005088,-0.162413,-0.012592,-0.00927,-0.110494,-0.013153,-0.012163,-0.114669,-0.009806,0.022183,-0.127131,-0.001746,0.02542,-0.155942,-0.019744,0.017745,-0.108681,-0.009936,0.014851,-0.108626,0.000579,0.049011,-0.115414,-0.008803,0.05126,-0.137368,-0.017383,0.042615,-0.104182,-0.007986,0.040412,-0.097563,0.001202,A
0.0,0.0,0.0,-0.044607,-0.034079,-0.013093,-0.065328,-0.101859,-0.014795,-0.07011,-0.156156,-0.016773,-0.083709,-0.187309,-0.014979,-0.037867,-0.137804,0.00405,-0.036656,-0.169378,-0.011817,-0.033866,-0.122553,-0.017751,-0.033302,-0.115172,-0.020232,-0.007289,-0.135844,0.002634,-0.005032,-0.162258,-0.012714,-0.009188,-0.110752,-0.013286,-0.011374,-0.113451,-0.010373,0.02246,-0.126831,-0.002938,0.025186,-0.155383,-0.020029,0.01788,-0.108394,-0.010079,0.015835,-0.107199,0.000109,0.04922,-0.114768,-0.010024,0.050848,-0.136438,-0.017892,0.042577,-0.103341,-0.008124,0.041057,-0.096821,0.001009,A
0.0,0.0,0.0,-0.042402,-0.036393,-0.012799,-0.061513,-0.103463,-0.015122,-0.064588,-0.156006,-0.018055,-0.077727,-0.187041,-0.017255,-0.030374,-0.136497,0.003904,-0.031638,-0.167775,-0.013883,-0.030102,-0.12384,-0.021121,-0.029015,-0.116378,-0.023793,-0.000958,-0.131582,0.002071,-0.000278,-0.158238,-0.014455,-0.005176,-0.108661,-0.015024,-0.004661,-0.112315,-0.011716,0.027862,-0.120874,-0.00417,0.030442,-0.15115,-0.022388,0.021825,-0.105776,-0.012143,0.021641,-0.10477,-0.001275,0.054269,-0.107639,-0.012007,0.057943,-0.131379,-0.020734,0.04735,-0.099485,-0.010908,0.045146,-0.091952,-0.001372,A
0.0,0.0,0.0,-0.041646,-0.037041,-0.013674,-0.05876,-0.103471,-0.01691,-0.062235,-0.155895,-0.020495,-0.076106,-0.187655,-0.020348,-0.029806,-0.138424,0.002924,-0.029216,-0.167609,-0.01468,-0.028534,-0.124747,-0.022334,-0.028723,-0.119076,-0.025598,-0.000222,-0.133463,0.001501,0.000974,-0.157764,-0.014556,-0.004544,-0.109019,-0.01577,-0.004632,-0.11462,-0.013228,0.029168,-0.121984,-0.004214,0.032025,-0.151332,-0.022147,0.022733,-0.10698,-0.012476,0.021901,-0.107076,-0.002185,0.055382,-0.107703,-0.011531,0.059133,-0.130911,-0.020454,0.048507,-0.100744,-0.010956,0.046349,-0.094408,-0.001628,A
0.0,0.0,0.0,-0.04174,-0.037448,-0.013832,-0.058592,-0.104632,-0.016978,-0.062152,-0.157603,-0.020389,-0.076588,-0.189258,-0.019997,-0.029904,-0.139487,0.002995,-0.029128,-0.168516,-0.014223,-0.028325,-0.125374,-0.021489,-0.02866,-0.120259,-0.024567,-0.00018,-0.134424,0.001779,0.001131,-0.158525,-0.014024,-0.004556,-0.109237,-0.015059,-0.005025,-0.115327,-0.012443,0.029302,-0.122723,-0.003719,0.032414,-0.151789,-0.02152,0.022888,-0.107203,-0.01185,0.021693,-0.107594,-0.00157,0.055438,-0.108202,-0.010806,0.059816,-0.131901,-0.0197,0.049013,-0.101653,-0.010225,0.046366,-0.095181,-0.00091,A
0.0,0.0,0.0,-0.043331,-0.0374,-0.014656,-0.059586,-0.106755,-0.017272,-0.060915,-0.15939,-0.019946,-0.07441,-0.189042,-0.018804,-0.032488,-0.138424,0.004112,-0.028479,-0.167188,-0.012903,-0.029159,-0.124764,-0.020399,-0.031687,-0.119503,-0.02378,-0.001231,-0.134521,0.003091,0.002213,-0.156889,-0.01249,-0.004332,-0.109029,-0.013506,-0.006426,-0.113355,-0.010903,0.029089,-0.122984,-0.002522,0.033443,-0.150341,-0.019833,0.024924,-0.107475,-0.010452,0.023228,-0.107604,-0.000614,0.056065,-0.107496,-0.009908,0.06027,-0.128464,-0.018695,0.050725,-0.099244,-0.009902,0.04825,-0.094139,-0.001333,A
0.0,0.0,0.0,-0.043462,-0.037913,-0.013533,-0.059176,-0.106766,-0.016169,-0.060288,-0.158909,-0.019201,-0.072946,-0.190525,-0.018537,-0.032082,-0.138238,0.003716,-0.028172,-0.169594,-0.013259,-0.028155,-0.126792,-0.020755,-0.030918,-0.120126,-0.02401,-0.00129,-0.134635,0.002227,0.002378,-0.157874,-0.012936,-0.003757,-0.110261,-0.014057,-0.005859,-0.115084,-0.011713,0.029074,-0.1226,-0.003636,0.034275,-0.150337,-0.02026,0.025368,-0.108491,-0.011076,0.023129,-0.109048,-0.001624,0.055803,-0.106599,-0.011175,0.061921,-0.128071,-0.019424,0.051732,-0.100134,-0.010612,0.048217,-0.094901,-0.002104,A
0.0,0.0,0.0,-0.042402,-0.038988,-0.012843,-0.056915,-0.10607,-0.015024,-0.05758,-0.15809,-0.017769,-0.070619,-0.188299,-0.017148,-0.028097,-0.137108,0.005474,-0.02736,-0.166131,-0.010397,-0.027412,-0.122859,-0.016957,-0.025768,-0.113929,-0.019453,0.001648,-0.132057,0.003783,0.002857,-0.156302,-0.010804,-0.003751,-0.108967,-0.010765,-0.002409,-0.108331,-0.007254,0.029992,-0.119351,-0.002335,0.032942,-0.148322,-0.019026,0.02331,-0.105311,-0.008982,0.023491,-0.100806,0.001644,0.055404,-0.102342,-0.010062,0.058551,-0.127503,-0.018002,0.047687,-0.097578,-0.008148,0.04541,-0.087754,0.001373,A
0.0,0.0,0.0,-0.041106,-0.038937,-0.011904,-0.055683,-0.104777,-0.014417,-0.057168,-0.155698,-0.017589,-0.068946,-0.188216,-0.017514,-0.026326,-0.136257,0.003068,-0.026088,-0.166856,-0.013298,-0.026592,-0.123206,-0.020399,-0.025388,-0.113492,-0.023246,0.002757,-0.130595,0.001151,0.00411,-0.155645,-0.013365,-0.002893,-0.109233,-0.013809,-0.001634,-0.108748,-0.011012,0.031156,-0.117726,-0.004777,0.034317,-0.147295,-0.020912,0.023549,-0.104937,-0.011129,0.02319,-0.09993,-0.001059,0.056773,-0.101072,-0.012168,0.060717,-0.126573,-0.019826,0.049137,-0.098259,-0.010182,0.046532,-0.088947,-0.000938,A
0.0,0.0,0.0,-0.041815,-0.03761,-0.01132,-0.055874,-0.104471,-0.013247,-0.054585,-0.155342,-0.015884,-0.067257,-0.184253,-0.015488,-0.022468,-0.132657,0.003032,-0.024356,-0.161736,-0.013152,-0.027233,-0.118687,-0.01974,-0.024636,-0.108057,-0.02227,0.006279,-0.126026,0.000453,0.005339,-0.151229,-0.014506,-0.003907,-0.104295,-0.013893,-0.000782,-0.099385,-0.009982,0.033503,-0.11266,-0.006224,0.035445,-0.14383,-0.022744,0.023133,-0.100614,-0.011929,0.024042,-0.092237,-0.000965,0.058399,-0.094865,-0.014442,0.060485,-0.119546,-0.022875,0.047864,-0.090275,-0.013272,0.046281,-0.08015,-0.004008,A
0.0,0.0,0.0,-0.043563,-0.034251,-0.013572,-0.059213,-0.098843,-0.016625,-0.058588,-0.150863,-0.019636,-0.070957,-0.178887,-0.018937,-0.028164,-0.127122,-1.4e-05,-0.028555,-0.156113,-0.016801,-0.0299,-0.111773,-0.022807,-0.026152,-0.106227,-0.025435,0.001025,-0.119484,-0.001616,0.001714,-0.145172,-0.017901,-0.006728,-0.096585,-0.016899,-0.003923,-0.098149,-0.012914,0.028098,-0.107119,-0.007489,0.032018,-0.135806,-0.025296,0.019695,-0.091735,-0.01404,0.020233,-0.089407,-0.002893,0.052776,-0.092161,-0.015066,0.056704,-0.114868,-0.02415,0.044616,-0.085201,-0.014888,0.042522,-0.078081,-0.006186,A
0.0,0.0,0.0,-0.042893,-0.032806,-0.012951,-0.058097,-0.097818,-0.015547,-0.058672,-0.149332,-0.018452,-0.071671,-0.176983,-0.017934,-0.026291,-0.125203,0.001037,-0.027913,-0.154992,-0.015647,-0.028526,-0.111025,-0.021597,-0.026428,-0.10347,-0.023818,0.002409,-0.118276,-0.000911,0.001704,-0.143819,-0.016982,-0.005594,-0.095929,-0.016147,-0.003046,-0.095744,-0.012013,0.029095,-0.105391,-0.007163,0.031884,-0.133522,-0.024932,0.020235,-0.090296,-0.014239,0.019843,-0.086724,-0.003173,0.053458,-0.089489,-0.015032,0.057115,-0.112771,-0.023959,0.045315,-0.083971,-0.01482,0.042677,-0.076428,-0.006007,A
0.0,0.0,0.0,-0.041323,-0.032434,-0.011759,-0.06034,-0.094966,-0.013917,-0.063155,-0.145607,-0.01678,-0.07527,-0.173346,-0.016257,-0.030688,-0.123412,0.003606,-0.032462,-0.153882,-0.013107,-0.032524,-0.112519,-0.019507,-0.028863,-0.104288,-0.021916,-0.001986,-0.118053,0.001272,-0.001774,-0.14341,-0.015238,-0.008324,-0.09693,-0.015524,-0.006637,-0.095836,-0.01188,0.025134,-0.108246,-0.005304,0.026709,-0.133757,-0.023632,0.017449,-0.091598,-0.01431,0.017996,-0.088477,-0.003788,0.05054,-0.095195,-0.013295,0.053277,-0.118962,-0.022214,0.043116,-0.090146,-0.013309,0.041046,-0.082334,-0.004496,A
0.0,0.0,0.0,-0.041807,-0.032046,-0.010685,-0.060738,-0.094023,-0.01283,-0.063566,-0.144044,-0.015928,-0.076631,-0.171973,-0.015904,-0.030717,-0.121648,0.002791,-0.03331,-0.15392,-0.014752,-0.033033,-0.112722,-0.021853,-0.030218,-0.102165,-0.024362,-0.002462,-0.116472,-8.1e-05,-0.002683,-0.142173,-0.016597,-0.007962,-0.096581,-0.017256,-0.006314,-0.094516,-0.013994,0.024437,-0.106287,-0.006994,0.025442,-0.132653,-0.024764,0.017078,-0.091075,-0.015182,0.017437,-0.087079,-0.004705,0.049493,-0.092757,-0.015253,0.052003,-0.117599,-0.023721,0.042235,-0.088911,-0.014469,0.040121,-0.080027,-0.005481,A
0.0,0.0,0.0,-0.042591,-0.028865,-0.012683,-0.061719,-0.089816,-0.015474,-0.064752,-0.139144,-0.018485,-0.078249,-0.167122,-0.018056,-0.032723,-0.124027,0.000369,-0.034802,-0.147509,-0.017505,-0.034507,-0.106973,-0.024376,-0.030978,-0.103445,-0.027087,-0.003293,-0.118036,-0.001946,-0.004379,-0.140136,-0.019972,-0.009879,-0.094769,-0.020321,-0.006469,-0.096583,-0.016469,0.024289,-0.107624,-0.008404,0.023507,-0.128154,-0.027519,0.015083,-0.087391,-0.017602,0.017443,-0.088067,-0.00658,0.04965,-0.094839,-0.016385,0.050535,-0.115848,-0.02508,0.04103,-0.08754,-0.0156,0.041007,-0.082124,-0.006397,A
0.0,0.0,0.0,-0.043038,-0.028719,-0.013104,-0.062684,-0.090111,-0.01534,-0.065512,-0.139501,-0.017632,-0.078379,-0.166946,-0.016265,-0.031887,-0.121859,0.000833,-0.035216,-0.146176,-0.01652,-0.034333,-0.104268,-0.022881,-0.030254,-0.101624,-0.02535,-0.002741,-0.115836,-0.000855,-0.004306,-0.139018,-0.018518,-0.009539,-0.093103,-0.018347,-0.005864,-0.095774,-0.014148,0.024533,-0.105169,-0.006809,0.024485,-0.126377,-0.025336,0.015901,-0.08544,-0.01516,0.018175,-0.086609,-0.00404,0.049709,-0.092321,-0.014369,0.051416,-0.113677,-0.022614,0.041664,-0.085698,-0.013393,0.041674,-0.080871,-0.004504,A
0.0,0.0,0.0,-0.042621,-0.026254,-0.014834,-0.062486,-0.085266,-0.01876,-0.066879,-0.132279,-0.022474,-0.080633,-0.160248,-0.022613,-0.029824,-0.127617,-0.000487,-0.035307,-0.137935,-0.01881,-0.034759,-0.099974,-0.026558,-0.030149,-0.103222,-0.030475,-0.001561,-0.122459,-0.002584,-0.005983,-0.136433,-0.021818,-0.011244,-0.09142,-0.022399,-0.005405,-0.097508,-0.018705,0.025159,-0.110809,-0.009178,0.022322,-0.123085,-0.029495,0.013253,-0.083663,-0.019638,0.017574,-0.089065,-0.008701,0.050022,-0.09579,-0.017631,0.049566,-0.11075,-0.027848,0.038972,-0.084419,-0.019458,0.040321,-0.082856,-0.010947,A
0.0,0.0,0.0,-0.04268,-0.027553,-0.014525,-0.062427,-0.08655,-0.018633,-0.066678,-0.134006,-0.022652,-0.080826,-0.160717,-0.023373,-0.029284,-0.126248,-0.000546,-0.03527,-0.139561,-0.018758,-0.035296,-0.10118,-0.026323,-0.030291,-0.103009,-0.030015,-0.001385,-0.121806,-0.002674,-0.005652,-0.139556,-0.021878,-0.011609,-0.09414,-0.022165,-0.005731,-0.098325,-0.018089,0.025098,-0.110773,-0.009233,0.022623,-0.12629,-0.029364,0.0129,-0.086324,-0.019232,0.016997,-0.089842,-0.007977,0.049751,-0.096216,-0.01759,0.049257,-0.11362,-0.027379,0.038277,-0.086933,-0.018633,0.039484,-0.083859,-0.009882,A
0.0,0.0,0.0,-0.045005,-0.02723,-0.015083,-0.065531,-0.083584,-0.019457,-0.069769,-0.12789,-0.023304,-0.083583,-0.157013,-0.023616,-0.029843,-0.139571,0.000247,-0.040309,-0.13126,-0.01776,-0.03723,-0.094578,-0.028187,-0.030183,-0.100738,-0.034596,-0.0014,-0.137381,-0.001307,-0.011223,-0.130768,-0.018951,-0.01497,-0.088208,-0.021121,-0.007932,-0.095809,-0.019685,0.025323,-0.125326,-0.007199,0.01718,-0.122862,-0.025841,0.00885,-0.083747,-0.016741,0.014625,-0.088471,-0.00737,0.049132,-0.108292,-0.015223,0.044782,-0.111316,-0.02554,0.033304,-0.084816,-0.018207,0.035445,-0.084355,-0.01063,A
0.0,0.0,0.0,-0.044722,-0.027162,-0.01458,-0.065939,-0.083426,-0.018866,-0.070096,-0.12751,-0.022867,-0.083666,-0.156621,-0.023377,-0.030444,-0.140218,0.000828,-0.04071,-0.132718,-0.017674,-0.038619,-0.094956,-0.028039,-0.031688,-0.099452,-0.034124,-0.001893,-0.138147,-0.001263,-0.011266,-0.132776,-0.019495,-0.015685,-0.089271,-0.021494,-0.008653,-0.095809,-0.019554,0.024983,-0.126201,-0.007764,0.016783,-0.123965,-0.026914,0.008342,-0.083964,-0.017731,0.014241,-0.08841,-0.008002,0.049264,-0.109222,-0.016328,0.044277,-0.112361,-0.026418,0.032944,-0.085366,-0.018643,0.035466,-0.084748,-0.010641,A
0.0,0.0,0.0,-0.044659,-0.027269,-0.01441,-0.06578,-0.08376,-0.018511,-0.069665,-0.127887,-0.022396,-0.083042,-0.156963,-0.022758,-0.030786,-0.140242,0.001019,-0.040603,-0.134335,-0.01754,-0.038717,-0.096247,-0.027693,-0.032006,-0.100717,-0.0335,-0.002066,-0.137589,-0.001128,-0.011232,-0.133424,-0.019408,-0.015772,-0.089912,-0.021314,-0.008783,-0.096828,-0.019198,0.025013,-0.12554,-0.007689,0.016852,-0.12459,-0.026947,0.008401,-0.084477,-0.017653,0.014393,-0.089138,-0.007727,0.049567,-0.108768,-0.016272,0.044684,-0.113934,-0.026328,0.033403,-0.086667,-0.018286,0.03608,-0.085742,-0.009999,A
0.0,0.0,0.0,-0.043887,-0.02738,-0.014048,-0.066916,-0.083786,-0.017928,-0.073725,-0.128264,-0.021709,-0.087609,-0.155487,-0.022088,-0.035244,-0.129547,0.000908,-0.042664,-0.132291,-0.016834,-0.041566,-0.09606,-0.025283,-0.036293,-0.100154,-0.029927,-0.006735,-0.127905,-0.001283,-0.013668,-0.133346,-0.020282,-0.017842,-0.091336,-0.021803,-0.012506,-0.09677,-0.019172,0.020537,-0.119058,-0.00782,0.015142,-0.124614,-0.027962,0.007751,-0.085973,-0.01914,0.011982,-0.090242,-0.00923,0.046061,-0.105664,-0.01615,0.043975,-0.116368,-0.026586,0.034171,-0.089119,-0.018799,0.035381,-0.087258,-0.010804,A
0.0,0.0,0.0,-0.043684,-0.025297,-0.014337,-0.069434,-0.080213,-0.018733,-0.077802,-0.125801,-0.023098,-0.09266,-0.152931,-0.023952,-0.038137,-0.127735,0.000201,-0.047077,-0.131714,-0.017977,-0.043693,-0.094666,-0.026087,-0.038005,-0.098804,-0.030566,-0.009519,-0.126326,-0.002241,-0.017707,-0.135134,-0.021975,-0.02051,-0.091178,-0.022871,-0.014742,-0.09669,-0.019557,0.017825,-0.117659,-0.009149,0.012165,-0.125417,-0.029948,0.005022,-0.08466,-0.020272,0.009212,-0.08856,-0.009507,0.043604,-0.104131,-0.017915,0.041143,-0.11623,-0.028988,0.03134,-0.088813,-0.021297,0.032639,-0.086479,-0.01324,A
0.0,0.0,0.0,-0.043673,-0.025248,-0.01463,-0.069628,-0.080085,-0.019206,-0.078717,-0.125746,-0.023703,-0.094424,-0.152492,-0.024679,-0.037854,-0.127324,-0.000358,-0.047379,-0.131401,-0.019141,-0.043835,-0.095184,-0.02762,-0.037952,-0.101224,-0.03227,-0.009307,-0.125294,-0.002678,-0.018325,-0.135024,-0.023215,-0.021127,-0.091222,-0.024261,-0.01476,-0.09753,-0.020857,0.017772,-0.116259,-0.009498,0.011683,-0.124754,-0.030737,0.004106,-0.084453,-0.021017,0.008452,-0.089062,-0.010011,0.043281,-0.102836,-0.018207,0.040556,-0.11537,-0.029371,0.030299,-0.088391,-0.021758,0.031468,-0.08644,-0.013676,A
0.0,0.0,0.0,-0.044351,-0.025602,-0.012939,-0.071169,-0.07816,-0.017165,-0.081277,-0.123415,-0.021991,-0.096695,-0.150379,-0.023679,-0.040674,-0.116543,0.000557,-0.051243,-0.135894,-0.01763,-0.047422,-0.099259,-0.024955,-0.040528,-0.097579,-0.028243,-0.012069,-0.116237,-0.002272,-0.021636,-0.136007,-0.02158,-0.02308,-0.09346,-0.02217,-0.016526,-0.095737,-0.018486,0.015217,-0.109726,-0.009437,0.008052,-0.126873,-0.029674,0.002461,-0.087325,-0.020263,0.006911,-0.089253,-0.009548,0.041339,-0.098667,-0.018217,0.037432,-0.117883,-0.028418,0.029612,-0.090889,-0.020302,0.031652,-0.086661,-0.012057,A
0.0,0.0,0.0,-0.045695,-0.026088,-0.012473,-0.072895,-0.077939,-0.016436,-0.08319,-0.122998,-0.021041,-0.098518,-0.149662,-0.022495,-0.042509,-0.114666,0.00017,-0.053309,-0.134837,-0.017492,-0.047976,-0.098476,-0.024664,-0.041511,-0.098415,-0.028079,-0.013925,-0.114999,-0.00267,-0.023731,-0.134839,-0.021374,-0.02345,-0.093409,-0.021876,-0.01732,-0.097043,-0.018471,0.013353,-0.108921,-0.009661,0.006019,-0.127629,-0.02896,0.002421,-0.088951,-0.019225,0.006746,-0.091457,-0.008658,0.039179,-0.098176,-0.018283,0.035843,-0.117509,-0.027816,0.029052,-0.091085,-0.019548,0.030775,-0.087256,-0.011409,A
0.0,0.0,0.0,-0.047586,-0.021523,-0.0114,-0.076002,-0.072834,-0.013836,-0.085503,-0.117941,-0.017167,-0.101034,-0.143453,-0.017608,-0.046474,-0.107306,0.001897,-0.057617,-0.131877,-0.014749,-0.05106,-0.094325,-0.021732,-0.043603,-0.087947,-0.024779,-0.017515,-0.108374,-0.001206,-0.027493,-0.12981,-0.018318,-0.024945,-0.089093,-0.018896,-0.018448,-0.087916,-0.015695,0.01041,-0.103054,-0.008383,0.002326,-0.123614,-0.026418,0.000992,-0.085031,-0.017315,0.00494,-0.083334,-0.00735,0.037367,-0.093135,-0.017071,0.033231,-0.114331,-0.025945,0.028797,-0.087968,-0.017542,0.030867,-0.082504,-0.009379,A
0.0,0.0,0.0,-0.04884,-0.020104,-0.010975,-0.077901,-0.070806,-0.013298,-0.087968,-0.115612,-0.016449,-0.103426,-0.142284,-0.016776,-0.047791,-0.107284,0.000893,-0.060366,-0.129305,-0.015437,-0.052626,-0.091055,-0.022242,-0.044768,-0.08693,-0.025432,-0.019189,-0.109231,-0.002414,-0.030274,-0.129182,-0.019249,-0.026935,-0.087677,-0.019666,-0.019829,-0.087036,-0.016501,0.008766,-0.104549,-0.009505,-0.000605,-0.124146,-0.026616,-0.00111,-0.084298,-0.016591,0.002948,-0.082649,-0.006398,0.035811,-0.095178,-0.018142,0.030335,-0.113716,-0.026146,0.026103,-0.086068,-0.017046,0.028308,-0.081119,-0.008613,A
0.0,0.0,0.0,-0.049119,-0.021555,-0.009326,-0.079909,-0.071707,-0.009951,-0.091437,-0.117119,-0.01192,-0.105761,-0.142336,-0.010848,-0.050561,-0.106416,0.005472,-0.064663,-0.132977,-0.009963,-0.056441,-0.093443,-0.015863,-0.048216,-0.087285,-0.018163,-0.022528,-0.109549,0.00224,-0.034511,-0.129321,-0.01375,-0.030561,-0.087334,-0.013598,-0.023541,-0.087544,-0.009927,0.005065,-0.105801,-0.005007,-0.00497,-0.124985,-0.021721,-0.004835,-0.085089,-0.012038,-4.2e-05,-0.083786,-0.001828,0.0326,-0.097573,-0.013678,0.025522,-0.115476,-0.021077,0.021258,-0.087003,-0.012332,0.023605,-0.081562,-0.004111,A
0.0,0.0,0.0,-0.050283,-0.019275,-0.009699,-0.0805,-0.068544,-0.010953,-0.091683,-0.114276,-0.013483,-0.106144,-0.140595,-0.013114,-0.052209,-0.102942,0.003244,-0.06565,-0.130349,-0.012911,-0.056816,-0.091126,-0.019366,-0.049038,-0.084598,-0.022016,-0.02385,-0.106984,-4.8e-05,-0.03592,-0.128123,-0.016497,-0.031441,-0.08596,-0.016605,-0.024141,-0.085365,-0.013121,0.004348,-0.104036,-0.007214,-0.006416,-0.124061,-0.023931,-0.005637,-0.084295,-0.01408,-0.000556,-0.082268,-0.003848,0.032323,-0.096745,-0.015856,0.024713,-0.113208,-0.02315,0.020913,-0.085419,-0.01439,0.023822,-0.080455,-0.006277,A
0.0,0.0,0.0,-0.046789,-0.020659,-0.01078,-0.078347,-0.06952,-0.01265,-0.089497,-0.113503,-0.01563,-0.103838,-0.142766,-0.016139,-0.050864,-0.112283,0.003101,-0.064796,-0.127476,-0.013752,-0.053554,-0.094201,-0.022533,-0.043537,-0.087659,-0.026623,-0.02248,-0.115078,-5e-05,-0.035881,-0.125616,-0.017155,-0.027515,-0.090517,-0.019834,-0.018807,-0.088762,-0.018238,0.005601,-0.111031,-0.007094,-0.006385,-0.123513,-0.024699,-0.002705,-0.089701,-0.017209,0.002603,-0.086888,-0.008456,0.033457,-0.101384,-0.015628,0.025426,-0.118661,-0.024368,0.022797,-0.092159,-0.0164,0.024622,-0.084663,-0.008319,A
0.0,0.0,0.0,-0.046974,-0.019943,-0.010696,-0.077968,-0.069492,-0.012755,-0.088964,-0.113437,-0.015959,-0.103842,-0.142184,-0.016916,-0.050053,-0.1116,0.002333,-0.064342,-0.127186,-0.014513,-0.053882,-0.095608,-0.023592,-0.044488,-0.090418,-0.027999,-0.022157,-0.114147,-0.00087,-0.035915,-0.124657,-0.017746,-0.028137,-0.090131,-0.020442,-0.019968,-0.08928,-0.018997,0.005968,-0.110125,-0.007867,-0.006327,-0.123025,-0.025522,-0.003158,-0.089499,-0.01818,0.001805,-0.087145,-0.009574,0.03384,-0.100811,-0.016319,0.025889,-0.117475,-0.025276,0.02383,-0.092209,-0.017479,0.026179,-0.086377,-0.009526,A
0.0,0.0,0.0,-0.047929,-0.02109,-0.010195,-0.078662,-0.070438,-0.011889,-0.090184,-0.115979,-0.014923,-0.103725,-0.144168,-0.015051,-0.050785,-0.108379,0.005236,-0.063508,-0.13548,-0.011104,-0.056636,-0.097654,-0.018004,-0.04996,-0.088388,-0.020441,-0.022682,-0.111966,0.002194,-0.034516,-0.131884,-0.013306,-0.03107,-0.091684,-0.013695,-0.02457,-0.091215,-0.010393,0.005546,-0.108657,-0.004987,-0.005606,-0.128899,-0.021403,-0.005888,-0.090242,-0.012019,-0.001614,-0.088164,-0.001978,0.033929,-0.100626,-0.013633,0.025672,-0.121725,-0.020925,0.021206,-0.093717,-0.011674,0.023256,-0.086284,-0.002855,A
0.0,0.0,0.0,-0.049122,-0.020216,-0.010398,-0.079866,-0.07056,-0.012099,-0.091601,-0.116125,-0.015028,-0.106296,-0.144493,-0.015164,-0.051994,-0.109253,0.003661,-0.065248,-0.134459,-0.012247,-0.057221,-0.095797,-0.018995,-0.049949,-0.0889,-0.021825,-0.023549,-0.113652,0.000584,-0.036036,-0.132877,-0.014735,-0.032243,-0.090924,-0.014947,-0.02516,-0.09081,-0.011838,0.004848,-0.110644,-0.00645,-0.006966,-0.130997,-0.022708,-0.006748,-0.090353,-0.01289,-0.001815,-0.087822,-0.002819,0.033049,-0.102628,-0.015001,0.025044,-0.122926,-0.022461,0.020341,-0.093764,-0.013156,0.022292,-0.086059,-0.00444,A
0.0,0.0,0.0,-0.04912,-0.023288,-0.009044,-0.078058,-0.075609,-0.009987,-0.088814,-0.120822,-0.012598,-0.103053,-0.149033,-0.012185,-0.051541,-0.113304,0.005671,-0.065053,-0.14052,-0.010909,-0.058291,-0.099023,-0.017358,-0.050758,-0.089334,-0.019388,-0.023281,-0.116315,0.002082,-0.036472,-0.137868,-0.013817,-0.034417,-0.093086,-0.013399,-0.026181,-0.091919,-0.00912,0.005356,-0.112348,-0.005651,-0.007796,-0.13457,-0.022155,-0.009296,-0.092365,-0.012133,-0.002677,-0.089468,-0.001331,0.034092,-0.103912,-0.014828,0.024331,-0.123684,-0.02195,0.017802,-0.095131,-0.012861,0.020801,-0.087554,-0.004023,A
0.0,0.0,0.0,-0.049784,-0.023921,-0.008685,-0.078631,-0.077147,-0.009439,-0.089453,-0.122821,-0.011837,-0.103939,-0.150479,-0.011202,-0.052954,-0.114703,0.005602,-0.066354,-0.141361,-0.010629,-0.059226,-0.099662,-0.016795,-0.051543,-0.091068,-0.018788,-0.024223,-0.117652,0.001888,-0.037714,-0.138571,-0.013744,-0.035262,-0.093713,-0.013023,-0.026745,-0.093312,-0.008657,0.004774,-0.113591,-0.005868,-0.008761,-0.135659,-0.022205,-0.009763,-0.093203,-0.011823,-0.002828,-0.090894,-0.000891,0.033615,-0.10499,-0.015045,0.023765,-0.124976,-0.022004,0.017442,-0.095929,-0.012616,0.020578,-0.088483,-0.003637,A
0.0,0.0,0.0,-0.047685,-0.025092,-0.008507,-0.077823,-0.080895,-0.008758,-0.089473,-0.128165,-0.01072,-0.103904,-0.156298,-0.009604,-0.052349,-0.118466,0.006939,-0.065094,-0.145987,-0.009311,-0.058426,-0.105402,-0.015294,-0.051351,-0.098425,-0.017217,-0.024149,-0.120672,0.002958,-0.035815,-0.143898,-0.012889,-0.034663,-0.09887,-0.012117,-0.02751,-0.099624,-0.007472,0.00476,-0.116091,-0.005226,-0.006414,-0.139214,-0.022036,-0.008767,-0.096089,-0.011601,-0.002687,-0.094226,-0.000334,0.034038,-0.10774,-0.014838,0.025089,-0.128111,-0.022071,0.018257,-0.098035,-0.012638,0.021379,-0.09037,-0.003513,A
0.0,0.0,0.0,-0.04831,-0.027338,-0.007959,-0.078244,-0.083183,-0.008445,-0.090161,-0.13067,-0.010726,-0.104967,-0.159129,-0.010006,-0.053198,-0.12002,0.006652,-0.066075,-0.147509,-0.009402,-0.059042,-0.106691,-0.015501,-0.051603,-0.099591,-0.017669,-0.02461,-0.121993,0.002356,-0.036534,-0.145788,-0.013256,-0.035226,-0.100885,-0.012647,-0.027991,-0.100948,-0.008389,0.004607,-0.117343,-0.005948,-0.007139,-0.141562,-0.022476,-0.009242,-0.098319,-0.011851,-0.002925,-0.095751,-0.000666,0.033941,-0.108745,-0.015634,0.024466,-0.130362,-0.022737,0.017772,-0.100401,-0.01303,0.021224,-0.092294,-0.003821,A
0.0,0.0,0.0,-0.047393,-0.029818,-0.007462,-0.074524,-0.087318,-0.007884,-0.085137,-0.13397,-0.010573,-0.100929,-0.160974,-0.010422,-0.048107,-0.12624,0.010036,-0.06116,-0.152007,-0.006928,-0.055786,-0.112522,-0.014052,-0.047944,-0.105489,-0.016446,-0.020335,-0.127029,0.005355,-0.032664,-0.149543,-0.011322,-0.032868,-0.104371,-0.011556,-0.02414,-0.104484,-0.007162,0.008197,-0.12103,-0.003657,-0.003782,-0.144089,-0.021104,-0.00837,-0.101233,-0.011264,-0.001423,-0.098742,4e-06,0.036867,-0.111307,-0.014048,0.026255,-0.13168,-0.021355,0.017653,-0.101344,-0.011838,0.02179,-0.093124,-0.002393,A
0.0,0.0,0.0,-0.047605,-0.030123,-0.006631,-0.075132,-0.088458,-0.006752,-0.085959,-0.135198,-0.009013,-0.101562,-0.16009,-0.008426,-0.049687,-0.125805,0.008622,-0.062914,-0.152887,-0.007592,-0.057176,-0.111633,-0.014182,-0.049259,-0.102925,-0.016526,-0.022284,-0.126703,0.003767,-0.034767,-0.150362,-0.011962,-0.034258,-0.104386,-0.011585,-0.026201,-0.102521,-0.007231,0.006384,-0.121031,-0.005115,-0.00579,-0.145711,-0.021687,-0.009545,-0.101685,-0.011469,-0.003127,-0.097138,-0.000384,0.035388,-0.111237,-0.015285,0.024134,-0.132738,-0.022371,0.016636,-0.102402,-0.012916,0.02057,-0.093684,-0.003767,A
0.0,0.0,0.0,-0.047061,-0.033768,-0.006015,-0.074263,-0.091256,-0.005902,-0.085639,-0.138121,-0.008475,-0.101131,-0.164364,-0.008574,-0.049021,-0.12443,0.01281,-0.058507,-0.154604,-0.003396,-0.054734,-0.118107,-0.011315,-0.049991,-0.105819,-0.014133,-0.021308,-0.126019,0.007901,-0.030622,-0.151533,-0.007414,-0.030698,-0.108462,-0.009016,-0.025129,-0.103189,-0.005879,0.007576,-0.120763,-0.001131,-0.001795,-0.147921,-0.017305,-0.005344,-0.106592,-0.008876,-0.001368,-0.098893,0.001174,0.036819,-0.110643,-0.011309,0.028155,-0.135528,-0.017932,0.020942,-0.106018,-0.008637,0.023455,-0.094922,0.000464,A
0.0,0.0,0.0,-0.046796,-0.032629,-0.005121,-0.07479,-0.08993,-0.004567,-0.085865,-0.136118,-0.006652,-0.100631,-0.161539,-0.006268,-0.050694,-0.122989,0.01175,-0.061372,-0.153909,-0.003634,-0.057056,-0.116715,-0.010772,-0.05154,-0.103328,-0.013175,-0.022707,-0.124778,0.006667,-0.032939,-0.151231,-0.007763,-0.032652,-0.107971,-0.008631,-0.026969,-0.100648,-0.005233,0.006523,-0.119759,-0.002251,-0.00319,-0.147967,-0.017699,-0.006545,-0.105985,-0.009043,-0.002663,-0.095836,0.000961,0.036246,-0.11002,-0.0122,0.027078,-0.135507,-0.018591,0.020044,-0.106224,-0.009396,0.022191,-0.094112,-0.000483,A
0.0,0.0,0.0,-0.046582,-0.033961,-0.005226,-0.072759,-0.092205,-0.004947,-0.08265,-0.139656,-0.007457,-0.097811,-0.165966,-0.007424,-0.048392,-0.124364,0.013,-0.054858,-0.157299,-0.003646,-0.052235,-0.121906,-0.011846,-0.049223,-0.106699,-0.014456,-0.020381,-0.125218,0.007678,-0.027477,-0.154367,-0.007879,-0.027643,-0.110796,-0.009759,-0.022767,-0.103296,-0.006482,0.008929,-0.119275,-0.001643,0.002127,-0.149067,-0.017663,-0.001749,-0.108473,-0.009386,0.000984,-0.099821,0.000733,0.038469,-0.108348,-0.012012,0.032512,-0.13651,-0.018225,0.024753,-0.108313,-0.008647,0.025509,-0.096707,0.000728,A
0.0,0.0,0.0,-0.04664,-0.032914,-0.005394,-0.073433,-0.091561,-0.004747,-0.083053,-0.138473,-0.006644,-0.097126,-0.164733,-0.006018,-0.048776,-0.123356,0.010971,-0.056816,-0.154367,-0.004438,-0.054571,-0.117883,-0.011422,-0.050785,-0.105821,-0.013897,-0.020803,-0.124741,0.005754,-0.028883,-0.153796,-0.009239,-0.029911,-0.109791,-0.00991,-0.023742,-0.103392,-0.00614,0.008664,-0.119147,-0.003281,0.001603,-0.150038,-0.019181,-0.003064,-0.108804,-0.01018,0.000816,-0.100061,0.000198,0.038393,-0.108702,-0.013417,0.033008,-0.136824,-0.020174,0.02436,-0.108774,-0.010901,0.025202,-0.097128,-0.001869,A
0.0,0.0,0.0,-0.046237,-0.032674,-0.006988,-0.070678,-0.094686,-0.00666,-0.080055,-0.142747,-0.008539,-0.095709,-0.168175,-0.007601,-0.046363,-0.127155,0.010787,-0.054977,-0.158785,-0.005532,-0.051523,-0.120305,-0.012623,-0.046444,-0.10799,-0.014673,-0.018037,-0.127933,0.006525,-0.026156,-0.156089,-0.008505,-0.027308,-0.111345,-0.008868,-0.020639,-0.107528,-0.004712,0.011335,-0.120928,-0.001892,0.002957,-0.149268,-0.017528,-0.002193,-0.107855,-0.008243,0.002678,-0.102513,0.002344,0.040227,-0.109701,-0.011576,0.033029,-0.135763,-0.017327,0.023927,-0.107813,-0.007588,0.025933,-0.097962,0.001741,A
0.0,0.0,0.0,-0.045248,-0.032799,-0.007015,-0.069978,-0.093938,-0.007016,-0.079295,-0.142208,-0.009024,-0.094307,-0.167992,-0.008224,-0.047488,-0.127254,0.008598,-0.055944,-0.158552,-0.007374,-0.052859,-0.119182,-0.013928,-0.047865,-0.108253,-0.016081,-0.018861,-0.128021,0.004163,-0.026953,-0.157337,-0.011272,-0.028193,-0.112424,-0.011261,-0.021629,-0.108596,-0.007011,0.010707,-0.121704,-0.004193,0.003045,-0.151845,-0.020415,-0.001719,-0.110138,-0.010688,0.003205,-0.104372,0.000126,0.039882,-0.111071,-0.01379,0.033082,-0.138897,-0.020584,0.024658,-0.11043,-0.011004,0.026767,-0.099653,-0.001797,A
0.0,0.0,0.0,-0.046983,-0.035997,-0.005758,-0.070979,-0.097627,-0.004784,-0.077928,-0.146458,-0.006473,-0.092507,-0.172143,-0.00567,-0.041538,-0.129284,0.012745,-0.049559,-0.161822,-0.002781,-0.046775,-0.122941,-0.009897,-0.042079,-0.109666,-0.01215,-0.013754,-0.129187,0.007774,-0.021871,-0.157235,-0.006893,-0.023469,-0.112578,-0.007759,-0.017433,-0.106361,-0.003993,0.014573,-0.121541,-0.001268,0.005883,-0.150465,-0.016542,0.000855,-0.108487,-0.007439,0.00511,-0.100867,0.002917,0.042933,-0.108636,-0.011492,0.035185,-0.13596,-0.017156,0.026395,-0.106714,-0.007196,0.028714,-0.094981,0.002243,A
0.0,0.0,0.0,-0.04578,-0.036012,-0.006155,-0.070021,-0.097328,-0.00555,-0.077936,-0.144846,-0.007288,-0.091261,-0.170532,-0.006382,-0.043034,-0.128123,0.010186,-0.050255,-0.160825,-0.004494,-0.047719,-0.120221,-0.010501,-0.042648,-0.108852,-0.012551,-0.014707,-0.12759,0.005531,-0.021341,-0.157816,-0.008867,-0.023462,-0.112223,-0.008925,-0.01763,-0.106482,-0.004918,0.01425,-0.120338,-0.002915,0.007318,-0.150951,-0.018034,0.001921,-0.108103,-0.008256,0.006004,-0.100261,0.002314,0.042506,-0.108232,-0.012553,0.036244,-0.136119,-0.018079,0.027614,-0.106978,-0.007998,0.029502,-0.0953,0.001254,A
0.0,0.0,0.0,-0.043551,-0.034424,-0.008331,-0.065503,-0.096756,-0.009569,-0.071644,-0.146565,-0.012617,-0.085741,-0.175578,-0.013245,-0.036406,-0.129298,0.006931,-0.042972,-0.162113,-0.010253,-0.042544,-0.122897,-0.018037,-0.037736,-0.106857,-0.02043,-0.008346,-0.126487,0.003068,-0.014041,-0.156365,-0.012714,-0.018855,-0.112358,-0.013846,-0.013471,-0.103668,-0.010376,0.019526,-0.116921,-0.0048,0.015157,-0.148358,-0.02151,0.006028,-0.107459,-0.012948,0.008323,-0.09706,-0.002873,0.04722,-0.103091,-0.013806,0.041329,-0.13119,-0.0213,0.03109,-0.102033,-0.012078,0.031632,-0.088682,-0.002903,A
0.0,0.0,0.0,-0.043143,-0.033647,-0.008585,-0.065147,-0.095691,-0.010198,-0.071898,-0.144007,-0.013558,-0.08569,-0.172801,-0.014478,-0.036848,-0.128426,0.005664,-0.043879,-0.161766,-0.01108,-0.043373,-0.121758,-0.018444,-0.038853,-0.106153,-0.020917,-0.008399,-0.126383,0.00173,-0.014645,-0.156378,-0.01388,-0.01935,-0.111912,-0.014662,-0.013426,-0.103464,-0.011107,0.020197,-0.117045,-0.006125,0.015569,-0.148858,-0.02279,0.006574,-0.107088,-0.013949,0.00954,-0.09706,-0.003836,0.04847,-0.102992,-0.015186,0.042712,-0.129754,-0.022992,0.032012,-0.101197,-0.014011,0.032423,-0.088984,-0.005117,A
0.0,0.0,0.0,-0.040811,-0.035841,-0.00848,-0.062047,-0.09989,-0.009369,-0.06798,-0.148639,-0.011916,-0.080496,-0.177086,-0.011752,-0.03309,-0.130968,0.006585,-0.03932,-0.163943,-0.010621,-0.038301,-0.12258,-0.017849,-0.033447,-0.109317,-0.020151,-0.005537,-0.127668,0.002643,-0.010082,-0.158123,-0.014717,-0.015257,-0.112113,-0.016011,-0.010904,-0.105194,-0.012112,0.022224,-0.117555,-0.005283,0.019398,-0.147918,-0.023145,0.010333,-0.105651,-0.014297,0.012265,-0.097948,-0.003603,0.049702,-0.103725,-0.014389,0.045354,-0.129636,-0.022586,0.035466,-0.099489,-0.01345,0.036235,-0.088299,-0.004123,A
0.0,0.0,0.0,-0.040529,-0.035715,-0.00831,-0.061839,-0.09972,-0.009388,-0.068289,-0.148767,-0.012109,-0.082088,-0.175911,-0.012222,-0.034334,-0.131179,0.006001,-0.039383,-0.165592,-0.010764,-0.038898,-0.12393,-0.018176,-0.035528,-0.109262,-0.020858,-0.006243,-0.128331,0.002068,-0.0098,-0.160004,-0.014524,-0.014545,-0.112724,-0.015764,-0.010663,-0.104451,-0.012288,0.022389,-0.118425,-0.005681,0.021346,-0.151659,-0.023102,0.012306,-0.107907,-0.013952,0.013619,-0.09775,-0.003343,0.050192,-0.104148,-0.014596,0.048069,-0.131604,-0.022726,0.036994,-0.101157,-0.013381,0.035848,-0.088524,-0.004113,A
0.0,0.0,0.0,-0.040749,-0.036031,-0.008649,-0.059776,-0.101517,-0.009901,-0.063675,-0.153042,-0.012857,-0.076394,-0.18317,-0.013059,-0.030731,-0.134252,0.007635,-0.033711,-0.167886,-0.009674,-0.036319,-0.127261,-0.016853,-0.034722,-0.11406,-0.019055,-0.003249,-0.130006,0.003673,-0.005766,-0.161172,-0.013256,-0.013459,-0.114892,-0.014267,-0.009488,-0.10892,-0.010215,0.024605,-0.118928,-0.004366,0.022962,-0.152202,-0.022476,0.012388,-0.10899,-0.013378,0.014694,-0.100083,-0.002434,0.05213,-0.104028,-0.013568,0.047733,-0.129897,-0.022372,0.036971,-0.099842,-0.013365,0.03853,-0.088658,-0.003932,A
0.0,0.0,0.0,-0.043063,-0.035655,-0.008335,-0.062524,-0.100982,-0.009533,-0.065588,-0.151919,-0.012395,-0.077176,-0.182652,-0.012544,-0.034082,-0.134192,0.006392,-0.036826,-0.169585,-0.01072,-0.038331,-0.128223,-0.018115,-0.036589,-0.113132,-0.020591,-0.005844,-0.131516,0.002276,-0.007991,-0.16409,-0.013766,-0.01432,-0.117644,-0.01453,-0.010129,-0.110209,-0.010722,0.022904,-0.121052,-0.005771,0.021432,-0.155174,-0.022804,0.012089,-0.11122,-0.013444,0.015157,-0.101474,-0.002868,0.050895,-0.106211,-0.015042,0.046063,-0.129707,-0.023268,0.035361,-0.10005,-0.014327,0.036747,-0.089692,-0.005325,A
0.0,0.0,0.0,-0.045218,-0.040867,-0.010155,-0.061454,-0.107945,-0.011103,-0.062802,-0.159532,-0.013554,-0.076394,-0.187965,-0.013125,-0.030971,-0.137229,0.009486,-0.031877,-0.168784,-0.006517,-0.033368,-0.126749,-0.013631,-0.031829,-0.115601,-0.016322,-0.002584,-0.133115,0.006552,-0.003285,-0.161115,-0.009258,-0.01057,-0.114937,-0.010413,-0.007107,-0.111291,-0.006956,0.025207,-0.121101,-0.000673,0.024453,-0.151217,-0.017192,0.0144,-0.109264,-0.008013,0.016626,-0.103273,0.002291,0.051517,-0.105281,-0.009379,0.048629,-0.128,-0.016302,0.037796,-0.099122,-0.006754,0.039298,-0.090246,0.002466,A
0.0,0.0,0.0,-0.045398,-0.040291,-0.0086,-0.062814,-0.106361,-0.009033,-0.065284,-0.156979,-0.011169,-0.077784,-0.185276,-0.010495,-0.033785,-0.134494,0.008437,-0.034758,-0.168635,-0.007403,-0.035794,-0.126861,-0.014197,-0.034771,-0.114598,-0.016662,-0.005551,-0.131665,0.004809,-0.006052,-0.161977,-0.010761,-0.011944,-0.115238,-0.011566,-0.00847,-0.10991,-0.007906,0.022995,-0.120672,-0.002808,0.022747,-0.153001,-0.019126,0.014004,-0.11021,-0.009913,0.016232,-0.102548,0.000364,0.049888,-0.105109,-0.011743,0.047305,-0.128117,-0.0189,0.037329,-0.099313,-0.009703,0.038615,-0.090014,-0.000782,A
0.0,0.0,0.0,-0.042255,-0.039439,-0.00986,-0.059132,-0.104761,-0.010431,-0.060615,-0.156832,-0.012452,-0.071092,-0.188574,-0.011512,-0.031725,-0.134797,0.010375,-0.030646,-0.168509,-0.005204,-0.031838,-0.127408,-0.012144,-0.030966,-0.114103,-0.014454,-0.003179,-0.130906,0.00767,-0.002202,-0.159644,-0.007405,-0.008274,-0.114988,-0.00901,-0.006714,-0.109902,-0.005992,0.024845,-0.120047,0.000752,0.025639,-0.150264,-0.015281,0.017113,-0.108671,-0.006396,0.017418,-0.100928,0.003643,0.051512,-0.105288,-0.007568,0.049946,-0.129198,-0.014182,0.040474,-0.098869,-0.004512,0.040348,-0.088665,0.004772,A
0.0,0.0,0.0,-0.042937,-0.038936,-0.009502,-0.060407,-0.102651,-0.010344,-0.062513,-0.153172,-0.012623,-0.072334,-0.184234,-0.011988,-0.032861,-0.133771,0.008901,-0.032464,-0.167045,-0.006781,-0.033313,-0.126603,-0.013506,-0.032542,-0.114539,-0.015783,-0.004358,-0.130338,0.005929,-0.00384,-0.158875,-0.009002,-0.009749,-0.114649,-0.010112,-0.008099,-0.11096,-0.006906,0.023995,-0.119454,-0.001123,0.024174,-0.149196,-0.017139,0.015831,-0.107735,-0.008116,0.016726,-0.101383,0.001905,0.050592,-0.104337,-0.009539,0.048071,-0.126063,-0.016399,0.038678,-0.096642,-0.007019,0.0391,-0.087587,0.002013,A
0.0,0.0,0.0,-0.04242,-0.039287,-0.012208,-0.057771,-0.105458,-0.01357,-0.05826,-0.158287,-0.015768,-0.067551,-0.192298,-0.014817,-0.029928,-0.135528,0.007919,-0.027473,-0.170549,-0.007939,-0.029255,-0.128387,-0.014668,-0.028935,-0.115596,-0.016876,-0.001305,-0.130735,0.006455,0.000753,-0.162844,-0.009071,-0.006551,-0.11662,-0.010491,-0.004918,-0.111529,-0.007094,0.026314,-0.118701,0.000654,0.028254,-0.151434,-0.015616,0.018352,-0.109456,-0.00662,0.019212,-0.102186,0.00367,0.052147,-0.103298,-0.006726,0.050954,-0.127345,-0.013341,0.040708,-0.098107,-0.003915,0.041108,-0.088354,0.005216,A
0.0,0.0,0.0,-0.042855,-0.040435,-0.01169,-0.058452,-0.10637,-0.013137,-0.059071,-0.15846,-0.015717,-0.068299,-0.191528,-0.015114,-0.029891,-0.135873,0.007804,-0.027671,-0.172818,-0.008504,-0.029279,-0.129755,-0.015489,-0.02918,-0.116267,-0.017863,-0.001321,-0.130994,0.005802,0.000772,-0.163901,-0.009908,-0.006355,-0.117595,-0.011347,-0.005117,-0.112548,-0.008088,0.026434,-0.118811,-0.000528,0.028154,-0.152885,-0.016908,0.018643,-0.110161,-0.007582,0.019493,-0.102522,0.002865,0.052299,-0.102837,-0.008457,0.05117,-0.127692,-0.015254,0.040731,-0.098627,-0.005667,0.040746,-0.088478,0.003549,A
0.0,0.0,0.0,-0.041954,-0.044101,-0.009085,-0.056135,-0.109655,-0.009677,-0.056925,-0.161713,-0.012038,-0.068256,-0.193459,-0.011724,-0.027209,-0.136596,0.010765,-0.02693,-0.171822,-0.004105,-0.028718,-0.130038,-0.010972,-0.02651,-0.116121,-0.013507,-2.2e-05,-0.132239,0.007943,0.000601,-0.164284,-0.006968,-0.006648,-0.118193,-0.008661,-0.00338,-0.11025,-0.005715,0.026673,-0.120683,0.00112,0.027121,-0.15441,-0.014404,0.016996,-0.11297,-0.005575,0.01899,-0.102734,0.004463,0.051868,-0.105322,-0.007076,0.050252,-0.132838,-0.012877,0.038657,-0.104405,-0.003082,0.038872,-0.091741,0.006149,A
0.0,0.0,0.0,-0.042116,-0.042425,-0.009242,-0.057143,-0.107261,-0.010132,-0.057851,-0.159322,-0.012841,-0.068608,-0.191788,-0.012845,-0.028174,-0.134834,0.010567,-0.026309,-0.171275,-0.005595,-0.028882,-0.130251,-0.01324,-0.028799,-0.114629,-0.015857,-0.000726,-0.130718,0.007504,0.0015,-0.163538,-0.008188,-0.005615,-0.118134,-0.010403,-0.004482,-0.11015,-0.007558,0.026256,-0.119683,0.000281,0.027963,-0.153643,-0.015988,0.018814,-0.112369,-0.007651,0.019142,-0.102768,0.0023,0.051453,-0.104396,-0.008283,0.051238,-0.132349,-0.014653,0.040625,-0.103454,-0.005014,0.03959,-0.090909,0.00429,A
0.0,0.0,0.0,-0.040513,-0.041027,-0.007364,-0.054849,-0.107282,-0.007093,-0.054628,-0.158897,-0.009052,-0.066432,-0.190747,-0.008755,-0.026344,-0.135214,0.01255,-0.023611,-0.172525,-0.003325,-0.028115,-0.134394,-0.011702,-0.028799,-0.114768,-0.014471,-0.000322,-0.130863,0.008819,0.003314,-0.165727,-0.006448,-0.005711,-0.122801,-0.009674,-0.005946,-0.109181,-0.007392,0.025269,-0.119884,0.001125,0.027922,-0.154214,-0.014358,0.01664,-0.115239,-0.007365,0.014831,-0.101138,0.001645,0.049886,-0.104764,-0.007722,0.050538,-0.13606,-0.013589,0.038387,-0.107654,-0.004296,0.034825,-0.091962,0.004733,A
0.0,0.0,0.0,-0.040656,-0.042809,-0.006653,-0.054994,-0.108264,-0.006056,-0.05488,-0.15885,-0.007997,-0.066189,-0.190967,-0.007721,-0.024494,-0.135702,0.013955,-0.023315,-0.173118,-0.001407,-0.028566,-0.135291,-0.00951,-0.02859,-0.115547,-0.012154,0.00102,-0.13112,0.010007,0.002924,-0.165811,-0.004745,-0.006792,-0.122968,-0.007757,-0.005637,-0.10921,-0.005436,0.026208,-0.119791,0.002069,0.027866,-0.155714,-0.01322,0.015213,-0.116509,-0.006329,0.013925,-0.101231,0.002654,0.050768,-0.104205,-0.006971,0.050391,-0.13681,-0.012951,0.036954,-0.109255,-0.00396,0.03341,-0.092839,0.004944,A
0.0,0.0,0.0,-0.040857,-0.039152,-0.007417,-0.055583,-0.105516,-0.006838,-0.056514,-0.155451,-0.007932,-0.06945,-0.183879,-0.006583,-0.028208,-0.136001,0.009972,-0.024138,-0.170887,-0.005354,-0.027071,-0.131362,-0.012879,-0.028054,-0.113937,-0.015305,-0.001857,-0.132534,0.006443,0.004033,-0.165556,-0.008758,-0.003154,-0.120571,-0.011178,-0.004767,-0.107702,-0.00839,0.02387,-0.121875,-0.000681,0.028481,-0.153533,-0.016567,0.019635,-0.112489,-0.009057,0.017163,-0.099333,0.000328,0.047735,-0.106636,-0.008797,0.049778,-0.13458,-0.015087,0.039267,-0.104403,-0.005598,0.035719,-0.090251,0.00361,A
0.0,0.0,0.0,-0.041569,-0.039475,-0.009153,-0.056534,-0.106662,-0.009168,-0.057836,-0.156177,-0.010496,-0.070457,-0.185205,-0.009167,-0.029272,-0.137956,0.009437,-0.02404,-0.170592,-0.005942,-0.026738,-0.129622,-0.013435,-0.028458,-0.113657,-0.016019,-0.002314,-0.13468,0.006562,0.003927,-0.166235,-0.009088,-0.003497,-0.119717,-0.011391,-0.005388,-0.108753,-0.008356,0.02363,-0.123322,-0.000138,0.028932,-0.153177,-0.016237,0.019779,-0.11099,-0.008237,0.017142,-0.099737,0.001516,0.047318,-0.107357,-0.008026,0.049551,-0.132681,-0.014254,0.039169,-0.101967,-0.0045,0.036096,-0.089687,0.004908,A
0.0,0.0,0.0,-0.040314,-0.036715,-0.007902,-0.059137,-0.10052,-0.008332,-0.06259,-0.150403,-0.010171,-0.076222,-0.177094,-0.009531,-0.033285,-0.128235,0.006752,-0.029902,-0.16645,-0.00935,-0.028845,-0.128148,-0.01752,-0.02926,-0.10854,-0.020201,-0.006879,-0.126506,0.00342,-0.001393,-0.161564,-0.01263,-0.003522,-0.118855,-0.015815,-0.005992,-0.103386,-0.013647,0.018794,-0.118879,-0.003296,0.02285,-0.150321,-0.019235,0.018876,-0.110672,-0.012185,0.015812,-0.095253,-0.003227,0.042533,-0.106638,-0.010991,0.044407,-0.134185,-0.017243,0.037896,-0.104504,-0.008156,0.034497,-0.090129,0.000598,A
0.0,0.0,0.0,-0.040202,-0.035644,-0.008419,-0.05861,-0.098957,-0.009016,-0.062123,-0.147978,-0.011026,-0.076163,-0.175182,-0.010544,-0.032811,-0.129356,0.007507,-0.030275,-0.16528,-0.008795,-0.029925,-0.126696,-0.017261,-0.029942,-0.106741,-0.020017,-0.006522,-0.127123,0.004426,-0.001931,-0.160171,-0.01169,-0.004997,-0.116877,-0.014762,-0.006753,-0.101296,-0.012333,0.019031,-0.118632,-0.002277,0.022812,-0.148578,-0.01797,0.017658,-0.109085,-0.010796,0.014848,-0.093753,-0.0017,0.042861,-0.105852,-0.01007,0.044751,-0.132609,-0.015937,0.037457,-0.103209,-0.006761,0.03401,-0.089188,0.002128,A
0.0,0.0,0.0,-0.034737,-0.035161,-0.005805,-0.052809,-0.099001,-0.005799,-0.059548,-0.143538,-0.007788,-0.076124,-0.166091,-0.008178,-0.025421,-0.13122,0.008931,-0.02597,-0.160634,-0.007071,-0.027231,-0.128423,-0.017068,-0.026012,-0.10687,-0.021312,-0.000149,-0.127267,0.003788,0.001255,-0.158196,-0.01237,-0.00383,-0.117101,-0.016921,-0.004641,-0.09625,-0.015501,0.02428,-0.116696,-0.004584,0.025594,-0.14457,-0.019699,0.017666,-0.106859,-0.013714,0.014355,-0.089418,-0.005692,0.047289,-0.100086,-0.013925,0.048185,-0.124927,-0.020125,0.03792,-0.096507,-0.011683,0.032602,-0.08126,-0.00354,A
0.0,0.0,0.0,-0.035588,-0.032405,-0.008264,-0.053756,-0.097353,-0.008732,-0.060215,-0.142712,-0.010498,-0.075914,-0.166706,-0.010355,-0.026351,-0.129707,0.007682,-0.024338,-0.156046,-0.007643,-0.025112,-0.123401,-0.017053,-0.024908,-0.105067,-0.021307,-0.000884,-0.126767,0.003953,0.001987,-0.155524,-0.011841,-0.002565,-0.115363,-0.015967,-0.003725,-0.09837,-0.014425,0.023434,-0.116456,-0.003226,0.027657,-0.141267,-0.018607,0.019771,-0.103647,-0.012682,0.015599,-0.088291,-0.004737,0.045673,-0.100165,-0.011569,0.049304,-0.120528,-0.018281,0.039583,-0.091819,-0.010539,0.034386,-0.078763,-0.002926,A
0.0,0.0,0.0,-0.040165,-0.033724,-0.009362,-0.062175,-0.099327,-0.009936,-0.071732,-0.144326,-0.01126,-0.089989,-0.161734,-0.009893,-0.034582,-0.124163,0.00276,-0.037964,-0.157337,-0.011839,-0.03466,-0.116991,-0.017577,-0.031832,-0.102065,-0.019415,-0.008275,-0.1221,-0.000132,-0.009612,-0.156742,-0.016824,-0.010031,-0.110161,-0.018266,-0.008326,-0.095806,-0.014303,0.017059,-0.111709,-0.006174,0.016487,-0.144364,-0.022427,0.012564,-0.102354,-0.014451,0.012273,-0.089058,-0.0046,0.040146,-0.096541,-0.013252,0.039037,-0.120379,-0.020616,0.031836,-0.092081,-0.012467,0.030449,-0.080575,-0.004259,A
0.0,0.0,0.0,-0.039908,-0.034753,-0.009078,-0.062899,-0.098047,-0.010088,-0.073443,-0.14241,-0.012257,-0.090575,-0.161891,-0.011874,-0.03392,-0.124829,0.003896,-0.038274,-0.158399,-0.011127,-0.034836,-0.117909,-0.017773,-0.032055,-0.10181,-0.020262,-0.008122,-0.123123,0.00082,-0.010927,-0.156508,-0.015629,-0.011578,-0.109969,-0.01728,-0.009119,-0.096536,-0.013934,0.016802,-0.112911,-0.005561,0.015373,-0.144283,-0.021556,0.010796,-0.102004,-0.013097,0.011439,-0.088511,-0.003186,0.039885,-0.097856,-0.013045,0.038552,-0.121231,-0.019813,0.031143,-0.092594,-0.010963,0.030854,-0.081086,-0.002449,A
0.0,0.0,0.0,-0.039705,-0.031951,-0.008041,-0.064439,-0.095262,-0.008211,-0.076052,-0.138446,-0.010067,-0.094895,-0.155195,-0.009726,-0.035299,-0.123383,0.006174,-0.040203,-0.155352,-0.009347,-0.040143,-0.118727,-0.016698,-0.037691,-0.102619,-0.019409,-0.009977,-0.121861,0.002338,-0.012978,-0.155656,-0.01524,-0.016747,-0.111078,-0.017631,-0.013433,-0.095058,-0.014018,0.014755,-0.112563,-0.00496,0.012774,-0.143664,-0.022337,0.005859,-0.10302,-0.015596,0.007075,-0.088584,-0.006022,0.03871,-0.098427,-0.013251,0.037242,-0.124105,-0.020676,0.027347,-0.09694,-0.012869,0.025684,-0.083909,-0.00478,A
0.0,0.0,0.0,-0.040326,-0.030822,-0.00762,-0.065045,-0.093569,-0.007347,-0.07659,-0.136353,-0.008618,-0.094938,-0.15319,-0.007769,-0.035053,-0.122026,0.006416,-0.040504,-0.153694,-0.007852,-0.039499,-0.116798,-0.014872,-0.036748,-0.100713,-0.017593,-0.010027,-0.121367,0.002804,-0.013519,-0.155372,-0.01317,-0.016371,-0.110889,-0.015066,-0.012586,-0.095424,-0.011509,0.014391,-0.111732,-0.004103,0.012307,-0.143641,-0.019431,0.005878,-0.103496,-0.012152,0.00751,-0.089209,-0.00292,0.03771,-0.097073,-0.012057,0.036395,-0.120986,-0.018067,0.026966,-0.094219,-0.010012,0.025906,-0.082014,-0.002211,A
0.0,0.0,0.0,-0.041356,-0.03279,-0.008246,-0.068312,-0.092398,-0.009469,-0.082835,-0.134355,-0.011988,-0.101801,-0.150523,-0.011664,-0.040044,-0.122776,0.002827,-0.04845,-0.154719,-0.012811,-0.044597,-0.112792,-0.018157,-0.040925,-0.10371,-0.019912,-0.013261,-0.121885,-0.00096,-0.019871,-0.153269,-0.018722,-0.020536,-0.104322,-0.018739,-0.016708,-0.097442,-0.013825,0.013833,-0.112239,-0.007988,0.008658,-0.142362,-0.024898,0.005202,-0.097751,-0.014479,0.00845,-0.091225,-0.003008,0.03974,-0.097977,-0.016037,0.035262,-0.120544,-0.022675,0.028288,-0.091219,-0.012679,0.029806,-0.083793,-0.003244,A
0.0,0.0,0.0,-0.042322,-0.033602,-0.007606,-0.068817,-0.094116,-0.007496,-0.082786,-0.136226,-0.008928,-0.101473,-0.15094,-0.007655,-0.03904,-0.122663,0.006153,-0.047033,-0.15474,-0.008332,-0.043622,-0.113489,-0.013732,-0.03997,-0.103549,-0.015617,-0.012452,-0.122688,0.002352,-0.019434,-0.153166,-0.013904,-0.020474,-0.10533,-0.014186,-0.0158,-0.098689,-0.009788,0.014207,-0.113867,-0.004844,0.008476,-0.143622,-0.021066,0.00417,-0.098996,-0.011295,0.007455,-0.091695,-0.000414,0.039554,-0.100072,-0.01308,0.0354,-0.123456,-0.018894,0.027032,-0.093556,-0.008926,0.028213,-0.08452,0.000203,A
0.0,0.0,0.0,-0.042509,-0.031838,-0.009632,-0.069135,-0.091825,-0.010953,-0.084218,-0.135555,-0.013438,-0.105002,-0.150446,-0.012792,-0.043275,-0.123653,0.004421,-0.052258,-0.155992,-0.01153,-0.046833,-0.113799,-0.017435,-0.042162,-0.106425,-0.01978,-0.016111,-0.123775,0.001188,-0.023762,-0.153577,-0.015857,-0.023647,-0.105933,-0.015893,-0.019022,-0.104418,-0.011497,0.011205,-0.115407,-0.005797,0.004702,-0.144981,-0.02319,0.001446,-0.100528,-0.012775,0.005901,-0.097485,-0.001399,0.036947,-0.102779,-0.014055,0.031926,-0.124961,-0.021398,0.025586,-0.095517,-0.011729,0.028901,-0.089563,-0.002543,A
0.0,0.0,0.0,-0.043579,-0.033504,-0.010026,-0.070269,-0.093642,-0.011397,-0.08558,-0.137317,-0.01404,-0.105826,-0.152433,-0.013626,-0.04465,-0.123393,0.005412,-0.052774,-0.155865,-0.011064,-0.046554,-0.114833,-0.017708,-0.042912,-0.107462,-0.020456,-0.017019,-0.123629,0.002187,-0.024713,-0.153567,-0.015652,-0.023655,-0.106525,-0.016919,-0.019788,-0.104865,-0.01326,0.010976,-0.115362,-0.004916,0.004406,-0.144835,-0.023051,0.001497,-0.100724,-0.013698,0.004813,-0.097953,-0.002863,0.03724,-0.102773,-0.01329,0.032258,-0.12425,-0.020896,0.026503,-0.0949,-0.011677,0.029941,-0.089019,-0.002826,A
0.0,0.0,0.0,-0.043888,-0.033798,-0.009477,-0.072055,-0.09449,-0.009909,-0.088601,-0.136905,-0.011666,-0.108864,-0.150558,-0.010246,-0.046118,-0.123441,0.007017,-0.054255,-0.154416,-0.008307,-0.047745,-0.112328,-0.01439,-0.043636,-0.104829,-0.016957,-0.019209,-0.124639,0.003854,-0.026441,-0.153583,-0.013472,-0.025476,-0.104998,-0.014562,-0.021999,-0.102671,-0.010738,0.008383,-0.117238,-0.00313,0.002787,-0.146202,-0.020691,0.000203,-0.100557,-0.011146,0.003555,-0.096912,-0.000197,0.034372,-0.105603,-0.011406,0.030763,-0.125803,-0.01834,0.024774,-0.095909,-0.008982,0.027423,-0.09042,-0.00014,A
0.0,0.0,0.0,-0.045443,-0.033681,-0.010307,-0.072976,-0.096011,-0.011085,-0.089275,-0.137942,-0.012708,-0.110244,-0.150809,-0.010968,-0.048683,-0.124704,0.004711,-0.054728,-0.154503,-0.010085,-0.046903,-0.111484,-0.015834,-0.043775,-0.105996,-0.018527,-0.021083,-0.12609,0.002315,-0.027568,-0.154619,-0.014721,-0.025483,-0.105567,-0.015375,-0.022463,-0.104543,-0.011517,0.006894,-0.118455,-0.003701,0.001652,-0.146738,-0.020151,-0.000282,-0.101838,-0.010004,0.002602,-0.099122,0.000871,0.032546,-0.10712,-0.011113,0.02962,-0.126202,-0.016922,0.02381,-0.097407,-0.007402,0.026252,-0.093183,0.00117,A
0.0,0.0,0.0,-0.04531,-0.033179,-0.009955,-0.072385,-0.091188,-0.011775,-0.088554,-0.132312,-0.015084,-0.109538,-0.147353,-0.015467,-0.046279,-0.119454,0.005016,-0.055604,-0.150489,-0.01117,-0.047663,-0.110542,-0.018065,-0.042487,-0.103665,-0.021119,-0.01924,-0.120138,0.001563,-0.027285,-0.150005,-0.016175,-0.025563,-0.103934,-0.017434,-0.021035,-0.101304,-0.014002,0.008259,-0.112559,-0.005676,0.001963,-0.143428,-0.023254,-0.000604,-0.100298,-0.013252,0.002742,-0.095511,-0.002292,0.034103,-0.100465,-0.014326,0.030872,-0.123809,-0.021356,0.023485,-0.094184,-0.011534,0.024558,-0.085651,-0.002507,A
